file_name,split,width,height,resolution,quality,format,venue,has_carpet,image_mode
data/train/video_3_Good_frame_00000 (122).jpg,train,1920,935,1920x935,HD-Ready,JPEG,Unknown,unknown,RGB
data/train/video_9_goodframe_00000 (3).jpg,train,1920,900,1920x900,HD-Ready,JPEG,Unknown,unknown,RGB
data/train/img27.jpg,train,1280,669,1280x669,SD,JPEG,Unknown,unknown,RGB
data/train/vid3_frame_1017.jpg,train,1920,990,1920x990,HD-Ready,JPEG,Unknown,unknown,RGB
data/train/video_7.mp4_frame_00545.jpg,train,1920,930,1920x930,HD-Ready,JPEG,Unknown,unknown,RGB
data/train/video_1.mp4_frame_00445.jpg,train,1920,932,1920x932,HD-Ready,JPEG,Unknown,unknown,RGB
data/train/video_8_good_frame_00000 (34).jpg,train,1920,1080,1920x1080,HD,JPEG,Unknown,unknown,RGB
data/train/video_13.mp4_frame_00382.jpg,train,1920,940,1920x940,HD-Ready,JPEG,Unknown,unknown,RGB
data/train/video_8_good_frame_00000 (54).jpg,train,1920,1080,1920x1080,HD,JPEG,Unknown,unknown,RGB
data/train/vid4_frame_3829.jpg,train,1920,990,1920x990,HD-Ready,JPEG,Unknown,unknown,RGB
data/train/video_1.mp4_frame_00000.jpg,train,1920,932,1920x932,HD-Ready,JPEG,Unknown,unknown,RGB
data/train/vid4_frame_4427.jpg,train,1920,990,1920x990,HD-Ready,JPEG,Unknown,unknown,RGB
data/train/vid10.mp4_frame_00653.jpg,train,1920,990,1920x990,HD-Ready,JPEG,Unknown,unknown,RGB
data/train/video_4.mp4_frame_00497.jpg,train,1920,932,1920x932,HD-Ready,JPEG,Unknown,unknown,RGB
data/train/vid4_frame_3830.jpg,train,1920,990,1920x990,HD-Ready,JPEG,Unknown,unknown,RGB
data/train/video_9.mp4_frame_00565.jpg,train,1920,900,1920x900,HD-Ready,JPEG,Unknown,unknown,RGB
data/train/video_11.mp4_frame_00237.jpg,train,1920,900,1920x900,HD-Ready,JPEG,Unknown,unknown,RGB
data/train/IMG_ (56).jpg,train,1921,1080,1921x1080,HD,JPEG,Unknown,unknown,RGB
data/train/video_8_good_frame_00000 (42).jpg,train,1920,1080,1920x1080,HD,JPEG,Unknown,unknown,RGB
data/train/video_4.mp4_frame_00145.jpg,train,1920,932,1920x932,HD-Ready,JPEG,Unknown,unknown,RGB
data/train/video_4.mp4_frame_00311.jpg,train,1920,932,1920x932,HD-Ready,JPEG,Unknown,unknown,RGB
data/train/video_4.mp4_frame_00374.jpg,train,1920,932,1920x932,HD-Ready,JPEG,Unknown,unknown,RGB
data/train/video_9.mp4_frame_00722.jpg,train,1920,900,1920x900,HD-Ready,JPEG,Unknown,unknown,RGB
data/train/video_1.mp4_frame_00240.jpg,train,1920,932,1920x932,HD-Ready,JPEG,Unknown,unknown,RGB
data/train/vid4_frame_4525.jpg,train,1920,990,1920x990,HD-Ready,JPEG,Unknown,unknown,RGB
data/train/video_13_Good_frame_00000 (111).jpg,train,1920,940,1920x940,HD-Ready,JPEG,Unknown,unknown,RGB
data/train/vid10.mp4_frame_01275.jpg,train,1920,990,1920x990,HD-Ready,JPEG,Unknown,unknown,RGB
data/train/vid4_frame_5275.jpg,train,1920,990,1920x990,HD-Ready,JPEG,Unknown,unknown,RGB
data/train/vid14.mp4_frame_00568.jpg,train,1920,990,1920x990,HD-Ready,JPEG,Unknown,unknown,RGB
data/train/video_13.mp4_frame_00327.jpg,train,1920,940,1920x940,HD-Ready,JPEG,Unknown,unknown,RGB
data/train/video_8_good_frame_00000 (36).jpg,train,1920,1080,1920x1080,HD,JPEG,Unknown,unknown,RGB
data/train/vid4_frame_2498.jpg,train,1920,990,1920x990,HD-Ready,JPEG,Unknown,unknown,RGB
data/train/video_13_Good_frame_00000 (130).jpg,train,1920,940,1920x940,HD-Ready,JPEG,Unknown,unknown,RGB
data/train/video_4.mp4_frame_00045.jpg,train,1920,932,1920x932,HD-Ready,JPEG,Unknown,unknown,RGB
data/train/img127.jpeg,train,1600,612,1600x612,HD-Ready,JPEG,Unknown,unknown,RGB
data/train/vid4_frame_1363.jpg,train,1920,990,1920x990,HD-Ready,JPEG,Unknown,unknown,RGB
data/train/video_1.mp4_frame_00267.jpg,train,1920,932,1920x932,HD-Ready,JPEG,Unknown,unknown,RGB
data/train/video_7.mp4_frame_00275.jpg,train,1920,936,1920x936,HD-Ready,JPEG,Unknown,unknown,RGB
data/train/video_13.mp4_frame_00312.jpg,train,1920,940,1920x940,HD-Ready,JPEG,Unknown,unknown,RGB
data/train/video_9.mp4_frame_00464.jpg,train,1920,900,1920x900,HD-Ready,JPEG,Unknown,unknown,RGB
data/train/vid4_frame_2719.jpg,train,1920,990,1920x990,HD-Ready,JPEG,Unknown,unknown,RGB
data/train/video_7.mp4_frame_00211.jpg,train,1920,936,1920x936,HD-Ready,JPEG,Unknown,unknown,RGB
data/train/video_4.mp4_frame_00284.jpg,train,1920,932,1920x932,HD-Ready,JPEG,Unknown,unknown,RGB
data/train/video_7.mp4_frame_00224.jpg,train,1920,936,1920x936,HD-Ready,JPEG,Unknown,unknown,RGB
data/train/video_1.mp4_frame_00089.jpg,train,1920,932,1920x932,HD-Ready,JPEG,Unknown,unknown,RGB
data/train/video_5.mp4_frame_00018.jpg,train,1920,945,1920x945,HD-Ready,JPEG,Unknown,unknown,RGB
data/train/video_5.mp4_frame_00140.jpg,train,1920,945,1920x945,HD-Ready,JPEG,Unknown,unknown,RGB
data/train/video_7.mp4_frame_00150.jpg,train,1920,930,1920x930,HD-Ready,JPEG,Unknown,unknown,RGB
data/train/video_13.mp4_frame_00149.jpg,train,1920,940,1920x940,HD-Ready,JPEG,Unknown,unknown,RGB
data/train/video_4.mp4_frame_00112.jpg,train,1920,932,1920x932,HD-Ready,JPEG,Unknown,unknown,RGB
data/train/video_4.mp4_frame_00118.jpg,train,1920,932,1920x932,HD-Ready,JPEG,Unknown,unknown,RGB
data/train/vid3_frame_1041.jpg,train,1920,990,1920x990,HD-Ready,JPEG,Unknown,unknown,RGB
data/train/video_3_Good_frame_00000 (86).jpg,train,1920,935,1920x935,HD-Ready,JPEG,Unknown,unknown,RGB
data/train/IMG_ (156).jpg,train,1934,1080,1934x1080,HD,JPEG,Unknown,unknown,RGB
data/train/video_13.mp4_frame_00232.jpg,train,1920,940,1920x940,HD-Ready,JPEG,Unknown,unknown,RGB
data/train/vid4_frame_5161.jpg,train,1920,990,1920x990,HD-Ready,JPEG,Unknown,unknown,RGB
data/train/IMG_ (122).jpg,train,1922,1080,1922x1080,HD,JPEG,Unknown,unknown,RGB
data/train/IMG_ (51).jpg,train,1930,1080,1930x1080,HD,JPEG,Unknown,unknown,RGB
data/train/vid2_frame_0419.jpg,train,1920,1080,1920x1080,HD,JPEG,Unknown,unknown,RGB
data/train/video_4.mp4_frame_00403.jpg,train,1920,932,1920x932,HD-Ready,JPEG,Unknown,unknown,RGB
data/train/video_4.mp4_frame_00271.jpg,train,1920,932,1920x932,HD-Ready,JPEG,Unknown,unknown,RGB
data/train/img128.jpeg,train,1600,604,1600x604,HD-Ready,JPEG,Unknown,unknown,RGB
data/train/video_7.mp4_frame_00335.jpg,train,1920,936,1920x936,HD-Ready,JPEG,Unknown,unknown,RGB
data/train/vid4_frame_3281.jpg,train,1920,990,1920x990,HD-Ready,JPEG,Unknown,unknown,RGB
data/train/video_7.mp4_frame_00074.jpg,train,1920,930,1920x930,HD-Ready,JPEG,Unknown,unknown,RGB
data/train/video_13_Good_frame_00000 (92).jpg,train,1920,940,1920x940,HD-Ready,JPEG,Unknown,unknown,RGB
data/train/img14.jpg,train,1600,1200,1600x1200,HD-Ready,JPEG,Unknown,unknown,RGB
data/train/video_7.mp4_frame_00043.jpg,train,1920,930,1920x930,HD-Ready,JPEG,Unknown,unknown,RGB
data/train/video_13_Good_frame_00000 (121).jpg,train,1920,940,1920x940,HD-Ready,JPEG,Unknown,unknown,RGB
data/train/video_2.mp4_frame_00082.jpg,train,1920,932,1920x932,HD-Ready,JPEG,Unknown,unknown,RGB
data/train/video_1.mp4_frame_00125.jpg,train,1920,932,1920x932,HD-Ready,JPEG,Unknown,unknown,RGB
data/train/vid4_frame_2009.jpg,train,1920,990,1920x990,HD-Ready,JPEG,Unknown,unknown,RGB
data/train/img1.jpg,train,1280,647,1280x647,SD,JPEG,Unknown,unknown,RGB
data/train/vid4_frame_5070.jpg,train,1920,990,1920x990,HD-Ready,JPEG,Unknown,unknown,RGB
data/train/vid2_frame_0448.jpg,train,1920,1080,1920x1080,HD,JPEG,Unknown,unknown,RGB
data/train/video_7.mp4_frame_00228.jpg,train,1920,936,1920x936,HD-Ready,JPEG,Unknown,unknown,RGB
data/train/vid7.mp4_frame_02770.jpg,train,1920,905,1920x905,HD-Ready,JPEG,Unknown,unknown,RGB
data/train/video_5.mp4_frame_00037.jpg,train,1920,945,1920x945,HD-Ready,JPEG,Unknown,unknown,RGB
data/train/IMG_ (153).jpg,train,4096,2318,4096x2318,HD,JPEG,Unknown,unknown,RGB
data/train/video_4.mp4_frame_00185.jpg,train,1920,932,1920x932,HD-Ready,JPEG,Unknown,unknown,RGB
data/train/video_13.mp4_frame_00141.jpg,train,1920,940,1920x940,HD-Ready,JPEG,Unknown,unknown,RGB
data/train/video_13.mp4_frame_00257.jpg,train,1920,940,1920x940,HD-Ready,JPEG,Unknown,unknown,RGB
data/train/vid4_frame_5148.jpg,train,1920,990,1920x990,HD-Ready,JPEG,Unknown,unknown,RGB
data/train/video_1.mp4_frame_00040.jpg,train,1920,932,1920x932,HD-Ready,JPEG,Unknown,unknown,RGB
data/train/video_1.mp4_frame_00094.jpg,train,1920,932,1920x932,HD-Ready,JPEG,Unknown,unknown,RGB
data/train/video_11.mp4_frame_00092.jpg,train,1920,900,1920x900,HD-Ready,JPEG,Unknown,unknown,RGB
data/train/video_4.mp4_frame_00240.jpg,train,1920,932,1920x932,HD-Ready,JPEG,Unknown,unknown,RGB
data/train/video_3_Good_frame_00000 (106).jpg,train,1920,935,1920x935,HD-Ready,JPEG,Unknown,unknown,RGB
data/train/video_7.mp4_frame_00683.jpg,train,1920,930,1920x930,HD-Ready,JPEG,Unknown,unknown,RGB
data/train/video_5.mp4_frame_00148.jpg,train,1920,945,1920x945,HD-Ready,JPEG,Unknown,unknown,RGB
data/train/vid6.mp4_frame_02508.jpg,train,1920,930,1920x930,HD-Ready,JPEG,Unknown,unknown,RGB
data/train/vid3_frame_0710.jpg,train,1920,990,1920x990,HD-Ready,JPEG,Unknown,unknown,RGB
data/train/vid4_frame_1511.jpg,train,1920,990,1920x990,HD-Ready,JPEG,Unknown,unknown,RGB
data/train/video_8.mp4_frame_00008.jpg,train,1920,1080,1920x1080,HD,JPEG,Unknown,unknown,RGB
data/train/video_2.mp4_frame_00078.jpg,train,1920,932,1920x932,HD-Ready,JPEG,Unknown,unknown,RGB
data/train/vid4_frame_1370.jpg,train,1920,990,1920x990,HD-Ready,JPEG,Unknown,unknown,RGB
data/train/video_1.mp4_frame_00232.jpg,train,1920,932,1920x932,HD-Ready,JPEG,Unknown,unknown,RGB
data/train/IMG_ (89).jpg,train,1923,1080,1923x1080,HD,JPEG,Unknown,unknown,RGB
data/train/img145.jpg,train,1907,928,1907x928,HD-Ready,JPEG,Unknown,unknown,RGB
data/train/IMG_ (151).jpg,train,1925,1080,1925x1080,HD,JPEG,Unknown,unknown,RGB
data/train/video_3_Good_frame_00000 (45).jpg,train,1920,935,1920x935,HD-Ready,JPEG,Unknown,unknown,RGB
data/train/video_13.mp4_frame_00311.jpg,train,1920,940,1920x940,HD-Ready,JPEG,Unknown,unknown,RGB
data/train/video_5.mp4_frame_00114.jpg,train,1920,945,1920x945,HD-Ready,JPEG,Unknown,unknown,RGB
data/train/video_11.mp4_frame_00143.jpg,train,1920,900,1920x900,HD-Ready,JPEG,Unknown,unknown,RGB
data/train/video_3.mp4_frame_00278.jpg,train,1920,935,1920x935,HD-Ready,JPEG,Unknown,unknown,RGB
data/train/video_4.mp4_frame_00078.jpg,train,1920,932,1920x932,HD-Ready,JPEG,Unknown,unknown,RGB
data/train/IMG_ (92).jpg,train,1935,1080,1935x1080,HD,JPEG,Unknown,unknown,RGB
data/train/video_5.mp4_frame_00111.jpg,train,1920,945,1920x945,HD-Ready,JPEG,Unknown,unknown,RGB
data/train/video_5.mp4_frame_00045.jpg,train,1920,945,1920x945,HD-Ready,JPEG,Unknown,unknown,RGB
data/train/video_3.mp4_frame_00161.jpg,train,1920,935,1920x935,HD-Ready,JPEG,Unknown,unknown,RGB
data/train/vid5.mp4_frame_02407.jpg,train,1920,1080,1920x1080,HD,JPEG,Unknown,unknown,RGB
data/train/video_4.mp4_frame_00205.jpg,train,1920,932,1920x932,HD-Ready,JPEG,Unknown,unknown,RGB
data/train/video_7.mp4_frame_00089.jpg,train,1920,930,1920x930,HD-Ready,JPEG,Unknown,unknown,RGB
data/train/vid2_frame_0571.jpg,train,1920,1080,1920x1080,HD,JPEG,Unknown,unknown,RGB
data/train/vid4_frame_2766.jpg,train,1920,990,1920x990,HD-Ready,JPEG,Unknown,unknown,RGB
data/train/video_11.mp4_frame_00191.jpg,train,1920,900,1920x900,HD-Ready,JPEG,Unknown,unknown,RGB
data/train/video_13.mp4_frame_00313.jpg,train,1920,940,1920x940,HD-Ready,JPEG,Unknown,unknown,RGB
data/train/IMG_ (96).jpg,train,1924,1080,1924x1080,HD,JPEG,Unknown,unknown,RGB
data/train/video_9.mp4_frame_00509.jpg,train,1920,900,1920x900,HD-Ready,JPEG,Unknown,unknown,RGB
data/train/video_1.mp4_frame_00139.jpg,train,1920,932,1920x932,HD-Ready,JPEG,Unknown,unknown,RGB
data/train/video_3_Good_frame_00000 (92).jpg,train,1920,935,1920x935,HD-Ready,JPEG,Unknown,unknown,RGB
data/train/vid1_frame_0221.jpg,train,3840,1879,3840x1879,HD,JPEG,Unknown,unknown,RGB
data/train/vid6.mp4_frame_02642.jpg,train,1920,930,1920x930,HD-Ready,JPEG,Unknown,unknown,RGB
data/train/vid10.mp4_frame_00317.jpg,train,1920,990,1920x990,HD-Ready,JPEG,Unknown,unknown,RGB
data/train/vid2_frame_0566.jpg,train,1920,1080,1920x1080,HD,JPEG,Unknown,unknown,RGB
data/train/vid2_frame_0587.jpg,train,1920,1080,1920x1080,HD,JPEG,Unknown,unknown,RGB
data/train/vid4_frame_4803.jpg,train,1920,990,1920x990,HD-Ready,JPEG,Unknown,unknown,RGB
data/train/video_3_Good_frame_00000 (21).jpg,train,1920,935,1920x935,HD-Ready,JPEG,Unknown,unknown,RGB
data/train/vid3_frame_1003.jpg,train,1920,990,1920x990,HD-Ready,JPEG,Unknown,unknown,RGB
data/train/video_7.mp4_frame_00296.jpg,train,1920,936,1920x936,HD-Ready,JPEG,Unknown,unknown,RGB
data/train/vid1_frame_0282.jpg,train,3840,1879,3840x1879,HD,JPEG,Unknown,unknown,RGB
data/train/img44.jpg,train,1280,596,1280x596,SD,JPEG,Unknown,unknown,RGB
data/train/video_11.mp4_frame_00129.jpg,train,1920,900,1920x900,HD-Ready,JPEG,Unknown,unknown,RGB
data/train/img272.jpg,train,1914,1080,1914x1080,HD-Ready,JPEG,Unknown,unknown,RGB
data/train/IMG_ (48).jpg,train,1919,1080,1919x1080,HD-Ready,JPEG,Unknown,unknown,RGB
data/train/vid1_frame_0219.jpg,train,3840,1879,3840x1879,HD,JPEG,Unknown,unknown,RGB
data/train/vid4_frame_5048.jpg,train,1920,990,1920x990,HD-Ready,JPEG,Unknown,unknown,RGB
data/train/vid4_frame_5465.jpg,train,1920,990,1920x990,HD-Ready,JPEG,Unknown,unknown,RGB
data/train/video_3_Good_frame_00000 (31).jpg,train,1920,935,1920x935,HD-Ready,JPEG,Unknown,unknown,RGB
data/train/video_7.mp4_frame_00241.jpg,train,1920,936,1920x936,HD-Ready,JPEG,Unknown,unknown,RGB
data/train/video_4.mp4_frame_00462.jpg,train,1920,932,1920x932,HD-Ready,JPEG,Unknown,unknown,RGB
data/train/video_2.mp4_frame_00322.jpg,train,1920,932,1920x932,HD-Ready,JPEG,Unknown,unknown,RGB
data/train/video_7.mp4_frame_00261.jpg,train,1920,936,1920x936,HD-Ready,JPEG,Unknown,unknown,RGB
data/train/video_13_Good_frame_00000 (79).jpg,train,1920,940,1920x940,HD-Ready,JPEG,Unknown,unknown,RGB
data/train/video_7.mp4_frame_00242.jpg,train,1920,936,1920x936,HD-Ready,JPEG,Unknown,unknown,RGB
data/train/video_9.mp4_frame_00643.jpg,train,1920,900,1920x900,HD-Ready,JPEG,Unknown,unknown,RGB
data/train/video_5.mp4_frame_00078.jpg,train,1920,945,1920x945,HD-Ready,JPEG,Unknown,unknown,RGB
data/train/vid4_frame_5482.jpg,train,1920,990,1920x990,HD-Ready,JPEG,Unknown,unknown,RGB
data/train/video_13_Good_frame_00000 (7).jpg,train,1920,940,1920x940,HD-Ready,JPEG,Unknown,unknown,RGB
data/train/video_4.mp4_frame_00245.jpg,train,1920,932,1920x932,HD-Ready,JPEG,Unknown,unknown,RGB
data/train/vid4_frame_2911.jpg,train,1920,990,1920x990,HD-Ready,JPEG,Unknown,unknown,RGB
data/train/vid12.mp4_frame_00128.jpg,train,1920,1080,1920x1080,HD,JPEG,Unknown,unknown,RGB
data/train/vid4_frame_1347.jpg,train,1920,990,1920x990,HD-Ready,JPEG,Unknown,unknown,RGB
data/train/video_3.mp4_frame_00260.jpg,train,1920,935,1920x935,HD-Ready,JPEG,Unknown,unknown,RGB
data/train/video_13_Good_frame_00000 (108).jpg,train,1920,940,1920x940,HD-Ready,JPEG,Unknown,unknown,RGB
data/train/video_7.mp4_frame_00007.jpg,train,1920,930,1920x930,HD-Ready,JPEG,Unknown,unknown,RGB
data/train/vid3_frame_0744.jpg,train,1920,990,1920x990,HD-Ready,JPEG,Unknown,unknown,RGB
data/train/video_4.mp4_frame_00405.jpg,train,1920,932,1920x932,HD-Ready,JPEG,Unknown,unknown,RGB
data/train/vid6.mp4_frame_02531.jpg,train,1920,930,1920x930,HD-Ready,JPEG,Unknown,unknown,RGB
data/train/vid4_frame_4025.jpg,train,1920,990,1920x990,HD-Ready,JPEG,Unknown,unknown,RGB
data/train/vid10.mp4_frame_00073.jpg,train,1920,990,1920x990,HD-Ready,JPEG,Unknown,unknown,RGB
data/train/vid1_frame_0313.jpg,train,3840,1879,3840x1879,HD,JPEG,Unknown,unknown,RGB
data/train/IMG_ (54).jpg,train,1912,1080,1912x1080,HD-Ready,JPEG,Unknown,unknown,RGB
data/train/video_8_good_frame_00000 (35).jpg,train,1920,1080,1920x1080,HD,JPEG,Unknown,unknown,RGB
data/train/vid4_frame_2000.jpg,train,1920,990,1920x990,HD-Ready,JPEG,Unknown,unknown,RGB
data/train/video_11_good_frame_00034 (47).jpg,train,1920,900,1920x900,HD-Ready,JPEG,Unknown,unknown,RGB
data/train/video_6.mp4_frame_00007.jpg,train,1920,925,1920x925,HD-Ready,JPEG,Unknown,unknown,RGB
data/train/video_8_good_frame_00000 (21).jpg,train,1920,1080,1920x1080,HD,JPEG,Unknown,unknown,RGB
data/train/video_7.mp4_frame_00236.jpg,train,1920,936,1920x936,HD-Ready,JPEG,Unknown,unknown,RGB
data/train/video_13.mp4_frame_00127.jpg,train,1920,940,1920x940,HD-Ready,JPEG,Unknown,unknown,RGB
data/train/video_7.mp4_frame_00538.jpg,train,1920,930,1920x930,HD-Ready,JPEG,Unknown,unknown,RGB
data/train/img108.jpg,train,1280,715,1280x715,SD,JPEG,Unknown,unknown,RGB
data/train/img269.jpg,train,1906,945,1906x945,HD-Ready,JPEG,Unknown,unknown,RGB
data/train/vid10.mp4_frame_02297.jpg,train,1920,990,1920x990,HD-Ready,JPEG,Unknown,unknown,RGB
data/train/video_1.mp4_frame_00229.jpg,train,1920,932,1920x932,HD-Ready,JPEG,Unknown,unknown,RGB
data/train/video_2.mp4_frame_00256.jpg,train,1920,932,1920x932,HD-Ready,JPEG,Unknown,unknown,RGB
data/train/video_4.mp4_frame_00264.jpg,train,1920,932,1920x932,HD-Ready,JPEG,Unknown,unknown,RGB
data/train/video_1.mp4_frame_00346.jpg,train,1920,932,1920x932,HD-Ready,JPEG,Unknown,unknown,RGB
data/train/vid4_frame_3771.jpg,train,1920,990,1920x990,HD-Ready,JPEG,Unknown,unknown,RGB
data/train/video_4.mp4_frame_00293.jpg,train,1920,932,1920x932,HD-Ready,JPEG,Unknown,unknown,RGB
data/train/video_3_Good_frame_00000 (114).jpg,train,1920,935,1920x935,HD-Ready,JPEG,Unknown,unknown,RGB
data/train/vid10.mp4_frame_01242.jpg,train,1920,990,1920x990,HD-Ready,JPEG,Unknown,unknown,RGB
data/train/video_5.mp4_frame_00108.jpg,train,1920,945,1920x945,HD-Ready,JPEG,Unknown,unknown,RGB
data/train/video_7.mp4_frame_00215.jpg,train,1920,936,1920x936,HD-Ready,JPEG,Unknown,unknown,RGB
data/train/video_7.mp4_frame_00225.jpg,train,1920,936,1920x936,HD-Ready,JPEG,Unknown,unknown,RGB
data/train/video_7.mp4_frame_00030.jpg,train,1920,930,1920x930,HD-Ready,JPEG,Unknown,unknown,RGB
data/train/video_9.mp4_frame_00546.jpg,train,1920,900,1920x900,HD-Ready,JPEG,Unknown,unknown,RGB
data/train/video_3.mp4_frame_00115.jpg,train,1920,935,1920x935,HD-Ready,JPEG,Unknown,unknown,RGB
data/train/img89.jpg,train,1269,456,1269x456,SD,JPEG,Unknown,unknown,RGB
data/train/video_7.mp4_frame_00251.jpg,train,1920,936,1920x936,HD-Ready,JPEG,Unknown,unknown,RGB
data/train/img21.jpg,train,4032,3024,4032x3024,HD,JPEG,Unknown,unknown,RGB
data/train/vid10.mp4_frame_00246.jpg,train,1920,990,1920x990,HD-Ready,JPEG,Unknown,unknown,RGB
data/train/vid13.mp4_frame_00404.jpg,train,1920,1080,1920x1080,HD,JPEG,Unknown,unknown,RGB
data/train/video_5.mp4_frame_00118.jpg,train,1920,945,1920x945,HD-Ready,JPEG,Unknown,unknown,RGB
data/train/video_3_Good_frame_00000 (60).jpg,train,1920,935,1920x935,HD-Ready,JPEG,Unknown,unknown,RGB
data/train/video_4.mp4_frame_00436.jpg,train,1920,932,1920x932,HD-Ready,JPEG,Unknown,unknown,RGB
data/train/vid4_frame_3990.jpg,train,1920,990,1920x990,HD-Ready,JPEG,Unknown,unknown,RGB
data/train/img188.jpg,train,1917,894,1917x894,HD-Ready,JPEG,Unknown,unknown,RGB
data/train/video_12.mp4_frame_00023.jpg,train,1920,1080,1920x1080,HD,JPEG,Unknown,unknown,RGB
data/train/video_2.mp4_frame_00002.jpg,train,1920,932,1920x932,HD-Ready,JPEG,Unknown,unknown,RGB
data/train/vid4_frame_3387.jpg,train,1920,990,1920x990,HD-Ready,JPEG,Unknown,unknown,RGB
data/train/video_8_good_frame_00000 (168).jpg,train,1920,1080,1920x1080,HD,JPEG,Unknown,unknown,RGB
data/train/img36.jpg,train,1280,719,1280x719,SD,JPEG,Unknown,unknown,RGB
data/train/video_1.mp4_frame_00236.jpg,train,1920,932,1920x932,HD-Ready,JPEG,Unknown,unknown,RGB
data/train/video_3.mp4_frame_00256.jpg,train,1920,935,1920x935,HD-Ready,JPEG,Unknown,unknown,RGB
data/train/video_1.mp4_frame_00234.jpg,train,1920,932,1920x932,HD-Ready,JPEG,Unknown,unknown,RGB
data/train/video_3_Good_frame_00000 (119).jpg,train,1920,935,1920x935,HD-Ready,JPEG,Unknown,unknown,RGB
data/train/vid1_frame_0152.jpg,train,3840,1879,3840x1879,HD,JPEG,Unknown,unknown,RGB
data/train/video_9.mp4_frame_00713.jpg,train,1920,900,1920x900,HD-Ready,JPEG,Unknown,unknown,RGB
data/train/vid1_frame_0087.jpg,train,3840,1879,3840x1879,HD,JPEG,Unknown,unknown,RGB
data/train/vid15.mp4_frame_00695.jpg,train,1920,908,1920x908,HD-Ready,JPEG,Unknown,unknown,RGB
data/train/video_2.mp4_frame_00119.jpg,train,1920,932,1920x932,HD-Ready,JPEG,Unknown,unknown,RGB
data/train/video_4.mp4_frame_00172.jpg,train,1920,932,1920x932,HD-Ready,JPEG,Unknown,unknown,RGB
data/train/video_4.mp4_frame_00106.jpg,train,1920,932,1920x932,HD-Ready,JPEG,Unknown,unknown,RGB
data/train/video_4.mp4_frame_00440.jpg,train,1920,932,1920x932,HD-Ready,JPEG,Unknown,unknown,RGB
data/train/video_2.mp4_frame_00041 (2).jpg,train,1920,932,1920x932,HD-Ready,JPEG,Unknown,unknown,RGB
data/train/img15.jpg,train,960,487,960x487,SD,JPEG,Unknown,unknown,RGB
data/train/video_13_Good_frame_00000 (94).jpg,train,1920,940,1920x940,HD-Ready,JPEG,Unknown,unknown,RGB
data/train/video_2.mp4_frame_00023.jpg,train,1920,932,1920x932,HD-Ready,JPEG,Unknown,unknown,RGB
data/train/video_1.mp4_frame_00013.jpg,train,1920,932,1920x932,HD-Ready,JPEG,Unknown,unknown,RGB
data/train/vid4_frame_3876.jpg,train,1920,990,1920x990,HD-Ready,JPEG,Unknown,unknown,RGB
data/train/video_4.mp4_frame_00097.jpg,train,1920,932,1920x932,HD-Ready,JPEG,Unknown,unknown,RGB
data/train/video_3_Good_frame_00000 (94).jpg,train,1920,935,1920x935,HD-Ready,JPEG,Unknown,unknown,RGB
data/train/vid4_frame_1376.jpg,train,1920,990,1920x990,HD-Ready,JPEG,Unknown,unknown,RGB
data/train/video_1.mp4_frame_00244.jpg,train,1920,932,1920x932,HD-Ready,JPEG,Unknown,unknown,RGB
data/train/video_9.mp4_frame_00472.jpg,train,1920,900,1920x900,HD-Ready,JPEG,Unknown,unknown,RGB
data/train/video_4.mp4_frame_00439.jpg,train,1920,932,1920x932,HD-Ready,JPEG,Unknown,unknown,RGB
data/train/img13.jpg,train,1280,800,1280x800,HD-Ready,JPEG,Unknown,unknown,RGB
data/train/video_4.mp4_frame_00204.jpg,train,1920,932,1920x932,HD-Ready,JPEG,Unknown,unknown,RGB
data/train/video_2.mp4_frame_00098.jpg,train,1920,932,1920x932,HD-Ready,JPEG,Unknown,unknown,RGB
data/train/vid15.mp4_frame_00757.jpg,train,1920,908,1920x908,HD-Ready,JPEG,Unknown,unknown,RGB
data/train/IMG_ (79).jpg,train,1912,1080,1912x1080,HD-Ready,JPEG,Unknown,unknown,RGB
data/train/video_4.mp4_frame_00231.jpg,train,1920,932,1920x932,HD-Ready,JPEG,Unknown,unknown,RGB
data/train/vid1_frame_0227.jpg,train,3840,1879,3840x1879,HD,JPEG,Unknown,unknown,RGB
data/train/video_1.mp4_frame_00164.jpg,train,1920,932,1920x932,HD-Ready,JPEG,Unknown,unknown,RGB
data/train/vid4_frame_3344.jpg,train,1920,990,1920x990,HD-Ready,JPEG,Unknown,unknown,RGB
data/train/video_4.mp4_frame_00151.jpg,train,1920,932,1920x932,HD-Ready,JPEG,Unknown,unknown,RGB
data/train/vid6.mp4_frame_02703.jpg,train,1920,930,1920x930,HD-Ready,JPEG,Unknown,unknown,RGB
data/train/vid2_frame_0395.jpg,train,1920,1080,1920x1080,HD,JPEG,Unknown,unknown,RGB
data/train/video_3_Good_frame_00000 (154).jpg,train,1920,935,1920x935,HD-Ready,JPEG,Unknown,unknown,RGB
data/train/video_11.mp4_frame_00212.jpg,train,1920,900,1920x900,HD-Ready,JPEG,Unknown,unknown,RGB
data/train/video_7.mp4_frame_00389.jpg,train,1920,930,1920x930,HD-Ready,JPEG,Unknown,unknown,RGB
data/train/video_9.mp4_frame_00495.jpg,train,1920,900,1920x900,HD-Ready,JPEG,Unknown,unknown,RGB
data/train/IMG_ (14).jpg,train,1929,933,1929x933,HD-Ready,JPEG,Unknown,unknown,RGB
data/train/vid1_frame_0272.jpg,train,3840,1879,3840x1879,HD,JPEG,Unknown,unknown,RGB
data/train/video_11.mp4_frame_00137.jpg,train,1920,900,1920x900,HD-Ready,JPEG,Unknown,unknown,RGB
data/train/video_8_good_frame_00000 (99).jpg,train,1920,1080,1920x1080,HD,JPEG,Unknown,unknown,RGB
data/train/vid4_frame_3945.jpg,train,1920,990,1920x990,HD-Ready,JPEG,Unknown,unknown,RGB
data/train/video_3_Good_frame_00000 (188).jpg,train,1920,935,1920x935,HD-Ready,JPEG,Unknown,unknown,RGB
data/train/video_7.mp4_frame_00098.jpg,train,1920,930,1920x930,HD-Ready,JPEG,Unknown,unknown,RGB
data/train/video_4.mp4_frame_00301.jpg,train,1920,932,1920x932,HD-Ready,JPEG,Unknown,unknown,RGB
data/train/video_3.mp4_frame_00175.jpg,train,1920,935,1920x935,HD-Ready,JPEG,Unknown,unknown,RGB
data/train/vid4_frame_1218.jpg,train,1920,990,1920x990,HD-Ready,JPEG,Unknown,unknown,RGB
data/train/video_1.mp4_frame_00421.jpg,train,1920,932,1920x932,HD-Ready,JPEG,Unknown,unknown,RGB
data/train/vid4_frame_5109.jpg,train,1920,990,1920x990,HD-Ready,JPEG,Unknown,unknown,RGB
data/train/video_7.mp4_frame_00369.jpg,train,1920,930,1920x930,HD-Ready,JPEG,Unknown,unknown,RGB
data/train/video_1.mp4_frame_00419.jpg,train,1920,932,1920x932,HD-Ready,JPEG,Unknown,unknown,RGB
data/train/vid4_frame_5605.jpg,train,1920,990,1920x990,HD-Ready,JPEG,Unknown,unknown,RGB
data/train/vid3_frame_1036.jpg,train,1920,990,1920x990,HD-Ready,JPEG,Unknown,unknown,RGB
data/train/video_1.mp4_frame_00317.jpg,train,1920,932,1920x932,HD-Ready,JPEG,Unknown,unknown,RGB
data/train/vid3_frame_0867.jpg,train,1920,990,1920x990,HD-Ready,JPEG,Unknown,unknown,RGB
data/train/video_7.mp4_frame_00152.jpg,train,1920,930,1920x930,HD-Ready,JPEG,Unknown,unknown,RGB
data/train/video_4.mp4_frame_00328.jpg,train,1920,932,1920x932,HD-Ready,JPEG,Unknown,unknown,RGB
data/train/img267.jpg,train,1913,915,1913x915,HD-Ready,JPEG,Unknown,unknown,RGB
data/train/video_4_good_frame_00000 (78).jpg,train,1920,932,1920x932,HD-Ready,JPEG,Unknown,unknown,RGB
data/train/video_4.mp4_frame_00465.jpg,train,1920,932,1920x932,HD-Ready,JPEG,Unknown,unknown,RGB
data/train/video_1.mp4_frame_00227.jpg,train,1920,932,1920x932,HD-Ready,JPEG,Unknown,unknown,RGB
data/train/img81.jpg,train,1280,601,1280x601,SD,JPEG,Unknown,unknown,RGB
data/train/vid4_frame_4337.jpg,train,1920,990,1920x990,HD-Ready,JPEG,Unknown,unknown,RGB
data/train/video_1.mp4_frame_00008.jpg,train,1920,932,1920x932,HD-Ready,JPEG,Unknown,unknown,RGB
data/train/video_13.mp4_frame_00291.jpg,train,1920,940,1920x940,HD-Ready,JPEG,Unknown,unknown,RGB
data/train/video_7.mp4_frame_00252.jpg,train,1920,936,1920x936,HD-Ready,JPEG,Unknown,unknown,RGB
data/train/video_3.mp4_frame_00130.jpg,train,1920,935,1920x935,HD-Ready,JPEG,Unknown,unknown,RGB
data/train/video_7.mp4_frame_00320.jpg,train,1920,936,1920x936,HD-Ready,JPEG,Unknown,unknown,RGB
data/train/video_13.mp4_frame_00129.jpg,train,1920,940,1920x940,HD-Ready,JPEG,Unknown,unknown,RGB
data/train/video_1.mp4_frame_00103.jpg,train,1920,932,1920x932,HD-Ready,JPEG,Unknown,unknown,RGB
data/train/video_1.mp4_frame_00388.jpg,train,1920,932,1920x932,HD-Ready,JPEG,Unknown,unknown,RGB
data/train/video_4.mp4_frame_00408.jpg,train,1920,932,1920x932,HD-Ready,JPEG,Unknown,unknown,RGB
data/train/vid3_frame_0643.jpg,train,1920,990,1920x990,HD-Ready,JPEG,Unknown,unknown,RGB
data/train/IMG_ (104).jpg,train,1918,1080,1918x1080,HD-Ready,JPEG,Unknown,unknown,RGB
data/train/video_9_goodframe_00000 (429).jpg,train,1920,900,1920x900,HD-Ready,JPEG,Unknown,unknown,RGB
data/train/img196.jpg,train,2340,1002,2340x1002,HD,JPEG,Unknown,unknown,RGB
data/train/vid4_frame_1734.jpg,train,1920,990,1920x990,HD-Ready,JPEG,Unknown,unknown,RGB
data/train/video_1.mp4_frame_00055.jpg,train,1920,932,1920x932,HD-Ready,JPEG,Unknown,unknown,RGB
data/train/vid4_frame_5438.jpg,train,1920,990,1920x990,HD-Ready,JPEG,Unknown,unknown,RGB
data/train/vid7.mp4_frame_02938.jpg,train,1920,905,1920x905,HD-Ready,JPEG,Unknown,unknown,RGB
data/train/video_1.mp4_frame_00112.jpg,train,1920,932,1920x932,HD-Ready,JPEG,Unknown,unknown,RGB
data/train/video_7.mp4_frame_00022.jpg,train,1920,930,1920x930,HD-Ready,JPEG,Unknown,unknown,RGB
data/train/video_13.mp4_frame_00145.jpg,train,1920,940,1920x940,HD-Ready,JPEG,Unknown,unknown,RGB
data/train/video_4.mp4_frame_00173.jpg,train,1920,932,1920x932,HD-Ready,JPEG,Unknown,unknown,RGB
data/train/video_1.mp4_frame_00201.jpg,train,1920,932,1920x932,HD-Ready,JPEG,Unknown,unknown,RGB
data/train/vid1_frame_0246.jpg,train,3840,1879,3840x1879,HD,JPEG,Unknown,unknown,RGB
data/train/video_4.mp4_frame_00247.jpg,train,1920,932,1920x932,HD-Ready,JPEG,Unknown,unknown,RGB
data/train/video_4.mp4_frame_00222.jpg,train,1920,932,1920x932,HD-Ready,JPEG,Unknown,unknown,RGB
data/train/video_3_Good_frame_00000 (205).jpg,train,1920,935,1920x935,HD-Ready,JPEG,Unknown,unknown,RGB
data/train/video_5.mp4_frame_00169.jpg,train,1920,945,1920x945,HD-Ready,JPEG,Unknown,unknown,RGB
data/train/video_2.mp4_frame_00081.jpg,train,1920,932,1920x932,HD-Ready,JPEG,Unknown,unknown,RGB
data/train/vid4_frame_5528.jpg,train,1920,990,1920x990,HD-Ready,JPEG,Unknown,unknown,RGB
data/train/video_2.mp4_frame_00283.jpg,train,1920,932,1920x932,HD-Ready,JPEG,Unknown,unknown,RGB
data/train/IMG_ (94).jpg,train,1937,1080,1937x1080,HD,JPEG,Unknown,unknown,RGB
data/train/video_1.mp4_frame_00255.jpg,train,1920,932,1920x932,HD-Ready,JPEG,Unknown,unknown,RGB
data/train/video_7.mp4_frame_00563.jpg,train,1920,930,1920x930,HD-Ready,JPEG,Unknown,unknown,RGB
data/train/vid4_frame_3879.jpg,train,1920,990,1920x990,HD-Ready,JPEG,Unknown,unknown,RGB
data/train/vid12.mp4_frame_00127.jpg,train,1920,1080,1920x1080,HD,JPEG,Unknown,unknown,RGB
data/train/video_7.mp4_frame_00278.jpg,train,1920,936,1920x936,HD-Ready,JPEG,Unknown,unknown,RGB
data/train/video_13.mp4_frame_00164.jpg,train,1920,940,1920x940,HD-Ready,JPEG,Unknown,unknown,RGB
data/train/video_4.mp4_frame_00113.jpg,train,1920,932,1920x932,HD-Ready,JPEG,Unknown,unknown,RGB
data/train/img187.jpg,train,1924,898,1924x898,HD-Ready,JPEG,Unknown,unknown,RGB
data/train/video_2.mp4_frame_00254 (2).jpg,train,1920,932,1920x932,HD-Ready,JPEG,Unknown,unknown,RGB
data/train/vid10.mp4_frame_02272.jpg,train,1920,990,1920x990,HD-Ready,JPEG,Unknown,unknown,RGB
data/train/vid7.mp4_frame_02793.jpg,train,1920,905,1920x905,HD-Ready,JPEG,Unknown,unknown,RGB
data/train/vid4_frame_5483.jpg,train,1920,990,1920x990,HD-Ready,JPEG,Unknown,unknown,RGB
data/train/vid4_frame_5561.jpg,train,1920,990,1920x990,HD-Ready,JPEG,Unknown,unknown,RGB
data/train/video_2.mp4_frame_00016.jpg,train,1920,932,1920x932,HD-Ready,JPEG,Unknown,unknown,RGB
data/train/video_4.mp4_frame_00076.jpg,train,1920,932,1920x932,HD-Ready,JPEG,Unknown,unknown,RGB
data/train/video_2.mp4_frame_00249.jpg,train,1920,932,1920x932,HD-Ready,JPEG,Unknown,unknown,RGB
data/train/video_2.mp4_frame_00049.jpg,train,1920,932,1920x932,HD-Ready,JPEG,Unknown,unknown,RGB
data/train/video_13.mp4_frame_00221.jpg,train,1920,940,1920x940,HD-Ready,JPEG,Unknown,unknown,RGB
data/train/video_1.mp4_frame_00319.jpg,train,1920,932,1920x932,HD-Ready,JPEG,Unknown,unknown,RGB
data/train/video_11_good_frame_00034 (35).jpg,train,1920,900,1920x900,HD-Ready,JPEG,Unknown,unknown,RGB
data/train/vid3_frame_0660.jpg,train,1920,990,1920x990,HD-Ready,JPEG,Unknown,unknown,RGB
data/train/video_13.mp4_frame_00153.jpg,train,1920,940,1920x940,HD-Ready,JPEG,Unknown,unknown,RGB
data/train/video_2.mp4_frame_00043.jpg,train,1920,932,1920x932,HD-Ready,JPEG,Unknown,unknown,RGB
data/train/video_3_Good_frame_00000 (19).jpg,train,1920,935,1920x935,HD-Ready,JPEG,Unknown,unknown,RGB
data/train/video_2.mp4_frame_00665.jpg,train,1920,932,1920x932,HD-Ready,JPEG,Unknown,unknown,RGB
data/train/video_7.mp4_frame_00111.jpg,train,1920,930,1920x930,HD-Ready,JPEG,Unknown,unknown,RGB
data/train/video_1.mp4_frame_00341.jpg,train,1920,932,1920x932,HD-Ready,JPEG,Unknown,unknown,RGB
data/train/vid4_frame_5534.jpg,train,1920,990,1920x990,HD-Ready,JPEG,Unknown,unknown,RGB
data/train/vid2_frame_0582.jpg,train,1920,1080,1920x1080,HD,JPEG,Unknown,unknown,RGB
data/train/video_11.mp4_frame_00190.jpg,train,1920,900,1920x900,HD-Ready,JPEG,Unknown,unknown,RGB
data/train/video_1.mp4_frame_00400.jpg,train,1920,932,1920x932,HD-Ready,JPEG,Unknown,unknown,RGB
data/train/video_4.mp4_frame_00048.jpg,train,1920,932,1920x932,HD-Ready,JPEG,Unknown,unknown,RGB
data/train/img105.jpg,train,1280,615,1280x615,SD,JPEG,Unknown,unknown,RGB
data/train/vid3_frame_0672.jpg,train,1920,990,1920x990,HD-Ready,JPEG,Unknown,unknown,RGB
data/train/vid4_frame_3433.jpg,train,1920,990,1920x990,HD-Ready,JPEG,Unknown,unknown,RGB
data/train/video_3_Good_frame_00000 (113).jpg,train,1920,935,1920x935,HD-Ready,JPEG,Unknown,unknown,RGB
data/train/img86.jpg,train,1280,658,1280x658,SD,JPEG,Unknown,unknown,RGB
data/train/IMG_ (75).jpg,train,1902,1080,1902x1080,HD-Ready,JPEG,Unknown,unknown,RGB
data/train/video_13_Good_frame_00000 (81).jpg,train,1920,940,1920x940,HD-Ready,JPEG,Unknown,unknown,RGB
data/train/video_13_Good_frame_00000 (83).jpg,train,1920,940,1920x940,HD-Ready,JPEG,Unknown,unknown,RGB
data/train/video_5.mp4_frame_00012.jpg,train,1920,945,1920x945,HD-Ready,JPEG,Unknown,unknown,RGB
data/train/video_1.mp4_frame_00254.jpg,train,1920,932,1920x932,HD-Ready,JPEG,Unknown,unknown,RGB
data/train/vid4_frame_2277.jpg,train,1920,990,1920x990,HD-Ready,JPEG,Unknown,unknown,RGB
data/train/vid10.mp4_frame_01360.jpg,train,1920,990,1920x990,HD-Ready,JPEG,Unknown,unknown,RGB
data/train/vid4_frame_2284.jpg,train,1920,990,1920x990,HD-Ready,JPEG,Unknown,unknown,RGB
data/train/video_11.mp4_frame_00169.jpg,train,1920,900,1920x900,HD-Ready,JPEG,Unknown,unknown,RGB
data/train/IMG_ (7).jpg,train,1908,930,1908x930,HD-Ready,JPEG,Unknown,unknown,RGB
data/train/vid4_frame_3804.jpg,train,1920,990,1920x990,HD-Ready,JPEG,Unknown,unknown,RGB
data/train/img170.jpg,train,1901,922,1901x922,HD-Ready,JPEG,Unknown,unknown,RGB
data/train/video_13.mp4_frame_00186.jpg,train,1920,940,1920x940,HD-Ready,JPEG,Unknown,unknown,RGB
data/train/video_2.mp4_frame_00151 (2).jpg,train,1920,932,1920x932,HD-Ready,JPEG,Unknown,unknown,RGB
data/train/video_4.mp4_frame_00050.jpg,train,1920,932,1920x932,HD-Ready,JPEG,Unknown,unknown,RGB
data/train/video_4.mp4_frame_00234.jpg,train,1920,932,1920x932,HD-Ready,JPEG,Unknown,unknown,RGB
data/train/video_2.mp4_frame_00750.jpg,train,1920,932,1920x932,HD-Ready,JPEG,Unknown,unknown,RGB
data/train/video_13.mp4_frame_00107.jpg,train,1920,940,1920x940,HD-Ready,JPEG,Unknown,unknown,RGB
data/train/video_7.mp4_frame_00156.jpg,train,1920,930,1920x930,HD-Ready,JPEG,Unknown,unknown,RGB
data/train/video_2.mp4_frame_00006.jpg,train,1920,932,1920x932,HD-Ready,JPEG,Unknown,unknown,RGB
data/train/vid10.mp4_frame_00110.jpg,train,1920,990,1920x990,HD-Ready,JPEG,Unknown,unknown,RGB
data/train/IMG_ (141).jpg,train,4096,2090,4096x2090,HD,JPEG,Unknown,unknown,RGB
data/train/vid4_frame_5312.jpg,train,1920,990,1920x990,HD-Ready,JPEG,Unknown,unknown,RGB
data/train/video_7.mp4_frame_00138.jpg,train,1920,930,1920x930,HD-Ready,JPEG,Unknown,unknown,RGB
data/train/video_4.mp4_frame_00459.jpg,train,1920,932,1920x932,HD-Ready,JPEG,Unknown,unknown,RGB
data/train/video_2.mp4_frame_00102.jpg,train,1920,932,1920x932,HD-Ready,JPEG,Unknown,unknown,RGB
data/train/vid6.mp4_frame_02644.jpg,train,1920,930,1920x930,HD-Ready,JPEG,Unknown,unknown,RGB
data/train/video_13_Good_frame_00000 (75).jpg,train,1920,940,1920x940,HD-Ready,JPEG,Unknown,unknown,RGB
data/train/video_4.mp4_frame_00107.jpg,train,1920,932,1920x932,HD-Ready,JPEG,Unknown,unknown,RGB
data/train/video_2.mp4_frame_00116.jpg,train,1920,932,1920x932,HD-Ready,JPEG,Unknown,unknown,RGB
data/train/vid4_frame_5612.jpg,train,1920,990,1920x990,HD-Ready,JPEG,Unknown,unknown,RGB
data/train/IMG_ (97).jpg,train,1932,1080,1932x1080,HD,JPEG,Unknown,unknown,RGB
data/train/vid15.mp4_frame_00684.jpg,train,1920,908,1920x908,HD-Ready,JPEG,Unknown,unknown,RGB
data/train/video_7_good_frame_00000 (226).jpg,train,1920,930,1920x930,HD-Ready,JPEG,Unknown,unknown,RGB
data/train/video_1.mp4_frame_00081.jpg,train,1920,932,1920x932,HD-Ready,JPEG,Unknown,unknown,RGB
data/train/img247.jpg,train,1440,1080,1440x1080,HD-Ready,JPEG,Unknown,unknown,RGB
data/train/video_7_good_frame_00000 (211).jpg,train,1920,930,1920x930,HD-Ready,JPEG,Unknown,unknown,RGB
data/train/vid4_frame_1225.jpg,train,1920,990,1920x990,HD-Ready,JPEG,Unknown,unknown,RGB
data/train/vid4_frame_2978.jpg,train,1920,990,1920x990,HD-Ready,JPEG,Unknown,unknown,RGB
data/train/video_1.mp4_frame_00329.jpg,train,1920,932,1920x932,HD-Ready,JPEG,Unknown,unknown,RGB
data/train/video_13.mp4_frame_00113.jpg,train,1920,940,1920x940,HD-Ready,JPEG,Unknown,unknown,RGB
data/train/vid4_frame_5293.jpg,train,1920,990,1920x990,HD-Ready,JPEG,Unknown,unknown,RGB
data/train/img149.jpg,train,1906,929,1906x929,HD-Ready,JPEG,Unknown,unknown,RGB
data/train/video_4.mp4_frame_00102.jpg,train,1920,932,1920x932,HD-Ready,JPEG,Unknown,unknown,RGB
data/train/vid4_frame_5419.jpg,train,1920,990,1920x990,HD-Ready,JPEG,Unknown,unknown,RGB
data/train/video_11.mp4_frame_00230.jpg,train,1920,900,1920x900,HD-Ready,JPEG,Unknown,unknown,RGB
data/train/video_4.mp4_frame_00138.jpg,train,1920,932,1920x932,HD-Ready,JPEG,Unknown,unknown,RGB
data/train/vid1_frame_0071.jpg,train,3840,1879,3840x1879,HD,JPEG,Unknown,unknown,RGB
data/train/video_13.mp4_frame_00268.jpg,train,1920,940,1920x940,HD-Ready,JPEG,Unknown,unknown,RGB
data/train/video_7.mp4_frame_00404.jpg,train,1920,930,1920x930,HD-Ready,JPEG,Unknown,unknown,RGB
data/train/vid2_frame_0414.jpg,train,1920,1080,1920x1080,HD,JPEG,Unknown,unknown,RGB
data/train/video_13.mp4_frame_00158.jpg,train,1920,940,1920x940,HD-Ready,JPEG,Unknown,unknown,RGB
data/train/video_5.mp4_frame_00044.jpg,train,1920,945,1920x945,HD-Ready,JPEG,Unknown,unknown,RGB
data/train/video_7.mp4_frame_00038.jpg,train,1920,930,1920x930,HD-Ready,JPEG,Unknown,unknown,RGB
data/train/vid13.mp4_frame_00188.jpg,train,1920,1080,1920x1080,HD,JPEG,Unknown,unknown,RGB
data/train/video_3_Good_frame_00000 (98).jpg,train,1920,935,1920x935,HD-Ready,JPEG,Unknown,unknown,RGB
data/train/vid10.mp4_frame_00635.jpg,train,1920,990,1920x990,HD-Ready,JPEG,Unknown,unknown,RGB
data/train/vid4_frame_5075.jpg,train,1920,990,1920x990,HD-Ready,JPEG,Unknown,unknown,RGB
data/train/video_5.mp4_frame_00125.jpg,train,1920,945,1920x945,HD-Ready,JPEG,Unknown,unknown,RGB
data/train/video_4.mp4_frame_00064.jpg,train,1920,932,1920x932,HD-Ready,JPEG,Unknown,unknown,RGB
data/train/img83.jpg,train,1280,597,1280x597,SD,JPEG,Unknown,unknown,RGB
data/train/video_7.mp4_frame_00029.jpg,train,1920,930,1920x930,HD-Ready,JPEG,Unknown,unknown,RGB
data/train/vid2_frame_0491.jpg,train,1920,1080,1920x1080,HD,JPEG,Unknown,unknown,RGB
data/train/video_1.mp4_frame_00337.jpg,train,1920,932,1920x932,HD-Ready,JPEG,Unknown,unknown,RGB
data/train/video_9_goodframe_00000 (6).jpg,train,1920,900,1920x900,HD-Ready,JPEG,Unknown,unknown,RGB
data/train/video_4.mp4_frame_00074.jpg,train,1920,932,1920x932,HD-Ready,JPEG,Unknown,unknown,RGB
data/train/vid4_frame_5108.jpg,train,1920,990,1920x990,HD-Ready,JPEG,Unknown,unknown,RGB
data/train/video_1.mp4_frame_00376.jpg,train,1920,932,1920x932,HD-Ready,JPEG,Unknown,unknown,RGB
data/train/vid4_frame_4039.jpg,train,1920,990,1920x990,HD-Ready,JPEG,Unknown,unknown,RGB
data/train/video_4.mp4_frame_00407.jpg,train,1920,932,1920x932,HD-Ready,JPEG,Unknown,unknown,RGB
data/train/video_2.mp4_frame_00067.jpg,train,1920,932,1920x932,HD-Ready,JPEG,Unknown,unknown,RGB
data/train/vid10.mp4_frame_01734.jpg,train,1920,990,1920x990,HD-Ready,JPEG,Unknown,unknown,RGB
data/train/vid4_frame_3777.jpg,train,1920,990,1920x990,HD-Ready,JPEG,Unknown,unknown,RGB
data/train/img85.jpg,train,1280,658,1280x658,SD,JPEG,Unknown,unknown,RGB
data/train/video_1.mp4_frame_00390.jpg,train,1920,932,1920x932,HD-Ready,JPEG,Unknown,unknown,RGB
data/train/img283.png,train,1722,617,1722x617,HD-Ready,PNG,Unknown,unknown,RGBA
data/train/video_3_Good_frame_00000 (216).jpg,train,1920,935,1920x935,HD-Ready,JPEG,Unknown,unknown,RGB
data/train/video_9.mp4_frame_00661.jpg,train,1920,900,1920x900,HD-Ready,JPEG,Unknown,unknown,RGB
data/train/video_12.mp4_frame_00022.jpg,train,1920,1080,1920x1080,HD,JPEG,Unknown,unknown,RGB
data/train/video_11.mp4_frame_00184.jpg,train,1920,900,1920x900,HD-Ready,JPEG,Unknown,unknown,RGB
data/train/video_3_Good_frame_00000 (179).jpg,train,1920,935,1920x935,HD-Ready,JPEG,Unknown,unknown,RGB
data/train/video_8_good_frame_00000 (15).jpg,train,1920,1080,1920x1080,HD,JPEG,Unknown,unknown,RGB
data/train/video_2.mp4_frame_00193.jpg,train,1920,932,1920x932,HD-Ready,JPEG,Unknown,unknown,RGB
data/train/video_7.mp4_frame_00330.jpg,train,1920,936,1920x936,HD-Ready,JPEG,Unknown,unknown,RGB
data/train/IMG_ (67).jpg,train,1919,1080,1919x1080,HD-Ready,JPEG,Unknown,unknown,RGB
data/train/vid4_frame_5579.jpg,train,1920,990,1920x990,HD-Ready,JPEG,Unknown,unknown,RGB
data/train/video_7.mp4_frame_00405.jpg,train,1920,930,1920x930,HD-Ready,JPEG,Unknown,unknown,RGB
data/train/video_8.mp4_frame_00048.jpg,train,1920,1080,1920x1080,HD,JPEG,Unknown,unknown,RGB
data/train/video_1.mp4_frame_00325.jpg,train,1920,932,1920x932,HD-Ready,JPEG,Unknown,unknown,RGB
data/train/video_3_Good_frame_00000 (169).jpg,train,1920,935,1920x935,HD-Ready,JPEG,Unknown,unknown,RGB
data/train/vid7.mp4_frame_02768.jpg,train,1920,905,1920x905,HD-Ready,JPEG,Unknown,unknown,RGB
data/train/video_4.mp4_frame_00444.jpg,train,1920,932,1920x932,HD-Ready,JPEG,Unknown,unknown,RGB
data/train/video_2.mp4_frame_00245.jpg,train,1920,932,1920x932,HD-Ready,JPEG,Unknown,unknown,RGB
data/train/video_9.mp4_frame_00621.jpg,train,1920,900,1920x900,HD-Ready,JPEG,Unknown,unknown,RGB
data/train/video_8_good_frame_00000 (97).jpg,train,1920,1080,1920x1080,HD,JPEG,Unknown,unknown,RGB
data/train/img40.jpg,train,1280,483,1280x483,SD,JPEG,Unknown,unknown,RGB
data/train/video_2.mp4_frame_00112 (2).jpg,train,1920,932,1920x932,HD-Ready,JPEG,Unknown,unknown,RGB
data/train/video_11.mp4_frame_00141.jpg,train,1920,900,1920x900,HD-Ready,JPEG,Unknown,unknown,RGB
data/train/img279.png,train,1919,909,1919x909,HD-Ready,PNG,Unknown,unknown,RGBA
data/train/vid1_frame_0190.jpg,train,3840,1879,3840x1879,HD,JPEG,Unknown,unknown,RGB
data/train/video_5.mp4_frame_00020.jpg,train,1920,945,1920x945,HD-Ready,JPEG,Unknown,unknown,RGB
data/train/video_7.mp4_frame_00674.jpg,train,1920,930,1920x930,HD-Ready,JPEG,Unknown,unknown,RGB
data/train/video_3_Good_frame_00000 (24).jpg,train,1920,935,1920x935,HD-Ready,JPEG,Unknown,unknown,RGB
data/train/video_3_Good_frame_00000 (18).jpg,train,1920,935,1920x935,HD-Ready,JPEG,Unknown,unknown,RGB
data/train/IMG_ (40).jpg,train,1922,1080,1922x1080,HD,JPEG,Unknown,unknown,RGB
data/train/video_7.mp4_frame_00232.jpg,train,1920,936,1920x936,HD-Ready,JPEG,Unknown,unknown,RGB
data/train/video_9.mp4_frame_00482.jpg,train,1920,900,1920x900,HD-Ready,JPEG,Unknown,unknown,RGB
data/train/video_7.mp4_frame_00353.jpg,train,1920,936,1920x936,HD-Ready,JPEG,Unknown,unknown,RGB
data/train/video_11.mp4_frame_00183.jpg,train,1920,900,1920x900,HD-Ready,JPEG,Unknown,unknown,RGB
data/train/video_1.mp4_frame_00203.jpg,train,1920,932,1920x932,HD-Ready,JPEG,Unknown,unknown,RGB
data/train/vid4_frame_5581.jpg,train,1920,990,1920x990,HD-Ready,JPEG,Unknown,unknown,RGB
data/train/video_7.mp4_frame_00008.jpg,train,1920,930,1920x930,HD-Ready,JPEG,Unknown,unknown,RGB
data/train/vid10.mp4_frame_00327.jpg,train,1920,990,1920x990,HD-Ready,JPEG,Unknown,unknown,RGB
data/train/IMG_ (130).jpg,train,2412,1080,2412x1080,HD,JPEG,Unknown,unknown,RGB
data/train/video_3.mp4_frame_00210.jpg,train,1920,935,1920x935,HD-Ready,JPEG,Unknown,unknown,RGB
data/train/IMG_ (101).jpg,train,1936,1079,1936x1079,HD,JPEG,Unknown,unknown,RGB
data/train/img265.jpg,train,1918,912,1918x912,HD-Ready,JPEG,Unknown,unknown,RGB
data/train/video_5.mp4_frame_00080.jpg,train,1920,945,1920x945,HD-Ready,JPEG,Unknown,unknown,RGB
data/train/video_8.mp4_frame_00019.jpg,train,1920,1080,1920x1080,HD,JPEG,Unknown,unknown,RGB
data/train/video_3.mp4_frame_00163.jpg,train,1920,935,1920x935,HD-Ready,JPEG,Unknown,unknown,RGB
data/train/video_3.mp4_frame_00064.jpg,train,1920,935,1920x935,HD-Ready,JPEG,Unknown,unknown,RGB
data/train/vid10.mp4_frame_02347.jpg,train,1920,990,1920x990,HD-Ready,JPEG,Unknown,unknown,RGB
data/train/video_5.mp4_frame_00082.jpg,train,1920,945,1920x945,HD-Ready,JPEG,Unknown,unknown,RGB
data/train/video_2.mp4_frame_00011 (2).jpg,train,1920,932,1920x932,HD-Ready,JPEG,Unknown,unknown,RGB
data/train/video_1.mp4_frame_00017.jpg,train,1920,932,1920x932,HD-Ready,JPEG,Unknown,unknown,RGB
data/train/video_5.mp4_frame_00091.jpg,train,1920,945,1920x945,HD-Ready,JPEG,Unknown,unknown,RGB
data/train/video_3.mp4_frame_00118.jpg,train,1920,935,1920x935,HD-Ready,JPEG,Unknown,unknown,RGB
data/train/video_1.mp4_frame_00217.jpg,train,1920,932,1920x932,HD-Ready,JPEG,Unknown,unknown,RGB
data/train/video_4.mp4_frame_00219.jpg,train,1920,932,1920x932,HD-Ready,JPEG,Unknown,unknown,RGB
data/train/video_7.mp4_frame_00016.jpg,train,1920,930,1920x930,HD-Ready,JPEG,Unknown,unknown,RGB
data/train/IMG_ (148).jpg,train,4096,1952,4096x1952,HD,JPEG,Unknown,unknown,RGB
data/train/vid6.mp4_frame_02622.jpg,train,1920,930,1920x930,HD-Ready,JPEG,Unknown,unknown,RGB
data/train/img248.jpg,train,1429,1080,1429x1080,HD-Ready,JPEG,Unknown,unknown,RGB
data/train/video_7.mp4_frame_00556.jpg,train,1920,930,1920x930,HD-Ready,JPEG,Unknown,unknown,RGB
data/train/video_1.mp4_frame_00091.jpg,train,1920,932,1920x932,HD-Ready,JPEG,Unknown,unknown,RGB
data/train/vid13.mp4_frame_00186.jpg,train,1920,1080,1920x1080,HD,JPEG,Unknown,unknown,RGB
data/train/vid10.mp4_frame_00010.jpg,train,1920,990,1920x990,HD-Ready,JPEG,Unknown,unknown,RGB
data/train/vid15.mp4_frame_00858.jpg,train,1920,908,1920x908,HD-Ready,JPEG,Unknown,unknown,RGB
data/train/video_13_Good_frame_00000 (120).jpg,train,1920,940,1920x940,HD-Ready,JPEG,Unknown,unknown,RGB
data/train/video_3_Good_frame_00000 (46).jpg,train,1920,935,1920x935,HD-Ready,JPEG,Unknown,unknown,RGB
data/train/video_13.mp4_frame_00242.jpg,train,1920,940,1920x940,HD-Ready,JPEG,Unknown,unknown,RGB
data/train/vid1_frame_0303.jpg,train,3840,1879,3840x1879,HD,JPEG,Unknown,unknown,RGB
data/train/vid3_frame_0679.jpg,train,1920,990,1920x990,HD-Ready,JPEG,Unknown,unknown,RGB
data/train/img8.jpg,train,900,1600,900x1600,HD-Ready,JPEG,Unknown,unknown,RGB
data/train/video_4.mp4_frame_00402.jpg,train,1920,932,1920x932,HD-Ready,JPEG,Unknown,unknown,RGB
data/train/vid4_frame_1431.jpg,train,1920,990,1920x990,HD-Ready,JPEG,Unknown,unknown,RGB
data/train/video_7.mp4_frame_00265.jpg,train,1920,936,1920x936,HD-Ready,JPEG,Unknown,unknown,RGB
data/train/vid3_frame_1026.jpg,train,1920,990,1920x990,HD-Ready,JPEG,Unknown,unknown,RGB
data/train/vid3_frame_1015.jpg,train,1920,990,1920x990,HD-Ready,JPEG,Unknown,unknown,RGB
data/train/video_3_Good_frame_00000 (42).jpg,train,1920,935,1920x935,HD-Ready,JPEG,Unknown,unknown,RGB
data/train/video_4.mp4_frame_00132.jpg,train,1920,932,1920x932,HD-Ready,JPEG,Unknown,unknown,RGB
data/train/video_5.mp4_frame_00066.jpg,train,1920,945,1920x945,HD-Ready,JPEG,Unknown,unknown,RGB
data/train/vid3_frame_0866.jpg,train,1920,990,1920x990,HD-Ready,JPEG,Unknown,unknown,RGB
data/train/video_7_good_frame_00000 (221).jpg,train,1920,930,1920x930,HD-Ready,JPEG,Unknown,unknown,RGB
data/train/vid4_frame_5149.jpg,train,1920,990,1920x990,HD-Ready,JPEG,Unknown,unknown,RGB
data/train/video_7.mp4_frame_00239.jpg,train,1920,936,1920x936,HD-Ready,JPEG,Unknown,unknown,RGB
data/train/video_2.mp4_frame_00111.jpg,train,1920,932,1920x932,HD-Ready,JPEG,Unknown,unknown,RGB
data/train/video_5.mp4_frame_00027.jpg,train,1920,945,1920x945,HD-Ready,JPEG,Unknown,unknown,RGB
data/train/video_3.mp4_frame_00112.jpg,train,1920,935,1920x935,HD-Ready,JPEG,Unknown,unknown,RGB
data/train/video_2.mp4_frame_00276.jpg,train,1920,932,1920x932,HD-Ready,JPEG,Unknown,unknown,RGB
data/train/video_11.mp4_frame_00219.jpg,train,1920,900,1920x900,HD-Ready,JPEG,Unknown,unknown,RGB
data/train/video_7.mp4_frame_00141.jpg,train,1920,930,1920x930,HD-Ready,JPEG,Unknown,unknown,RGB
data/train/img16.jpg,train,1600,1200,1600x1200,HD-Ready,JPEG,Unknown,unknown,RGB
data/train/img181.jpg,train,1920,917,1920x917,HD-Ready,JPEG,Unknown,unknown,RGB
data/train/vid4_frame_1784.jpg,train,1920,990,1920x990,HD-Ready,JPEG,Unknown,unknown,RGB
data/train/vid3_frame_1104.jpg,train,1920,990,1920x990,HD-Ready,JPEG,Unknown,unknown,RGB
data/train/video_1.mp4_frame_00025.jpg,train,1920,932,1920x932,HD-Ready,JPEG,Unknown,unknown,RGB
data/train/vid4_frame_1114.jpg,train,1920,990,1920x990,HD-Ready,JPEG,Unknown,unknown,RGB
data/train/video_11.mp4_frame_00140.jpg,train,1920,900,1920x900,HD-Ready,JPEG,Unknown,unknown,RGB
data/train/video_5.mp4_frame_00184.jpg,train,1920,945,1920x945,HD-Ready,JPEG,Unknown,unknown,RGB
data/train/vid4_frame_1768.jpg,train,1920,990,1920x990,HD-Ready,JPEG,Unknown,unknown,RGB
data/train/video_7.mp4_frame_00672.jpg,train,1920,930,1920x930,HD-Ready,JPEG,Unknown,unknown,RGB
data/train/video_4.mp4_frame_00169.jpg,train,1920,932,1920x932,HD-Ready,JPEG,Unknown,unknown,RGB
data/train/vid15.mp4_frame_00908.jpg,train,1920,908,1920x908,HD-Ready,JPEG,Unknown,unknown,RGB
data/train/video_11.mp4_frame_00235.jpg,train,1920,900,1920x900,HD-Ready,JPEG,Unknown,unknown,RGB
data/train/IMG_ (59).jpg,train,1928,1080,1928x1080,HD,JPEG,Unknown,unknown,RGB
data/train/video_4.mp4_frame_00096.jpg,train,1920,932,1920x932,HD-Ready,JPEG,Unknown,unknown,RGB
data/train/video_4.mp4_frame_00176.jpg,train,1920,932,1920x932,HD-Ready,JPEG,Unknown,unknown,RGB
data/train/video_13.mp4_frame_00228.jpg,train,1920,940,1920x940,HD-Ready,JPEG,Unknown,unknown,RGB
data/train/vid6.mp4_frame_02486.jpg,train,1920,930,1920x930,HD-Ready,JPEG,Unknown,unknown,RGB
data/train/vid4_frame_5606.jpg,train,1920,990,1920x990,HD-Ready,JPEG,Unknown,unknown,RGB
data/train/vid1_frame_0012.jpg,train,3840,1879,3840x1879,HD,JPEG,Unknown,unknown,RGB
data/train/video_2.mp4_frame_00052.jpg,train,1920,932,1920x932,HD-Ready,JPEG,Unknown,unknown,RGB
data/train/IMG_ (135).jpg,train,1927,1080,1927x1080,HD,JPEG,Unknown,unknown,RGB
data/train/video_7.mp4_frame_00669.jpg,train,1920,930,1920x930,HD-Ready,JPEG,Unknown,unknown,RGB
data/train/video_2.mp4_frame_00033.jpg,train,1920,932,1920x932,HD-Ready,JPEG,Unknown,unknown,RGB
data/train/video_4.mp4_frame_00262.jpg,train,1920,932,1920x932,HD-Ready,JPEG,Unknown,unknown,RGB
data/train/img72.jpg,train,1280,599,1280x599,SD,JPEG,Unknown,unknown,RGB
data/train/video_13_Good_frame_00000 (93).jpg,train,1920,940,1920x940,HD-Ready,JPEG,Unknown,unknown,RGB
data/train/vid4_frame_3974.jpg,train,1920,990,1920x990,HD-Ready,JPEG,Unknown,unknown,RGB
data/train/IMG_ (95).jpg,train,1925,1072,1925x1072,HD-Ready,JPEG,Unknown,unknown,RGB
data/train/video_8.mp4_frame_00047.jpg,train,1920,1080,1920x1080,HD,JPEG,Unknown,unknown,RGB
data/train/video_11_good_frame_00034 (28).jpg,train,1920,900,1920x900,HD-Ready,JPEG,Unknown,unknown,RGB
data/train/video_2.mp4_frame_00009 (2).jpg,train,1920,932,1920x932,HD-Ready,JPEG,Unknown,unknown,RGB
data/train/IMG_ (18).jpg,train,4096,1972,4096x1972,HD,JPEG,Unknown,unknown,RGB
data/train/img142.jpg,train,2340,1005,2340x1005,HD,JPEG,Unknown,unknown,RGB
data/train/IMG_ (68).jpg,train,1920,1080,1920x1080,HD,JPEG,Unknown,unknown,RGB
data/train/video_1.mp4_frame_00147.jpg,train,1920,932,1920x932,HD-Ready,JPEG,Unknown,unknown,RGB
data/train/video_7.mp4_frame_00383.jpg,train,1920,930,1920x930,HD-Ready,JPEG,Unknown,unknown,RGB
data/train/video_4.mp4_frame_00184.jpg,train,1920,932,1920x932,HD-Ready,JPEG,Unknown,unknown,RGB
data/train/video_7.mp4_frame_00658.jpg,train,1920,930,1920x930,HD-Ready,JPEG,Unknown,unknown,RGB
data/train/video_8.mp4_frame_00058.jpg,train,1920,1080,1920x1080,HD,JPEG,Unknown,unknown,RGB
data/train/vid3_frame_1068.jpg,train,1920,990,1920x990,HD-Ready,JPEG,Unknown,unknown,RGB
data/train/vid4_frame_3949.jpg,train,1920,990,1920x990,HD-Ready,JPEG,Unknown,unknown,RGB
data/train/video_7.mp4_frame_00546.jpg,train,1920,930,1920x930,HD-Ready,JPEG,Unknown,unknown,RGB
data/train/video_4_good_frame_00000 (32).jpg,train,1920,932,1920x932,HD-Ready,JPEG,Unknown,unknown,RGB
data/train/video_1.mp4_frame_00170.jpg,train,1920,932,1920x932,HD-Ready,JPEG,Unknown,unknown,RGB
data/train/video_13_Good_frame_00000 (102).jpg,train,1920,940,1920x940,HD-Ready,JPEG,Unknown,unknown,RGB
data/train/vid4_frame_3474.jpg,train,1920,990,1920x990,HD-Ready,JPEG,Unknown,unknown,RGB
data/train/vid2_frame_0594.jpg,train,1920,1080,1920x1080,HD,JPEG,Unknown,unknown,RGB
data/train/vid4_frame_4694.jpg,train,1920,990,1920x990,HD-Ready,JPEG,Unknown,unknown,RGB
data/train/vid1_frame_0075.jpg,train,3840,1879,3840x1879,HD,JPEG,Unknown,unknown,RGB
data/train/vid4_frame_5249.jpg,train,1920,990,1920x990,HD-Ready,JPEG,Unknown,unknown,RGB
data/train/video_1.mp4_frame_00389.jpg,train,1920,932,1920x932,HD-Ready,JPEG,Unknown,unknown,RGB
data/train/video_1.mp4_frame_00250.jpg,train,1920,932,1920x932,HD-Ready,JPEG,Unknown,unknown,RGB
data/train/video_9.mp4_frame_00467.jpg,train,1920,900,1920x900,HD-Ready,JPEG,Unknown,unknown,RGB
data/train/video_7.mp4_frame_00223.jpg,train,1920,936,1920x936,HD-Ready,JPEG,Unknown,unknown,RGB
data/train/video_1.mp4_frame_00115.jpg,train,1920,932,1920x932,HD-Ready,JPEG,Unknown,unknown,RGB
data/train/video_4.mp4_frame_00071.jpg,train,1920,932,1920x932,HD-Ready,JPEG,Unknown,unknown,RGB
data/train/video_13.mp4_frame_00290.jpg,train,1920,940,1920x940,HD-Ready,JPEG,Unknown,unknown,RGB
data/train/video_3_Good_frame_00000 (217).jpg,train,1920,935,1920x935,HD-Ready,JPEG,Unknown,unknown,RGB
data/train/video_13.mp4_frame_00269.jpg,train,1920,940,1920x940,HD-Ready,JPEG,Unknown,unknown,RGB
data/train/video_7.mp4_frame_00035.jpg,train,1920,930,1920x930,HD-Ready,JPEG,Unknown,unknown,RGB
data/train/IMG_ (25).jpg,train,4096,1923,4096x1923,HD,JPEG,Unknown,unknown,RGB
data/train/video_13_Good_frame_00000 (71).jpg,train,1920,940,1920x940,HD-Ready,JPEG,Unknown,unknown,RGB
data/train/video_13.mp4_frame_00310.jpg,train,1920,940,1920x940,HD-Ready,JPEG,Unknown,unknown,RGB
data/train/video_2.mp4_frame_00226.jpg,train,1920,932,1920x932,HD-Ready,JPEG,Unknown,unknown,RGB
data/train/video_1.mp4_frame_00215.jpg,train,1920,932,1920x932,HD-Ready,JPEG,Unknown,unknown,RGB
data/train/video_8_good_frame_00000 (72).jpg,train,1920,1080,1920x1080,HD,JPEG,Unknown,unknown,RGB
data/train/vid3_frame_1102.jpg,train,1920,990,1920x990,HD-Ready,JPEG,Unknown,unknown,RGB
data/train/img159.jpg,train,2340,1002,2340x1002,HD,JPEG,Unknown,unknown,RGB
data/train/vid4_frame_1551.jpg,train,1920,990,1920x990,HD-Ready,JPEG,Unknown,unknown,RGB
data/train/vid4_frame_2317.jpg,train,1920,990,1920x990,HD-Ready,JPEG,Unknown,unknown,RGB
data/train/video_9.mp4_frame_00493.jpg,train,1920,900,1920x900,HD-Ready,JPEG,Unknown,unknown,RGB
data/train/video_5.mp4_frame_00075.jpg,train,1920,945,1920x945,HD-Ready,JPEG,Unknown,unknown,RGB
data/train/vid4_frame_4109.jpg,train,1920,990,1920x990,HD-Ready,JPEG,Unknown,unknown,RGB
data/train/video_13_Good_frame_00000 (80).jpg,train,1920,940,1920x940,HD-Ready,JPEG,Unknown,unknown,RGB
data/train/video_1.mp4_frame_00153.jpg,train,1920,932,1920x932,HD-Ready,JPEG,Unknown,unknown,RGB
data/train/video_4.mp4_frame_00177.jpg,train,1920,932,1920x932,HD-Ready,JPEG,Unknown,unknown,RGB
data/train/video_13_Good_frame_00000 (53).jpg,train,1920,940,1920x940,HD-Ready,JPEG,Unknown,unknown,RGB
data/train/vid10.mp4_frame_02130.jpg,train,1920,1080,1920x1080,HD,JPEG,Unknown,unknown,RGB
data/train/vid4_frame_5264.jpg,train,1920,990,1920x990,HD-Ready,JPEG,Unknown,unknown,RGB
data/train/video_11.mp4_frame_00090.jpg,train,1920,900,1920x900,HD-Ready,JPEG,Unknown,unknown,RGB
data/train/video_9.mp4_frame_00494.jpg,train,1920,900,1920x900,HD-Ready,JPEG,Unknown,unknown,RGB
data/train/video_4.mp4_frame_00308.jpg,train,1920,932,1920x932,HD-Ready,JPEG,Unknown,unknown,RGB
data/train/img213.jpg,train,1914,920,1914x920,HD-Ready,JPEG,Unknown,unknown,RGB
data/train/vid4_frame_5223.jpg,train,1920,990,1920x990,HD-Ready,JPEG,Unknown,unknown,RGB
data/train/vid3_frame_1074.jpg,train,1920,990,1920x990,HD-Ready,JPEG,Unknown,unknown,RGB
data/train/video_5.mp4_frame_00116.jpg,train,1920,945,1920x945,HD-Ready,JPEG,Unknown,unknown,RGB
data/train/IMG_ (116).jpg,train,1934,1080,1934x1080,HD,JPEG,Unknown,unknown,RGB
data/train/video_1.mp4_frame_00198.jpg,train,1920,932,1920x932,HD-Ready,JPEG,Unknown,unknown,RGB
data/train/vid1_frame_0019.jpg,train,3840,1778,3840x1778,HD,JPEG,Unknown,unknown,RGB
data/train/video_13_Good_frame_00000 (118).jpg,train,1920,940,1920x940,HD-Ready,JPEG,Unknown,unknown,RGB
data/train/video_13.mp4_frame_00278.jpg,train,1920,940,1920x940,HD-Ready,JPEG,Unknown,unknown,RGB
data/train/vid6.mp4_frame_02472.jpg,train,1920,1080,1920x1080,HD,JPEG,Unknown,unknown,RGB
data/train/vid4_frame_1239.jpg,train,1920,990,1920x990,HD-Ready,JPEG,Unknown,unknown,RGB
data/train/video_1.mp4_frame_00124.jpg,train,1920,932,1920x932,HD-Ready,JPEG,Unknown,unknown,RGB
data/train/video_11.mp4_frame_00026.jpg,train,1920,900,1920x900,HD-Ready,JPEG,Unknown,unknown,RGB
data/train/video_3_Good_frame_00000 (12).jpg,train,1920,935,1920x935,HD-Ready,JPEG,Unknown,unknown,RGB
data/train/video_13_Good_frame_00000 (1).jpg,train,1920,940,1920x940,HD-Ready,JPEG,Unknown,unknown,RGB
data/train/video_7.mp4_frame_00061.jpg,train,1920,930,1920x930,HD-Ready,JPEG,Unknown,unknown,RGB
data/train/img79.jpg,train,1280,598,1280x598,SD,JPEG,Unknown,unknown,RGB
data/train/video_13.mp4_frame_00378.jpg,train,1920,940,1920x940,HD-Ready,JPEG,Unknown,unknown,RGB
data/train/video_4_good_frame_00000 (77).jpg,train,1920,932,1920x932,HD-Ready,JPEG,Unknown,unknown,RGB
data/train/video_7.mp4_frame_00046.jpg,train,1920,930,1920x930,HD-Ready,JPEG,Unknown,unknown,RGB
data/train/img216.jpg,train,1916,982,1916x982,HD-Ready,JPEG,Unknown,unknown,RGB
data/train/video_1.mp4_frame_00289.jpg,train,1920,932,1920x932,HD-Ready,JPEG,Unknown,unknown,RGB
data/train/video_3_Good_frame_00000 (125).jpg,train,1920,935,1920x935,HD-Ready,JPEG,Unknown,unknown,RGB
data/train/video_13.mp4_frame_00241.jpg,train,1920,940,1920x940,HD-Ready,JPEG,Unknown,unknown,RGB
data/train/vid6.mp4_frame_02484.jpg,train,1920,930,1920x930,HD-Ready,JPEG,Unknown,unknown,RGB
data/train/vid3_frame_0763.jpg,train,1920,990,1920x990,HD-Ready,JPEG,Unknown,unknown,RGB
data/train/video_11.mp4_frame_00054.jpg,train,1920,900,1920x900,HD-Ready,JPEG,Unknown,unknown,RGB
data/train/vid3_frame_0873.jpg,train,1920,990,1920x990,HD-Ready,JPEG,Unknown,unknown,RGB
data/train/vid3_frame_0718.jpg,train,1920,990,1920x990,HD-Ready,JPEG,Unknown,unknown,RGB
data/train/vid2_frame_0593.jpg,train,1920,1080,1920x1080,HD,JPEG,Unknown,unknown,RGB
data/train/img125.jpeg,train,1600,634,1600x634,HD-Ready,JPEG,Unknown,unknown,RGB
data/train/img119.jpeg,train,1600,800,1600x800,HD-Ready,JPEG,Unknown,unknown,RGB
data/train/video_5.mp4_frame_00157.jpg,train,1920,945,1920x945,HD-Ready,JPEG,Unknown,unknown,RGB
data/train/vid15.mp4_frame_00796.jpg,train,1920,908,1920x908,HD-Ready,JPEG,Unknown,unknown,RGB
data/train/vid4_frame_1340.jpg,train,1920,990,1920x990,HD-Ready,JPEG,Unknown,unknown,RGB
data/train/video_11.mp4_frame_00049.jpg,train,1920,900,1920x900,HD-Ready,JPEG,Unknown,unknown,RGB
data/train/video_9.mp4_frame_00451.jpg,train,1920,900,1920x900,HD-Ready,JPEG,Unknown,unknown,RGB
data/train/vid10.mp4_frame_02268.jpg,train,1920,990,1920x990,HD-Ready,JPEG,Unknown,unknown,RGB
data/train/video_8_good_frame_00000 (175).jpg,train,1920,1080,1920x1080,HD,JPEG,Unknown,unknown,RGB
data/train/video_7.mp4_frame_00164.jpg,train,1920,930,1920x930,HD-Ready,JPEG,Unknown,unknown,RGB
data/train/vid4_frame_5120.jpg,train,1920,990,1920x990,HD-Ready,JPEG,Unknown,unknown,RGB
data/train/vid4_frame_3880.jpg,train,1920,990,1920x990,HD-Ready,JPEG,Unknown,unknown,RGB
data/train/video_4.mp4_frame_00114.jpg,train,1920,932,1920x932,HD-Ready,JPEG,Unknown,unknown,RGB
data/train/video_13.mp4_frame_00259.jpg,train,1920,940,1920x940,HD-Ready,JPEG,Unknown,unknown,RGB
data/train/img11.jpg,train,1280,800,1280x800,HD-Ready,JPEG,Unknown,unknown,RGB
data/train/video_8_good_frame_00000 (67).jpg,train,1920,1080,1920x1080,HD,JPEG,Unknown,unknown,RGB
data/train/img184.jpg,train,1918,979,1918x979,HD-Ready,JPEG,Unknown,unknown,RGB
data/train/IMG_ (120).jpg,train,1925,1080,1925x1080,HD,JPEG,Unknown,unknown,RGB
data/train/img264.jpg,train,1079,724,1079x724,SD,JPEG,Unknown,unknown,RGB
data/train/vid2_frame_0599.jpg,train,1920,1080,1920x1080,HD,JPEG,Unknown,unknown,RGB
data/train/video_3_Good_frame_00000 (180).jpg,train,1920,935,1920x935,HD-Ready,JPEG,Unknown,unknown,RGB
data/train/vid3_frame_0872.jpg,train,1920,990,1920x990,HD-Ready,JPEG,Unknown,unknown,RGB
data/train/video_3_Good_frame_00000 (213).jpg,train,1920,935,1920x935,HD-Ready,JPEG,Unknown,unknown,RGB
data/train/vid4_frame_5025.jpg,train,1920,990,1920x990,HD-Ready,JPEG,Unknown,unknown,RGB
data/train/video_11.mp4_frame_00059.jpg,train,1920,900,1920x900,HD-Ready,JPEG,Unknown,unknown,RGB
data/train/video_2.mp4_frame_00011.jpg,train,1920,932,1920x932,HD-Ready,JPEG,Unknown,unknown,RGB
data/train/vid4_frame_3067.jpg,train,1920,990,1920x990,HD-Ready,JPEG,Unknown,unknown,RGB
data/train/video_7.mp4_frame_00041.jpg,train,1920,930,1920x930,HD-Ready,JPEG,Unknown,unknown,RGB
data/train/video_3_Good_frame_00000 (226).jpg,train,1920,935,1920x935,HD-Ready,JPEG,Unknown,unknown,RGB
data/train/video_1.mp4_frame_00012.jpg,train,1920,932,1920x932,HD-Ready,JPEG,Unknown,unknown,RGB
data/train/vid3_frame_0805.jpg,train,1920,990,1920x990,HD-Ready,JPEG,Unknown,unknown,RGB
data/train/video_11.mp4_frame_00075.jpg,train,1920,900,1920x900,HD-Ready,JPEG,Unknown,unknown,RGB
data/train/video_1.mp4_frame_00320.jpg,train,1920,932,1920x932,HD-Ready,JPEG,Unknown,unknown,RGB
data/train/video_2.mp4_frame_00470.jpg,train,1920,932,1920x932,HD-Ready,JPEG,Unknown,unknown,RGB
data/train/vid3_frame_0984.jpg,train,1920,990,1920x990,HD-Ready,JPEG,Unknown,unknown,RGB
data/train/vid10.mp4_frame_02271.jpg,train,1920,990,1920x990,HD-Ready,JPEG,Unknown,unknown,RGB
data/train/video_5.mp4_frame_00077.jpg,train,1920,945,1920x945,HD-Ready,JPEG,Unknown,unknown,RGB
data/train/video_4.mp4_frame_00492.jpg,train,1920,932,1920x932,HD-Ready,JPEG,Unknown,unknown,RGB
data/train/video_4.mp4_frame_00028.jpg,train,1920,932,1920x932,HD-Ready,JPEG,Unknown,unknown,RGB
data/train/vid15.mp4_frame_00795.jpg,train,1920,908,1920x908,HD-Ready,JPEG,Unknown,unknown,RGB
data/train/video_11.mp4_frame_00168.jpg,train,1920,900,1920x900,HD-Ready,JPEG,Unknown,unknown,RGB
data/train/video_4.mp4_frame_00034.jpg,train,1920,932,1920x932,HD-Ready,JPEG,Unknown,unknown,RGB
data/train/video_7.mp4_frame_00153.jpg,train,1920,930,1920x930,HD-Ready,JPEG,Unknown,unknown,RGB
data/train/vid3_frame_0992.jpg,train,1920,990,1920x990,HD-Ready,JPEG,Unknown,unknown,RGB
data/train/video_7.mp4_frame_00587.jpg,train,1920,930,1920x930,HD-Ready,JPEG,Unknown,unknown,RGB
data/train/vid4_frame_2122.jpg,train,1920,990,1920x990,HD-Ready,JPEG,Unknown,unknown,RGB
data/train/video_2.mp4_frame_00175.jpg,train,1920,932,1920x932,HD-Ready,JPEG,Unknown,unknown,RGB
data/train/vid4_frame_5090.jpg,train,1920,990,1920x990,HD-Ready,JPEG,Unknown,unknown,RGB
data/train/video_1.mp4_frame_00134.jpg,train,1920,932,1920x932,HD-Ready,JPEG,Unknown,unknown,RGB
data/train/vid10.mp4_frame_00870.jpg,train,1920,990,1920x990,HD-Ready,JPEG,Unknown,unknown,RGB
data/train/video_1.mp4_frame_00116.jpg,train,1920,932,1920x932,HD-Ready,JPEG,Unknown,unknown,RGB
data/train/vid1_frame_0074.jpg,train,3840,1879,3840x1879,HD,JPEG,Unknown,unknown,RGB
data/train/video_4.mp4_frame_00348.jpg,train,1920,932,1920x932,HD-Ready,JPEG,Unknown,unknown,RGB
data/train/video_5.mp4_frame_00025.jpg,train,1920,945,1920x945,HD-Ready,JPEG,Unknown,unknown,RGB
data/train/video_5.mp4_frame_00087.jpg,train,1920,945,1920x945,HD-Ready,JPEG,Unknown,unknown,RGB
data/train/video_3.mp4_frame_00269.jpg,train,1920,935,1920x935,HD-Ready,JPEG,Unknown,unknown,RGB
data/train/vid3_frame_0726.jpg,train,1920,990,1920x990,HD-Ready,JPEG,Unknown,unknown,RGB
data/train/video_1.mp4_frame_00200.jpg,train,1920,932,1920x932,HD-Ready,JPEG,Unknown,unknown,RGB
data/train/video_7.mp4_frame_00357.jpg,train,1920,936,1920x936,HD-Ready,JPEG,Unknown,unknown,RGB
data/train/vid4_frame_4529.jpg,train,1920,990,1920x990,HD-Ready,JPEG,Unknown,unknown,RGB
data/train/IMG_ (55).jpg,train,1929,1080,1929x1080,HD,JPEG,Unknown,unknown,RGB
data/train/video_2.mp4_frame_00204.jpg,train,1920,932,1920x932,HD-Ready,JPEG,Unknown,unknown,RGB
data/train/vid2_frame_0580.jpg,train,1920,1080,1920x1080,HD,JPEG,Unknown,unknown,RGB
data/train/video_3_Good_frame_00000 (211).jpg,train,1920,935,1920x935,HD-Ready,JPEG,Unknown,unknown,RGB
data/train/vid10.mp4_frame_01931.jpg,train,1920,990,1920x990,HD-Ready,JPEG,Unknown,unknown,RGB
data/train/video_4.mp4_frame_00464.jpg,train,1920,932,1920x932,HD-Ready,JPEG,Unknown,unknown,RGB
data/train/video_11.mp4_frame_00132.jpg,train,1920,900,1920x900,HD-Ready,JPEG,Unknown,unknown,RGB
data/train/video_3_Good_frame_00000 (215).jpg,train,1920,935,1920x935,HD-Ready,JPEG,Unknown,unknown,RGB
data/train/video_11.mp4_frame_00063.jpg,train,1920,900,1920x900,HD-Ready,JPEG,Unknown,unknown,RGB
data/train/vid4_frame_2091.jpg,train,1920,990,1920x990,HD-Ready,JPEG,Unknown,unknown,RGB
data/train/vid4_frame_2093.jpg,train,1920,990,1920x990,HD-Ready,JPEG,Unknown,unknown,RGB
data/train/vid4_frame_1240.jpg,train,1920,990,1920x990,HD-Ready,JPEG,Unknown,unknown,RGB
data/train/IMG_ (98).jpg,train,1927,1080,1927x1080,HD,JPEG,Unknown,unknown,RGB
data/train/video_8_good_frame_00000 (18).jpg,train,1920,1080,1920x1080,HD,JPEG,Unknown,unknown,RGB
data/train/video_13.mp4_frame_00307.jpg,train,1920,940,1920x940,HD-Ready,JPEG,Unknown,unknown,RGB
data/train/video_4.mp4_frame_00319.jpg,train,1920,932,1920x932,HD-Ready,JPEG,Unknown,unknown,RGB
data/train/video_13_Good_frame_00000 (51).jpg,train,1920,940,1920x940,HD-Ready,JPEG,Unknown,unknown,RGB
data/train/video_11.mp4_frame_00091.jpg,train,1920,900,1920x900,HD-Ready,JPEG,Unknown,unknown,RGB
data/train/video_3_Good_frame_00000 (20).jpg,train,1920,935,1920x935,HD-Ready,JPEG,Unknown,unknown,RGB
data/train/vid15.mp4_frame_00820.jpg,train,1920,908,1920x908,HD-Ready,JPEG,Unknown,unknown,RGB
data/train/video_4.mp4_frame_00298.jpg,train,1920,932,1920x932,HD-Ready,JPEG,Unknown,unknown,RGB
data/train/video_7.mp4_frame_00423.jpg,train,1920,930,1920x930,HD-Ready,JPEG,Unknown,unknown,RGB
data/train/img96.jpg,train,1280,616,1280x616,SD,JPEG,Unknown,unknown,RGB
data/train/video_5.mp4_frame_00022.jpg,train,1920,945,1920x945,HD-Ready,JPEG,Unknown,unknown,RGB
data/train/vid2_frame_0583.jpg,train,1920,1080,1920x1080,HD,JPEG,Unknown,unknown,RGB
data/train/video_11.mp4_frame_00087.jpg,train,1920,900,1920x900,HD-Ready,JPEG,Unknown,unknown,RGB
data/train/vid4_frame_1912.jpg,train,1920,990,1920x990,HD-Ready,JPEG,Unknown,unknown,RGB
data/train/img77.jpg,train,1280,602,1280x602,SD,JPEG,Unknown,unknown,RGB
data/train/video_4.mp4_frame_00148.jpg,train,1920,932,1920x932,HD-Ready,JPEG,Unknown,unknown,RGB
data/train/video_7.mp4_frame_00359.jpg,train,1920,936,1920x936,HD-Ready,JPEG,Unknown,unknown,RGB
data/train/video_7_good_frame_00000 (227).jpg,train,1920,930,1920x930,HD-Ready,JPEG,Unknown,unknown,RGB
data/train/IMG_ (73).jpg,train,1912,1073,1912x1073,HD-Ready,JPEG,Unknown,unknown,RGB
data/train/video_4.mp4_frame_00249.jpg,train,1920,932,1920x932,HD-Ready,JPEG,Unknown,unknown,RGB
data/train/video_1.mp4_frame_00459.jpg,train,1920,932,1920x932,HD-Ready,JPEG,Unknown,unknown,RGB
data/train/vid4_frame_5611.jpg,train,1920,990,1920x990,HD-Ready,JPEG,Unknown,unknown,RGB
data/train/video_3.mp4_frame_00267.jpg,train,1920,935,1920x935,HD-Ready,JPEG,Unknown,unknown,RGB
data/train/vid3_frame_0659.jpg,train,1920,990,1920x990,HD-Ready,JPEG,Unknown,unknown,RGB
data/train/vid7.mp4_frame_02912.jpg,train,1920,905,1920x905,HD-Ready,JPEG,Unknown,unknown,RGB
data/train/video_8_good_frame_00000 (104).jpg,train,1920,1080,1920x1080,HD,JPEG,Unknown,unknown,RGB
data/train/vid4_frame_1164.jpg,train,1920,990,1920x990,HD-Ready,JPEG,Unknown,unknown,RGB
data/train/img156.jpg,train,1931,932,1931x932,HD-Ready,JPEG,Unknown,unknown,RGB
data/train/video_3.mp4_frame_00038.jpg,train,1920,935,1920x935,HD-Ready,JPEG,Unknown,unknown,RGB
data/train/vid1_frame_0164.jpg,train,3840,1879,3840x1879,HD,JPEG,Unknown,unknown,RGB
data/train/vid3_frame_1008.jpg,train,1920,990,1920x990,HD-Ready,JPEG,Unknown,unknown,RGB
data/train/vid3_frame_1085.jpg,train,1920,990,1920x990,HD-Ready,JPEG,Unknown,unknown,RGB
data/train/vid4_frame_2584.jpg,train,1920,990,1920x990,HD-Ready,JPEG,Unknown,unknown,RGB
data/train/img168.png,train,1919,905,1919x905,HD-Ready,PNG,Unknown,unknown,RGBA
data/train/img78.jpg,train,1280,601,1280x601,SD,JPEG,Unknown,unknown,RGB
data/train/vid14.mp4_frame_00605.jpg,train,1920,1080,1920x1080,HD,JPEG,Unknown,unknown,RGB
data/train/img212.jpg,train,1912,945,1912x945,HD-Ready,JPEG,Unknown,unknown,RGB
data/train/video_9.mp4_frame_00592.jpg,train,1920,900,1920x900,HD-Ready,JPEG,Unknown,unknown,RGB
data/train/vid4_frame_3457.jpg,train,1920,990,1920x990,HD-Ready,JPEG,Unknown,unknown,RGB
data/train/video_3_Good_frame_00000 (70).jpg,train,1920,935,1920x935,HD-Ready,JPEG,Unknown,unknown,RGB
data/train/vid1_frame_0281.jpg,train,3840,1879,3840x1879,HD,JPEG,Unknown,unknown,RGB
data/train/IMG_ (71).jpg,train,1917,1080,1917x1080,HD-Ready,JPEG,Unknown,unknown,RGB
data/train/video_7.mp4_frame_00031.jpg,train,1920,930,1920x930,HD-Ready,JPEG,Unknown,unknown,RGB
data/train/video_4.mp4_frame_00269.jpg,train,1920,932,1920x932,HD-Ready,JPEG,Unknown,unknown,RGB
data/train/vid6.mp4_frame_02649.jpg,train,1920,930,1920x930,HD-Ready,JPEG,Unknown,unknown,RGB
data/train/video_1.mp4_frame_00372.jpg,train,1920,932,1920x932,HD-Ready,JPEG,Unknown,unknown,RGB
data/train/vid6.mp4_frame_02601.jpg,train,1920,930,1920x930,HD-Ready,JPEG,Unknown,unknown,RGB
data/train/video_7.mp4_frame_00117.jpg,train,1920,930,1920x930,HD-Ready,JPEG,Unknown,unknown,RGB
data/train/video_7.mp4_frame_00671.jpg,train,1920,930,1920x930,HD-Ready,JPEG,Unknown,unknown,RGB
data/train/video_7.mp4_frame_00665.jpg,train,1920,930,1920x930,HD-Ready,JPEG,Unknown,unknown,RGB
data/train/vid10.mp4_frame_00664.jpg,train,1920,990,1920x990,HD-Ready,JPEG,Unknown,unknown,RGB
data/train/vid1_frame_0016.jpg,train,3840,1879,3840x1879,HD,JPEG,Unknown,unknown,RGB
data/train/video_13.mp4_frame_00172.jpg,train,1920,940,1920x940,HD-Ready,JPEG,Unknown,unknown,RGB
data/train/vid4_frame_2868.jpg,train,1920,990,1920x990,HD-Ready,JPEG,Unknown,unknown,RGB
data/train/video_13.mp4_frame_00181.jpg,train,1920,940,1920x940,HD-Ready,JPEG,Unknown,unknown,RGB
data/train/vid2_frame_0569.jpg,train,1920,1080,1920x1080,HD,JPEG,Unknown,unknown,RGB
data/train/vid4_frame_4357.jpg,train,1920,990,1920x990,HD-Ready,JPEG,Unknown,unknown,RGB
data/train/vid4_frame_2583.jpg,train,1920,990,1920x990,HD-Ready,JPEG,Unknown,unknown,RGB
data/train/video_13.mp4_frame_00122.jpg,train,1920,940,1920x940,HD-Ready,JPEG,Unknown,unknown,RGB
data/train/vid4_frame_5565.jpg,train,1920,990,1920x990,HD-Ready,JPEG,Unknown,unknown,RGB
data/train/vid3_frame_1040.jpg,train,1920,990,1920x990,HD-Ready,JPEG,Unknown,unknown,RGB
data/train/video_2.mp4_frame_00281.jpg,train,1920,932,1920x932,HD-Ready,JPEG,Unknown,unknown,RGB
data/train/video_11.mp4_frame_00189.jpg,train,1920,900,1920x900,HD-Ready,JPEG,Unknown,unknown,RGB
data/train/video_13.mp4_frame_00249.jpg,train,1920,940,1920x940,HD-Ready,JPEG,Unknown,unknown,RGB
data/train/video_3_Good_frame_00000 (120).jpg,train,1920,935,1920x935,HD-Ready,JPEG,Unknown,unknown,RGB
data/train/video_1.mp4_frame_00221.jpg,train,1920,932,1920x932,HD-Ready,JPEG,Unknown,unknown,RGB
data/train/vid10.mp4_frame_00869.jpg,train,1920,990,1920x990,HD-Ready,JPEG,Unknown,unknown,RGB
data/train/video_2.mp4_frame_00008 (2).jpg,train,1920,932,1920x932,HD-Ready,JPEG,Unknown,unknown,RGB
data/train/vid3_frame_0964.jpg,train,1920,990,1920x990,HD-Ready,JPEG,Unknown,unknown,RGB
data/train/vid14.mp4_frame_00517.jpg,train,1920,990,1920x990,HD-Ready,JPEG,Unknown,unknown,RGB
data/train/video_9.mp4_frame_00461.jpg,train,1920,900,1920x900,HD-Ready,JPEG,Unknown,unknown,RGB
data/train/video_5.mp4_frame_00039.jpg,train,1920,945,1920x945,HD-Ready,JPEG,Unknown,unknown,RGB
data/train/video_3.mp4_frame_00195.jpg,train,1920,935,1920x935,HD-Ready,JPEG,Unknown,unknown,RGB
data/train/video_4.mp4_frame_00513.jpg,train,1920,932,1920x932,HD-Ready,JPEG,Unknown,unknown,RGB
data/train/img164.png,train,1919,875,1919x875,HD-Ready,PNG,Unknown,unknown,RGBA
data/train/video_8_good_frame_00000 (139).jpg,train,1920,1080,1920x1080,HD,JPEG,Unknown,unknown,RGB
data/train/vid15.mp4_frame_00909.jpg,train,1920,908,1920x908,HD-Ready,JPEG,Unknown,unknown,RGB
data/train/video_7.mp4_frame_00413.jpg,train,1920,930,1920x930,HD-Ready,JPEG,Unknown,unknown,RGB
data/train/video_3_Good_frame_00000 (161).jpg,train,1920,935,1920x935,HD-Ready,JPEG,Unknown,unknown,RGB
data/train/video_13_Good_frame_00000 (88).jpg,train,1920,940,1920x940,HD-Ready,JPEG,Unknown,unknown,RGB
data/train/video_8.mp4_frame_00003.jpg,train,1920,1080,1920x1080,HD,JPEG,Unknown,unknown,RGB
data/train/vid8.mp4_frame_03075.jpg,train,1920,1080,1920x1080,HD,JPEG,Unknown,unknown,RGB
data/train/video_7.mp4_frame_00151.jpg,train,1920,930,1920x930,HD-Ready,JPEG,Unknown,unknown,RGB
data/train/video_3.mp4_frame_00189.jpg,train,1920,935,1920x935,HD-Ready,JPEG,Unknown,unknown,RGB
data/train/vid4_frame_5222.jpg,train,1920,990,1920x990,HD-Ready,JPEG,Unknown,unknown,RGB
data/train/vid4_frame_2952.jpg,train,1920,990,1920x990,HD-Ready,JPEG,Unknown,unknown,RGB
data/train/video_11.mp4_frame_00116.jpg,train,1920,900,1920x900,HD-Ready,JPEG,Unknown,unknown,RGB
data/train/vid10.mp4_frame_00666.jpg,train,1920,990,1920x990,HD-Ready,JPEG,Unknown,unknown,RGB
data/train/vid4_frame_1868.jpg,train,1920,990,1920x990,HD-Ready,JPEG,Unknown,unknown,RGB
data/train/video_4.mp4_frame_00252.jpg,train,1920,932,1920x932,HD-Ready,JPEG,Unknown,unknown,RGB
data/train/vid4_frame_5527.jpg,train,1920,990,1920x990,HD-Ready,JPEG,Unknown,unknown,RGB
data/train/img270.jpg,train,2412,1080,2412x1080,HD,JPEG,Unknown,unknown,RGB
data/train/vid4_frame_2113.jpg,train,1920,990,1920x990,HD-Ready,JPEG,Unknown,unknown,RGB
data/train/IMG_ (126).jpg,train,1894,1080,1894x1080,HD-Ready,JPEG,Unknown,unknown,RGB
data/train/video_1.mp4_frame_00323.jpg,train,1920,932,1920x932,HD-Ready,JPEG,Unknown,unknown,RGB
data/train/video_11.mp4_frame_00084.jpg,train,1920,900,1920x900,HD-Ready,JPEG,Unknown,unknown,RGB
data/train/vid3_frame_0883.jpg,train,1920,990,1920x990,HD-Ready,JPEG,Unknown,unknown,RGB
data/train/video_2.mp4_frame_00005.jpg,train,1920,932,1920x932,HD-Ready,JPEG,Unknown,unknown,RGB
data/train/vid4_frame_5052.jpg,train,1920,990,1920x990,HD-Ready,JPEG,Unknown,unknown,RGB
data/train/video_5.mp4_frame_00014.jpg,train,1920,945,1920x945,HD-Ready,JPEG,Unknown,unknown,RGB
data/train/vid4_frame_4765.jpg,train,1920,990,1920x990,HD-Ready,JPEG,Unknown,unknown,RGB
data/train/vid3_frame_0863.jpg,train,1920,990,1920x990,HD-Ready,JPEG,Unknown,unknown,RGB
data/train/IMG_ (33).jpg,train,1925,1079,1925x1079,HD,JPEG,Unknown,unknown,RGB
data/train/video_4.mp4_frame_00193.jpg,train,1920,932,1920x932,HD-Ready,JPEG,Unknown,unknown,RGB
data/train/vid4_frame_2281.jpg,train,1920,990,1920x990,HD-Ready,JPEG,Unknown,unknown,RGB
data/train/video_1.mp4_frame_00263.jpg,train,1920,932,1920x932,HD-Ready,JPEG,Unknown,unknown,RGB
data/train/vid4_frame_4981.jpg,train,1920,990,1920x990,HD-Ready,JPEG,Unknown,unknown,RGB
data/train/video_3_Good_frame_00000 (118).jpg,train,1920,935,1920x935,HD-Ready,JPEG,Unknown,unknown,RGB
data/train/video_1.mp4_frame_00290.jpg,train,1920,932,1920x932,HD-Ready,JPEG,Unknown,unknown,RGB
data/train/video_7.mp4_frame_00213.jpg,train,1920,936,1920x936,HD-Ready,JPEG,Unknown,unknown,RGB
data/train/video_8_good_frame_00000 (10).jpg,train,1920,1080,1920x1080,HD,JPEG,Unknown,unknown,RGB
data/train/video_13_Good_frame_00000 (86).jpg,train,1920,940,1920x940,HD-Ready,JPEG,Unknown,unknown,RGB
data/train/img160.png,train,1907,875,1907x875,HD-Ready,PNG,Unknown,unknown,RGBA
data/train/vid4_frame_5102.jpg,train,1920,990,1920x990,HD-Ready,JPEG,Unknown,unknown,RGB
data/train/vid4_frame_5086.jpg,train,1920,990,1920x990,HD-Ready,JPEG,Unknown,unknown,RGB
data/train/img165.png,train,1919,962,1919x962,HD-Ready,PNG,Unknown,unknown,RGBA
data/train/vid4_frame_5501.jpg,train,1920,990,1920x990,HD-Ready,JPEG,Unknown,unknown,RGB
data/train/video_8_good_frame_00000 (98).jpg,train,1920,1080,1920x1080,HD,JPEG,Unknown,unknown,RGB
data/train/vid4_frame_4069.jpg,train,1920,990,1920x990,HD-Ready,JPEG,Unknown,unknown,RGB
data/train/video_1.mp4_frame_00143.jpg,train,1920,932,1920x932,HD-Ready,JPEG,Unknown,unknown,RGB
data/train/vid4_frame_4022.jpg,train,1920,990,1920x990,HD-Ready,JPEG,Unknown,unknown,RGB
data/train/video_3.mp4_frame_00199.jpg,train,1920,935,1920x935,HD-Ready,JPEG,Unknown,unknown,RGB
data/train/vid4_frame_3761.jpg,train,1920,990,1920x990,HD-Ready,JPEG,Unknown,unknown,RGB
data/train/img182.jpg,train,2340,879,2340x879,HD-Ready,JPEG,Unknown,unknown,RGB
data/train/video_11.mp4_frame_00180.jpg,train,1920,900,1920x900,HD-Ready,JPEG,Unknown,unknown,RGB
data/train/video_3_Good_frame_00000 (64).jpg,train,1920,935,1920x935,HD-Ready,JPEG,Unknown,unknown,RGB
data/train/video_3_Good_frame_00000 (7).jpg,train,1920,935,1920x935,HD-Ready,JPEG,Unknown,unknown,RGB
data/train/video_7.mp4_frame_00042.jpg,train,1920,930,1920x930,HD-Ready,JPEG,Unknown,unknown,RGB
data/train/video_4.mp4_frame_00281.jpg,train,1920,932,1920x932,HD-Ready,JPEG,Unknown,unknown,RGB
data/train/vid10.mp4_frame_00897.jpg,train,1920,990,1920x990,HD-Ready,JPEG,Unknown,unknown,RGB
data/train/video_11.mp4_frame_00155.jpg,train,1920,900,1920x900,HD-Ready,JPEG,Unknown,unknown,RGB
data/train/video_13.mp4_frame_00279.jpg,train,1920,940,1920x940,HD-Ready,JPEG,Unknown,unknown,RGB
data/train/video_2.mp4_frame_00037.jpg,train,1920,932,1920x932,HD-Ready,JPEG,Unknown,unknown,RGB
data/train/vid3_frame_0765.jpg,train,1920,990,1920x990,HD-Ready,JPEG,Unknown,unknown,RGB
data/train/vid4_frame_5458.jpg,train,1920,990,1920x990,HD-Ready,JPEG,Unknown,unknown,RGB
data/train/video_11.mp4_frame_00128.jpg,train,1920,900,1920x900,HD-Ready,JPEG,Unknown,unknown,RGB
data/train/video_4.mp4_frame_00056.jpg,train,1920,932,1920x932,HD-Ready,JPEG,Unknown,unknown,RGB
data/train/video_1.mp4_frame_00482.jpg,train,1920,932,1920x932,HD-Ready,JPEG,Unknown,unknown,RGB
data/train/video_7.mp4_frame_00681.jpg,train,1920,930,1920x930,HD-Ready,JPEG,Unknown,unknown,RGB
data/train/video_8.mp4_frame_00005.jpg,train,1920,1080,1920x1080,HD,JPEG,Unknown,unknown,RGB
data/train/vid4_frame_1910.jpg,train,1920,990,1920x990,HD-Ready,JPEG,Unknown,unknown,RGB
data/train/video_7.mp4_frame_00185.jpg,train,1920,930,1920x930,HD-Ready,JPEG,Unknown,unknown,RGB
data/train/vid4_frame_5053.jpg,train,1920,990,1920x990,HD-Ready,JPEG,Unknown,unknown,RGB
data/train/vid14.mp4_frame_00567.jpg,train,1920,990,1920x990,HD-Ready,JPEG,Unknown,unknown,RGB
data/train/vid10.mp4_frame_01173.jpg,train,1920,990,1920x990,HD-Ready,JPEG,Unknown,unknown,RGB
data/train/video_3_Good_frame_00000 (150).jpg,train,1920,935,1920x935,HD-Ready,JPEG,Unknown,unknown,RGB
data/train/vid3_frame_0603.jpg,train,1920,1080,1920x1080,HD,JPEG,Unknown,unknown,RGB
data/train/video_9.mp4_frame_00660.jpg,train,1920,900,1920x900,HD-Ready,JPEG,Unknown,unknown,RGB
data/train/video_3_Good_frame_00000 (126).jpg,train,1920,935,1920x935,HD-Ready,JPEG,Unknown,unknown,RGB
data/train/vid4_frame_4165.jpg,train,1920,990,1920x990,HD-Ready,JPEG,Unknown,unknown,RGB
data/train/img132.jpg,train,1928,937,1928x937,HD-Ready,JPEG,Unknown,unknown,RGB
data/train/vid3_frame_0739.jpg,train,1920,990,1920x990,HD-Ready,JPEG,Unknown,unknown,RGB
data/train/video_7.mp4_frame_00217.jpg,train,1920,936,1920x936,HD-Ready,JPEG,Unknown,unknown,RGB
data/train/IMG_ (113).jpg,train,1909,1080,1909x1080,HD-Ready,JPEG,Unknown,unknown,RGB
data/train/video_4.mp4_frame_00036.jpg,train,1920,932,1920x932,HD-Ready,JPEG,Unknown,unknown,RGB
data/train/video_9.mp4_frame_00729.jpg,train,1920,900,1920x900,HD-Ready,JPEG,Unknown,unknown,RGB
data/train/vid4_frame_3539.jpg,train,1920,990,1920x990,HD-Ready,JPEG,Unknown,unknown,RGB
data/train/video_13_Good_frame_00000 (67).jpg,train,1920,940,1920x940,HD-Ready,JPEG,Unknown,unknown,RGB
data/train/video_4.mp4_frame_00091.jpg,train,1920,932,1920x932,HD-Ready,JPEG,Unknown,unknown,RGB
data/train/img63.jpg,train,1280,599,1280x599,SD,JPEG,Unknown,unknown,RGB
data/train/video_13_Good_frame_00000 (35).jpg,train,1920,940,1920x940,HD-Ready,JPEG,Unknown,unknown,RGB
data/train/video_9.mp4_frame_00594.jpg,train,1920,900,1920x900,HD-Ready,JPEG,Unknown,unknown,RGB
data/train/video_2.mp4_frame_00247.jpg,train,1920,932,1920x932,HD-Ready,JPEG,Unknown,unknown,RGB
data/train/vid4_frame_5536.jpg,train,1920,990,1920x990,HD-Ready,JPEG,Unknown,unknown,RGB
data/train/vid15.mp4_frame_00691.jpg,train,1920,908,1920x908,HD-Ready,JPEG,Unknown,unknown,RGB
data/train/vid4_frame_2505.jpg,train,1920,990,1920x990,HD-Ready,JPEG,Unknown,unknown,RGB
data/train/video_2.mp4_frame_00204 (2).jpg,train,1920,932,1920x932,HD-Ready,JPEG,Unknown,unknown,RGB
data/train/video_2.mp4_frame_00115 (2).jpg,train,1920,932,1920x932,HD-Ready,JPEG,Unknown,unknown,RGB
data/train/vid10.mp4_frame_00197.jpg,train,1920,990,1920x990,HD-Ready,JPEG,Unknown,unknown,RGB
data/train/video_7.mp4_frame_00337.jpg,train,1920,936,1920x936,HD-Ready,JPEG,Unknown,unknown,RGB
data/train/video_4.mp4_frame_00352.jpg,train,1920,932,1920x932,HD-Ready,JPEG,Unknown,unknown,RGB
data/train/video_1.mp4_frame_00021.jpg,train,1920,932,1920x932,HD-Ready,JPEG,Unknown,unknown,RGB
data/train/video_1.mp4_frame_00159.jpg,train,1920,932,1920x932,HD-Ready,JPEG,Unknown,unknown,RGB
data/train/vid10.mp4_frame_00939.jpg,train,1920,990,1920x990,HD-Ready,JPEG,Unknown,unknown,RGB
data/train/video_7.mp4_frame_00140.jpg,train,1920,930,1920x930,HD-Ready,JPEG,Unknown,unknown,RGB
data/train/video_5.mp4_frame_00185.jpg,train,1920,945,1920x945,HD-Ready,JPEG,Unknown,unknown,RGB
data/train/vid1_frame_0256.jpg,train,3840,1816,3840x1816,HD,JPEG,Unknown,unknown,RGB
data/train/vid6.mp4_frame_02577.jpg,train,1920,930,1920x930,HD-Ready,JPEG,Unknown,unknown,RGB
data/train/video_1.mp4_frame_00121.jpg,train,1920,932,1920x932,HD-Ready,JPEG,Unknown,unknown,RGB
data/train/video_11.mp4_frame_00214.jpg,train,1920,900,1920x900,HD-Ready,JPEG,Unknown,unknown,RGB
data/train/video_4_good_frame_00000 (35).jpg,train,1920,932,1920x932,HD-Ready,JPEG,Unknown,unknown,RGB
data/train/video_5.mp4_frame_00043.jpg,train,1920,945,1920x945,HD-Ready,JPEG,Unknown,unknown,RGB
data/train/IMG_ (30).jpg,train,1928,1080,1928x1080,HD,JPEG,Unknown,unknown,RGB
data/train/video_7.mp4_frame_00060.jpg,train,1920,930,1920x930,HD-Ready,JPEG,Unknown,unknown,RGB
data/train/vid6.mp4_frame_02600.jpg,train,1920,930,1920x930,HD-Ready,JPEG,Unknown,unknown,RGB
data/train/video_4.mp4_frame_00121.jpg,train,1920,932,1920x932,HD-Ready,JPEG,Unknown,unknown,RGB
data/train/img176.jpg,train,1920,918,1920x918,HD-Ready,JPEG,Unknown,unknown,RGB
data/train/vid15.mp4_frame_00702.jpg,train,1920,908,1920x908,HD-Ready,JPEG,Unknown,unknown,RGB
data/train/img18.jpg,train,3952,2875,3952x2875,HD,JPEG,Unknown,unknown,RGB
data/train/video_7.mp4_frame_00656.jpg,train,1920,930,1920x930,HD-Ready,JPEG,Unknown,unknown,RGB
data/train/IMG_ (84).jpg,train,1928,1080,1928x1080,HD,JPEG,Unknown,unknown,RGB
data/train/vid10.mp4_frame_01162.jpg,train,1920,990,1920x990,HD-Ready,JPEG,Unknown,unknown,RGB
data/train/img162.jpg,train,1913,984,1913x984,HD-Ready,JPEG,Unknown,unknown,RGB
data/train/vid6.mp4_frame_02643.jpg,train,1920,930,1920x930,HD-Ready,JPEG,Unknown,unknown,RGB
data/train/vid4_frame_2709.jpg,train,1920,990,1920x990,HD-Ready,JPEG,Unknown,unknown,RGB
data/train/vid4_frame_1716.jpg,train,1920,990,1920x990,HD-Ready,JPEG,Unknown,unknown,RGB
data/train/video_4.mp4_frame_00292.jpg,train,1920,932,1920x932,HD-Ready,JPEG,Unknown,unknown,RGB
data/train/video_1.mp4_frame_00169.jpg,train,1920,932,1920x932,HD-Ready,JPEG,Unknown,unknown,RGB
data/train/video_7.mp4_frame_00137.jpg,train,1920,930,1920x930,HD-Ready,JPEG,Unknown,unknown,RGB
data/train/video_2.mp4_frame_00003.jpg,train,1920,932,1920x932,HD-Ready,JPEG,Unknown,unknown,RGB
data/train/video_7.mp4_frame_00356.jpg,train,1920,936,1920x936,HD-Ready,JPEG,Unknown,unknown,RGB
data/train/video_4.mp4_frame_00435.jpg,train,1920,932,1920x932,HD-Ready,JPEG,Unknown,unknown,RGB
data/train/vid4_frame_2106.jpg,train,1920,990,1920x990,HD-Ready,JPEG,Unknown,unknown,RGB
data/train/vid4_frame_5577.jpg,train,1920,990,1920x990,HD-Ready,JPEG,Unknown,unknown,RGB
data/train/vid3_frame_0991.jpg,train,1920,990,1920x990,HD-Ready,JPEG,Unknown,unknown,RGB
data/train/vid4_frame_4068.jpg,train,1920,990,1920x990,HD-Ready,JPEG,Unknown,unknown,RGB
data/train/video_7.mp4_frame_00548.jpg,train,1920,930,1920x930,HD-Ready,JPEG,Unknown,unknown,RGB
data/train/video_4.mp4_frame_00280.jpg,train,1920,932,1920x932,HD-Ready,JPEG,Unknown,unknown,RGB
data/train/img174.jpg,train,1935,872,1935x872,HD-Ready,JPEG,Unknown,unknown,RGB
data/train/video_3.mp4_frame_00230.jpg,train,1920,935,1920x935,HD-Ready,JPEG,Unknown,unknown,RGB
data/train/video_4.mp4_frame_00025.jpg,train,1920,932,1920x932,HD-Ready,JPEG,Unknown,unknown,RGB
data/train/video_2.mp4_frame_00229.jpg,train,1920,932,1920x932,HD-Ready,JPEG,Unknown,unknown,RGB
data/train/video_13.mp4_frame_00108.jpg,train,1920,940,1920x940,HD-Ready,JPEG,Unknown,unknown,RGB
data/train/img258.jpg,train,927,1601,927x1601,HD-Ready,JPEG,Unknown,unknown,RGB
data/train/video_3.mp4_frame_00280.jpg,train,1920,935,1920x935,HD-Ready,JPEG,Unknown,unknown,RGB
data/train/video_3.mp4_frame_00296.jpg,train,1920,935,1920x935,HD-Ready,JPEG,Unknown,unknown,RGB
data/train/video_13.mp4_frame_00157.jpg,train,1920,940,1920x940,HD-Ready,JPEG,Unknown,unknown,RGB
data/train/video_7_good_frame_00000 (228).jpg,train,1920,930,1920x930,HD-Ready,JPEG,Unknown,unknown,RGB
data/train/video_4.mp4_frame_00287.jpg,train,1920,932,1920x932,HD-Ready,JPEG,Unknown,unknown,RGB
data/train/video_3.mp4_frame_00044.jpg,train,1920,935,1920x935,HD-Ready,JPEG,Unknown,unknown,RGB
data/train/video_13_Good_frame_00000 (2).jpg,train,1920,940,1920x940,HD-Ready,JPEG,Unknown,unknown,RGB
data/train/vid1_frame_0073.jpg,train,3840,1879,3840x1879,HD,JPEG,Unknown,unknown,RGB
data/train/video_4.mp4_frame_00070.jpg,train,1920,932,1920x932,HD-Ready,JPEG,Unknown,unknown,RGB
data/train/vid7.mp4_frame_02884.jpg,train,1920,905,1920x905,HD-Ready,JPEG,Unknown,unknown,RGB
data/train/video_1.mp4_frame_00066.jpg,train,1920,932,1920x932,HD-Ready,JPEG,Unknown,unknown,RGB
data/train/img24.jpg,train,4032,3024,4032x3024,HD,JPEG,Unknown,unknown,RGB
data/train/vid10.mp4_frame_01282.jpg,train,1920,990,1920x990,HD-Ready,JPEG,Unknown,unknown,RGB
data/train/video_4.mp4_frame_00512.jpg,train,1920,932,1920x932,HD-Ready,JPEG,Unknown,unknown,RGB
data/train/vid4_frame_1148.jpg,train,1920,990,1920x990,HD-Ready,JPEG,Unknown,unknown,RGB
data/train/video_13.mp4_frame_00305.jpg,train,1920,940,1920x940,HD-Ready,JPEG,Unknown,unknown,RGB
data/train/video_4_good_frame_00000 (62).jpg,train,1920,932,1920x932,HD-Ready,JPEG,Unknown,unknown,RGB
data/train/video_13.mp4_frame_00179.jpg,train,1920,940,1920x940,HD-Ready,JPEG,Unknown,unknown,RGB
data/train/vid14.mp4_frame_00675.jpg,train,1920,990,1920x990,HD-Ready,JPEG,Unknown,unknown,RGB
data/train/video_3_Good_frame_00000 (131).jpg,train,1920,935,1920x935,HD-Ready,JPEG,Unknown,unknown,RGB
data/train/video_1.mp4_frame_00477.jpg,train,1920,932,1920x932,HD-Ready,JPEG,Unknown,unknown,RGB
data/train/video_3.mp4_frame_00113.jpg,train,1920,935,1920x935,HD-Ready,JPEG,Unknown,unknown,RGB
data/train/video_13.mp4_frame_00162.jpg,train,1920,940,1920x940,HD-Ready,JPEG,Unknown,unknown,RGB
data/train/video_3_Good_frame_00000 (203).jpg,train,1920,935,1920x935,HD-Ready,JPEG,Unknown,unknown,RGB
data/train/vid4_frame_3386.jpg,train,1920,990,1920x990,HD-Ready,JPEG,Unknown,unknown,RGB
data/train/img234.jpg,train,1908,950,1908x950,HD-Ready,JPEG,Unknown,unknown,RGB
data/train/video_1.mp4_frame_00362.jpg,train,1920,932,1920x932,HD-Ready,JPEG,Unknown,unknown,RGB
data/train/video_7.mp4_frame_00036.jpg,train,1920,930,1920x930,HD-Ready,JPEG,Unknown,unknown,RGB
data/train/video_1.mp4_frame_00468.jpg,train,1920,932,1920x932,HD-Ready,JPEG,Unknown,unknown,RGB
data/train/vid4_frame_4284.jpg,train,1920,990,1920x990,HD-Ready,JPEG,Unknown,unknown,RGB
data/train/vid14.mp4_frame_00527.jpg,train,1920,990,1920x990,HD-Ready,JPEG,Unknown,unknown,RGB
data/train/video_2.mp4_frame_00028.jpg,train,1920,932,1920x932,HD-Ready,JPEG,Unknown,unknown,RGB
data/train/video_7.mp4_frame_00057.jpg,train,1920,930,1920x930,HD-Ready,JPEG,Unknown,unknown,RGB
data/train/video_4.mp4_frame_00236.jpg,train,1920,932,1920x932,HD-Ready,JPEG,Unknown,unknown,RGB
data/train/video_7.mp4_frame_00058.jpg,train,1920,930,1920x930,HD-Ready,JPEG,Unknown,unknown,RGB
data/train/video_8_good_frame_00000 (140).jpg,train,1920,1080,1920x1080,HD,JPEG,Unknown,unknown,RGB
data/train/video_3_Good_frame_00000 (236).jpg,train,1920,935,1920x935,HD-Ready,JPEG,Unknown,unknown,RGB
data/train/video_3.mp4_frame_00162.jpg,train,1920,935,1920x935,HD-Ready,JPEG,Unknown,unknown,RGB
data/train/video_4.mp4_frame_00468.jpg,train,1920,932,1920x932,HD-Ready,JPEG,Unknown,unknown,RGB
data/train/IMG_ (136).jpg,train,1910,1080,1910x1080,HD-Ready,JPEG,Unknown,unknown,RGB
data/train/video_9.mp4_frame_00652.jpg,train,1920,900,1920x900,HD-Ready,JPEG,Unknown,unknown,RGB
data/train/video_13_Good_frame_00000 (84).jpg,train,1920,940,1920x940,HD-Ready,JPEG,Unknown,unknown,RGB
data/train/video_4.mp4_frame_00080.jpg,train,1920,932,1920x932,HD-Ready,JPEG,Unknown,unknown,RGB
data/train/video_2.mp4_frame_00274.jpg,train,1920,932,1920x932,HD-Ready,JPEG,Unknown,unknown,RGB
data/train/vid3_frame_0978.jpg,train,1920,990,1920x990,HD-Ready,JPEG,Unknown,unknown,RGB
data/train/video_7.mp4_frame_00053.jpg,train,1920,930,1920x930,HD-Ready,JPEG,Unknown,unknown,RGB
data/train/vid3_frame_0740.jpg,train,1920,990,1920x990,HD-Ready,JPEG,Unknown,unknown,RGB
data/train/video_7.mp4_frame_00537.jpg,train,1920,930,1920x930,HD-Ready,JPEG,Unknown,unknown,RGB
data/train/vid4_frame_1681.jpg,train,1920,990,1920x990,HD-Ready,JPEG,Unknown,unknown,RGB
data/train/video_11.mp4_frame_00071.jpg,train,1920,900,1920x900,HD-Ready,JPEG,Unknown,unknown,RGB
data/train/vid2_frame_0556.jpg,train,1920,1080,1920x1080,HD,JPEG,Unknown,unknown,RGB
data/train/vid10.mp4_frame_00815.jpg,train,1920,990,1920x990,HD-Ready,JPEG,Unknown,unknown,RGB
data/train/video_1.mp4_frame_00001.jpg,train,1920,932,1920x932,HD-Ready,JPEG,Unknown,unknown,RGB
data/train/vid4_frame_5316.jpg,train,1920,990,1920x990,HD-Ready,JPEG,Unknown,unknown,RGB
data/train/video_8_good_frame_00000 (133).jpg,train,1920,1080,1920x1080,HD,JPEG,Unknown,unknown,RGB
data/train/video_2.mp4_frame_00004.jpg,train,1920,932,1920x932,HD-Ready,JPEG,Unknown,unknown,RGB
data/train/video_13.mp4_frame_00112.jpg,train,1920,940,1920x940,HD-Ready,JPEG,Unknown,unknown,RGB
data/train/video_3_Good_frame_00000 (190).jpg,train,1920,935,1920x935,HD-Ready,JPEG,Unknown,unknown,RGB
data/train/video_2.mp4_frame_00151.jpg,train,1920,932,1920x932,HD-Ready,JPEG,Unknown,unknown,RGB
data/train/video_1.mp4_frame_00130.jpg,train,1920,932,1920x932,HD-Ready,JPEG,Unknown,unknown,RGB
data/train/IMG_ (111).jpg,train,1916,1080,1916x1080,HD-Ready,JPEG,Unknown,unknown,RGB
data/train/vid1_frame_0191.jpg,train,3840,1879,3840x1879,HD,JPEG,Unknown,unknown,RGB
data/train/vid10.mp4_frame_00070.jpg,train,1920,990,1920x990,HD-Ready,JPEG,Unknown,unknown,RGB
data/train/video_11.mp4_frame_00207.jpg,train,1920,900,1920x900,HD-Ready,JPEG,Unknown,unknown,RGB
data/train/vid4_frame_4807.jpg,train,1920,990,1920x990,HD-Ready,JPEG,Unknown,unknown,RGB
data/train/video_8_good_frame_00000 (44).jpg,train,1920,1080,1920x1080,HD,JPEG,Unknown,unknown,RGB
data/train/vid4_frame_5218.jpg,train,1920,990,1920x990,HD-Ready,JPEG,Unknown,unknown,RGB
data/train/img240.jpg,train,1916,1080,1916x1080,HD-Ready,JPEG,Unknown,unknown,RGB
data/train/video_3.mp4_frame_00212.jpg,train,1920,935,1920x935,HD-Ready,JPEG,Unknown,unknown,RGB
data/train/video_13.mp4_frame_00299.jpg,train,1920,940,1920x940,HD-Ready,JPEG,Unknown,unknown,RGB
data/train/video_4.mp4_frame_00270.jpg,train,1920,932,1920x932,HD-Ready,JPEG,Unknown,unknown,RGB
data/train/video_11.mp4_frame_00247.jpg,train,1920,900,1920x900,HD-Ready,JPEG,Unknown,unknown,RGB
data/train/video_4.mp4_frame_00194.jpg,train,1920,932,1920x932,HD-Ready,JPEG,Unknown,unknown,RGB
data/train/vid4_frame_1417.jpg,train,1920,990,1920x990,HD-Ready,JPEG,Unknown,unknown,RGB
data/train/video_1.mp4_frame_00364.jpg,train,1920,932,1920x932,HD-Ready,JPEG,Unknown,unknown,RGB
data/train/vid10.mp4_frame_02320.jpg,train,1920,990,1920x990,HD-Ready,JPEG,Unknown,unknown,RGB
data/train/vid2_frame_0431.jpg,train,1920,1080,1920x1080,HD,JPEG,Unknown,unknown,RGB
data/train/vid4_frame_2401.jpg,train,1920,990,1920x990,HD-Ready,JPEG,Unknown,unknown,RGB
data/train/video_9.mp4_frame_00510.jpg,train,1920,900,1920x900,HD-Ready,JPEG,Unknown,unknown,RGB
data/train/vid6.mp4_frame_02548.jpg,train,1920,930,1920x930,HD-Ready,JPEG,Unknown,unknown,RGB
data/train/vid4_frame_2977.jpg,train,1920,990,1920x990,HD-Ready,JPEG,Unknown,unknown,RGB
data/train/vid4_frame_2794.jpg,train,1920,990,1920x990,HD-Ready,JPEG,Unknown,unknown,RGB
data/train/vid2_frame_0394.jpg,train,1920,1080,1920x1080,HD,JPEG,Unknown,unknown,RGB
data/train/video_2.mp4_frame_00171.jpg,train,1920,932,1920x932,HD-Ready,JPEG,Unknown,unknown,RGB
data/train/video_9_goodframe_00000 (1).jpg,train,1920,900,1920x900,HD-Ready,JPEG,Unknown,unknown,RGB
data/train/video_3_Good_frame_00000 (235).jpg,train,1920,935,1920x935,HD-Ready,JPEG,Unknown,unknown,RGB
data/train/IMG_ (99).jpg,train,1923,1080,1923x1080,HD,JPEG,Unknown,unknown,RGB
data/train/video_8_good_frame_00000 (68).jpg,train,1920,1080,1920x1080,HD,JPEG,Unknown,unknown,RGB
data/train/video_7_good_frame_00000 (210).jpg,train,1920,930,1920x930,HD-Ready,JPEG,Unknown,unknown,RGB
data/train/video_9.mp4_frame_00498.jpg,train,1920,900,1920x900,HD-Ready,JPEG,Unknown,unknown,RGB
data/train/video_7.mp4_frame_00179.jpg,train,1920,930,1920x930,HD-Ready,JPEG,Unknown,unknown,RGB
data/train/video_4.mp4_frame_00153.jpg,train,1920,932,1920x932,HD-Ready,JPEG,Unknown,unknown,RGB
data/train/video_1.mp4_frame_00363.jpg,train,1920,932,1920x932,HD-Ready,JPEG,Unknown,unknown,RGB
data/train/video_7.mp4_frame_00118.jpg,train,1920,930,1920x930,HD-Ready,JPEG,Unknown,unknown,RGB
data/train/vid4_frame_5407.jpg,train,1920,990,1920x990,HD-Ready,JPEG,Unknown,unknown,RGB
data/train/vid4_frame_2022.jpg,train,1920,990,1920x990,HD-Ready,JPEG,Unknown,unknown,RGB
data/train/video_1.mp4_frame_00105.jpg,train,1920,932,1920x932,HD-Ready,JPEG,Unknown,unknown,RGB
data/train/vid4_frame_3748.jpg,train,1920,990,1920x990,HD-Ready,JPEG,Unknown,unknown,RGB
data/train/vid10.mp4_frame_01362.jpg,train,1920,990,1920x990,HD-Ready,JPEG,Unknown,unknown,RGB
data/train/video_7.mp4_frame_00040.jpg,train,1920,930,1920x930,HD-Ready,JPEG,Unknown,unknown,RGB
data/train/vid10.mp4_frame_00286.jpg,train,1920,990,1920x990,HD-Ready,JPEG,Unknown,unknown,RGB
data/train/vid4_frame_5103.jpg,train,1920,990,1920x990,HD-Ready,JPEG,Unknown,unknown,RGB
data/train/video_5.mp4_frame_00046.jpg,train,1920,945,1920x945,HD-Ready,JPEG,Unknown,unknown,RGB
data/train/vid4_frame_5420.jpg,train,1920,990,1920x990,HD-Ready,JPEG,Unknown,unknown,RGB
data/train/video_5.mp4_frame_00017.jpg,train,1920,945,1920x945,HD-Ready,JPEG,Unknown,unknown,RGB
data/train/video_2.mp4_frame_00277.jpg,train,1920,932,1920x932,HD-Ready,JPEG,Unknown,unknown,RGB
data/train/video_4.mp4_frame_00294.jpg,train,1920,932,1920x932,HD-Ready,JPEG,Unknown,unknown,RGB
data/train/img268.jpg,train,1910,910,1910x910,HD-Ready,JPEG,Unknown,unknown,RGB
data/train/video_4.mp4_frame_00186.jpg,train,1920,932,1920x932,HD-Ready,JPEG,Unknown,unknown,RGB
data/train/video_4.mp4_frame_00463.jpg,train,1920,932,1920x932,HD-Ready,JPEG,Unknown,unknown,RGB
data/train/video_1.mp4_frame_00015.jpg,train,1920,932,1920x932,HD-Ready,JPEG,Unknown,unknown,RGB
data/train/video_11.mp4_frame_00131.jpg,train,1920,900,1920x900,HD-Ready,JPEG,Unknown,unknown,RGB
data/train/vid10.mp4_frame_00599.jpg,train,1920,990,1920x990,HD-Ready,JPEG,Unknown,unknown,RGB
data/train/img204.jpg,train,1908,900,1908x900,HD-Ready,JPEG,Unknown,unknown,RGB
data/train/video_4.mp4_frame_00253.jpg,train,1920,932,1920x932,HD-Ready,JPEG,Unknown,unknown,RGB
data/train/vid12.mp4_frame_00126.jpg,train,1920,1080,1920x1080,HD,JPEG,Unknown,unknown,RGB
data/train/vid10.mp4_frame_01180.jpg,train,1920,990,1920x990,HD-Ready,JPEG,Unknown,unknown,RGB
data/train/vid4_frame_2961.jpg,train,1920,990,1920x990,HD-Ready,JPEG,Unknown,unknown,RGB
data/train/vid10.mp4_frame_00651.jpg,train,1920,990,1920x990,HD-Ready,JPEG,Unknown,unknown,RGB
data/train/video_1.mp4_frame_00237.jpg,train,1920,932,1920x932,HD-Ready,JPEG,Unknown,unknown,RGB
data/train/video_13_Good_frame_00000 (128).jpg,train,1920,940,1920x940,HD-Ready,JPEG,Unknown,unknown,RGB
data/train/video_4.mp4_frame_00339.jpg,train,1920,932,1920x932,HD-Ready,JPEG,Unknown,unknown,RGB
data/train/video_13_Good_frame_00000 (99).jpg,train,1920,940,1920x940,HD-Ready,JPEG,Unknown,unknown,RGB
data/train/video_9.mp4_frame_00490.jpg,train,1920,900,1920x900,HD-Ready,JPEG,Unknown,unknown,RGB
data/train/video_13_Good_frame_00000 (31).jpg,train,1920,940,1920x940,HD-Ready,JPEG,Unknown,unknown,RGB
data/train/video_2.mp4_frame_00257.jpg,train,1920,932,1920x932,HD-Ready,JPEG,Unknown,unknown,RGB
data/train/vid2_frame_0401.jpg,train,1920,1080,1920x1080,HD,JPEG,Unknown,unknown,RGB
data/train/img140.jpg,train,1894,925,1894x925,HD-Ready,JPEG,Unknown,unknown,RGB
data/train/vid4_frame_2717.jpg,train,1920,990,1920x990,HD-Ready,JPEG,Unknown,unknown,RGB
data/train/vid12.mp4_frame_00119.jpg,train,1920,990,1920x990,HD-Ready,JPEG,Unknown,unknown,RGB
data/train/vid4_frame_1715.jpg,train,1920,990,1920x990,HD-Ready,JPEG,Unknown,unknown,RGB
data/train/video_7.mp4_frame_00144.jpg,train,1920,930,1920x930,HD-Ready,JPEG,Unknown,unknown,RGB
data/train/vid1_frame_0346.jpg,train,3840,1879,3840x1879,HD,JPEG,Unknown,unknown,RGB
data/train/IMG_ (115).jpg,train,1926,1080,1926x1080,HD,JPEG,Unknown,unknown,RGB
data/train/vid10.mp4_frame_00292.jpg,train,1920,990,1920x990,HD-Ready,JPEG,Unknown,unknown,RGB
data/train/video_7.mp4_frame_00307.jpg,train,1920,936,1920x936,HD-Ready,JPEG,Unknown,unknown,RGB
data/train/vid4_frame_1865.jpg,train,1920,990,1920x990,HD-Ready,JPEG,Unknown,unknown,RGB
data/train/vid4_frame_4528.jpg,train,1920,990,1920x990,HD-Ready,JPEG,Unknown,unknown,RGB
data/train/video_4.mp4_frame_00179.jpg,train,1920,932,1920x932,HD-Ready,JPEG,Unknown,unknown,RGB
data/train/vid4_frame_5562.jpg,train,1920,990,1920x990,HD-Ready,JPEG,Unknown,unknown,RGB
data/train/vid4_frame_1572.jpg,train,1920,990,1920x990,HD-Ready,JPEG,Unknown,unknown,RGB
data/train/video_3_Good_frame_00000 (234).jpg,train,1920,935,1920x935,HD-Ready,JPEG,Unknown,unknown,RGB
data/train/video_4.mp4_frame_00417.jpg,train,1920,932,1920x932,HD-Ready,JPEG,Unknown,unknown,RGB
data/train/video_3_Good_frame_00000 (95).jpg,train,1920,935,1920x935,HD-Ready,JPEG,Unknown,unknown,RGB
data/train/vid4_frame_3460.jpg,train,1920,990,1920x990,HD-Ready,JPEG,Unknown,unknown,RGB
data/train/img126.jpeg,train,1600,706,1600x706,HD-Ready,JPEG,Unknown,unknown,RGB
data/train/video_3_Good_frame_00000 (68).jpg,train,1920,935,1920x935,HD-Ready,JPEG,Unknown,unknown,RGB
data/train/video_4.mp4_frame_00312.jpg,train,1920,932,1920x932,HD-Ready,JPEG,Unknown,unknown,RGB
data/train/vid5.mp4_frame_02405.jpg,train,1920,1080,1920x1080,HD,JPEG,Unknown,unknown,RGB
data/train/vid4_frame_2363.jpg,train,1920,990,1920x990,HD-Ready,JPEG,Unknown,unknown,RGB
data/train/video_7.mp4_frame_00245.jpg,train,1920,936,1920x936,HD-Ready,JPEG,Unknown,unknown,RGB
data/train/video_5.mp4_frame_00085.jpg,train,1920,945,1920x945,HD-Ready,JPEG,Unknown,unknown,RGB
data/train/video_9.mp4_frame_00715.jpg,train,1920,900,1920x900,HD-Ready,JPEG,Unknown,unknown,RGB
data/train/video_13.mp4_frame_00152.jpg,train,1920,940,1920x940,HD-Ready,JPEG,Unknown,unknown,RGB
data/train/video_1.mp4_frame_00097.jpg,train,1920,932,1920x932,HD-Ready,JPEG,Unknown,unknown,RGB
data/train/img190.jpg,train,2339,1007,2339x1007,HD,JPEG,Unknown,unknown,RGB
data/train/video_2.mp4_frame_00069.jpg,train,1920,932,1920x932,HD-Ready,JPEG,Unknown,unknown,RGB
data/train/img64.jpg,train,1280,598,1280x598,SD,JPEG,Unknown,unknown,RGB
data/train/img243.jpg,train,1909,945,1909x945,HD-Ready,JPEG,Unknown,unknown,RGB
data/train/vid4_frame_5603.jpg,train,1920,990,1920x990,HD-Ready,JPEG,Unknown,unknown,RGB
data/train/video_11.mp4_frame_00062.jpg,train,1920,900,1920x900,HD-Ready,JPEG,Unknown,unknown,RGB
data/train/vid1_frame_0052.jpg,train,3840,1879,3840x1879,HD,JPEG,Unknown,unknown,RGB
data/train/video_11.mp4_frame_00229.jpg,train,1920,900,1920x900,HD-Ready,JPEG,Unknown,unknown,RGB
data/train/video_4.mp4_frame_00233.jpg,train,1920,932,1920x932,HD-Ready,JPEG,Unknown,unknown,RGB
data/train/video_11.mp4_frame_00186.jpg,train,1920,900,1920x900,HD-Ready,JPEG,Unknown,unknown,RGB
data/train/video_3_Good_frame_00000 (108).jpg,train,1920,935,1920x935,HD-Ready,JPEG,Unknown,unknown,RGB
data/train/video_4.mp4_frame_00212.jpg,train,1920,932,1920x932,HD-Ready,JPEG,Unknown,unknown,RGB
data/train/video_1.mp4_frame_00235.jpg,train,1920,932,1920x932,HD-Ready,JPEG,Unknown,unknown,RGB
data/train/video_1.mp4_frame_00223.jpg,train,1920,932,1920x932,HD-Ready,JPEG,Unknown,unknown,RGB
data/train/video_8.mp4_frame_00049.jpg,train,1920,1080,1920x1080,HD,JPEG,Unknown,unknown,RGB
data/train/video_1.mp4_frame_00243.jpg,train,1920,932,1920x932,HD-Ready,JPEG,Unknown,unknown,RGB
data/train/video_4.mp4_frame_00289.jpg,train,1920,932,1920x932,HD-Ready,JPEG,Unknown,unknown,RGB
data/train/vid3_frame_1049.jpg,train,1920,1080,1920x1080,HD,JPEG,Unknown,unknown,RGB
data/train/video_4.mp4_frame_00265.jpg,train,1920,932,1920x932,HD-Ready,JPEG,Unknown,unknown,RGB
data/train/video_11.mp4_frame_00136.jpg,train,1920,900,1920x900,HD-Ready,JPEG,Unknown,unknown,RGB
data/train/vid10.mp4_frame_01664.jpg,train,1920,990,1920x990,HD-Ready,JPEG,Unknown,unknown,RGB
data/train/vid10.mp4_frame_01377.jpg,train,1920,990,1920x990,HD-Ready,JPEG,Unknown,unknown,RGB
data/train/video_11.mp4_frame_00171.jpg,train,1920,900,1920x900,HD-Ready,JPEG,Unknown,unknown,RGB
data/train/video_4.mp4_frame_00188.jpg,train,1920,932,1920x932,HD-Ready,JPEG,Unknown,unknown,RGB
data/train/vid10.mp4_frame_02157.jpg,train,1920,990,1920x990,HD-Ready,JPEG,Unknown,unknown,RGB
data/train/video_4.mp4_frame_00063.jpg,train,1920,932,1920x932,HD-Ready,JPEG,Unknown,unknown,RGB
data/train/vid6.mp4_frame_02483.jpg,train,1920,930,1920x930,HD-Ready,JPEG,Unknown,unknown,RGB
data/train/vid15.mp4_frame_00706.jpg,train,1920,908,1920x908,HD-Ready,JPEG,Unknown,unknown,RGB
data/train/video_2.mp4_frame_00065.jpg,train,1920,932,1920x932,HD-Ready,JPEG,Unknown,unknown,RGB
data/train/video_9.mp4_frame_00463.jpg,train,1920,900,1920x900,HD-Ready,JPEG,Unknown,unknown,RGB
data/train/video_11.mp4_frame_00047.jpg,train,1920,900,1920x900,HD-Ready,JPEG,Unknown,unknown,RGB
data/train/vid4_frame_2076.jpg,train,1920,990,1920x990,HD-Ready,JPEG,Unknown,unknown,RGB
data/train/video_7.mp4_frame_00574.jpg,train,1920,930,1920x930,HD-Ready,JPEG,Unknown,unknown,RGB
data/train/video_11.mp4_frame_00259.jpg,train,1920,900,1920x900,HD-Ready,JPEG,Unknown,unknown,RGB
data/train/vid2_frame_0490.jpg,train,1920,1080,1920x1080,HD,JPEG,Unknown,unknown,RGB
data/train/vid4_frame_5361.jpg,train,1920,990,1920x990,HD-Ready,JPEG,Unknown,unknown,RGB
data/train/vid4_frame_3323.jpg,train,1920,990,1920x990,HD-Ready,JPEG,Unknown,unknown,RGB
data/train/vid7.mp4_frame_02756.jpg,train,1920,905,1920x905,HD-Ready,JPEG,Unknown,unknown,RGB
data/train/vid4_frame_5072.jpg,train,1920,990,1920x990,HD-Ready,JPEG,Unknown,unknown,RGB
data/train/video_1.mp4_frame_00247.jpg,train,1920,932,1920x932,HD-Ready,JPEG,Unknown,unknown,RGB
data/train/video_1.mp4_frame_00120.jpg,train,1920,932,1920x932,HD-Ready,JPEG,Unknown,unknown,RGB
data/train/vid3_frame_0902.jpg,train,1920,990,1920x990,HD-Ready,JPEG,Unknown,unknown,RGB
data/train/video_2.mp4_frame_00040.jpg,train,1920,932,1920x932,HD-Ready,JPEG,Unknown,unknown,RGB
data/train/video_1.mp4_frame_00213.jpg,train,1920,932,1920x932,HD-Ready,JPEG,Unknown,unknown,RGB
data/train/vid1_frame_0056.jpg,train,3840,1879,3840x1879,HD,JPEG,Unknown,unknown,RGB
data/train/video_2.mp4_frame_00160.jpg,train,1920,932,1920x932,HD-Ready,JPEG,Unknown,unknown,RGB
data/train/video_2.mp4_frame_00017 (2).jpg,train,1920,932,1920x932,HD-Ready,JPEG,Unknown,unknown,RGB
data/train/video_3_Good_frame_00000 (57).jpg,train,1920,935,1920x935,HD-Ready,JPEG,Unknown,unknown,RGB
data/train/vid4_frame_5502.jpg,train,1920,990,1920x990,HD-Ready,JPEG,Unknown,unknown,RGB
data/train/vid4_frame_2227.jpg,train,1920,990,1920x990,HD-Ready,JPEG,Unknown,unknown,RGB
data/train/video_2.mp4_frame_00177.jpg,train,1920,932,1920x932,HD-Ready,JPEG,Unknown,unknown,RGB
data/train/video_4.mp4_frame_00156.jpg,train,1920,932,1920x932,HD-Ready,JPEG,Unknown,unknown,RGB
data/train/vid4_frame_5147.jpg,train,1920,990,1920x990,HD-Ready,JPEG,Unknown,unknown,RGB
data/train/vid10.mp4_frame_01375.jpg,train,1920,990,1920x990,HD-Ready,JPEG,Unknown,unknown,RGB
data/train/video_3_Good_frame_00000 (93).jpg,train,1920,935,1920x935,HD-Ready,JPEG,Unknown,unknown,RGB
data/train/video_8_good_frame_00000 (169).jpg,train,1920,1080,1920x1080,HD,JPEG,Unknown,unknown,RGB
data/train/vid10.mp4_frame_02296.jpg,train,1920,990,1920x990,HD-Ready,JPEG,Unknown,unknown,RGB
data/train/video_7.mp4_frame_00028.jpg,train,1920,930,1920x930,HD-Ready,JPEG,Unknown,unknown,RGB
data/train/video_4.mp4_frame_00216.jpg,train,1920,932,1920x932,HD-Ready,JPEG,Unknown,unknown,RGB
data/train/video_7.mp4_frame_00686.jpg,train,1920,930,1920x930,HD-Ready,JPEG,Unknown,unknown,RGB
data/train/video_7.mp4_frame_00148.jpg,train,1920,930,1920x930,HD-Ready,JPEG,Unknown,unknown,RGB
data/train/vid2_frame_0429.jpg,train,1920,1080,1920x1080,HD,JPEG,Unknown,unknown,RGB
data/train/vid4_frame_3302.jpg,train,1920,990,1920x990,HD-Ready,JPEG,Unknown,unknown,RGB
data/train/video_13.mp4_frame_00168.jpg,train,1920,940,1920x940,HD-Ready,JPEG,Unknown,unknown,RGB
data/train/video_4.mp4_frame_00161.jpg,train,1920,932,1920x932,HD-Ready,JPEG,Unknown,unknown,RGB
data/train/video_11.mp4_frame_00192 - Copy.jpg,train,1920,900,1920x900,HD-Ready,JPEG,Unknown,unknown,RGB
data/train/video_1.mp4_frame_00438.jpg,train,1920,932,1920x932,HD-Ready,JPEG,Unknown,unknown,RGB
data/train/video_13.mp4_frame_00318.jpg,train,1920,940,1920x940,HD-Ready,JPEG,Unknown,unknown,RGB
data/train/video_7_good_frame_00000 (219).jpg,train,1920,930,1920x930,HD-Ready,JPEG,Unknown,unknown,RGB
data/train/video_13.mp4_frame_00146.jpg,train,1920,940,1920x940,HD-Ready,JPEG,Unknown,unknown,RGB
data/train/video_13_Good_frame_00000 (127).jpg,train,1920,940,1920x940,HD-Ready,JPEG,Unknown,unknown,RGB
data/train/video_1.mp4_frame_00022.jpg,train,1920,932,1920x932,HD-Ready,JPEG,Unknown,unknown,RGB
data/train/video_5.mp4_frame_00021.jpg,train,1920,945,1920x945,HD-Ready,JPEG,Unknown,unknown,RGB
data/train/video_4.mp4_frame_00202.jpg,train,1920,932,1920x932,HD-Ready,JPEG,Unknown,unknown,RGB
data/train/vid4_frame_1911.jpg,train,1920,990,1920x990,HD-Ready,JPEG,Unknown,unknown,RGB
data/train/vid4_frame_2474.jpg,train,1920,990,1920x990,HD-Ready,JPEG,Unknown,unknown,RGB
data/train/video_7.mp4_frame_00588.jpg,train,1920,930,1920x930,HD-Ready,JPEG,Unknown,unknown,RGB
data/train/video_3.mp4_frame_00300.jpg,train,1920,935,1920x935,HD-Ready,JPEG,Unknown,unknown,RGB
data/train/vid3_frame_1047.jpg,train,1920,990,1920x990,HD-Ready,JPEG,Unknown,unknown,RGB
data/train/IMG_ (46).jpg,train,1922,1080,1922x1080,HD,JPEG,Unknown,unknown,RGB
data/train/video_13.mp4_frame_00055.jpg,train,1920,940,1920x940,HD-Ready,JPEG,Unknown,unknown,RGB
data/train/vid1_frame_0224.jpg,train,3840,1879,3840x1879,HD,JPEG,Unknown,unknown,RGB
data/train/video_4.mp4_frame_00303.jpg,train,1920,932,1920x932,HD-Ready,JPEG,Unknown,unknown,RGB
data/train/video_1.mp4_frame_00233.jpg,train,1920,932,1920x932,HD-Ready,JPEG,Unknown,unknown,RGB
data/train/vid10.mp4_frame_00281.jpg,train,1920,990,1920x990,HD-Ready,JPEG,Unknown,unknown,RGB
data/train/IMG_ (110).jpg,train,1937,1080,1937x1080,HD,JPEG,Unknown,unknown,RGB
data/train/video_7.mp4_frame_00558.jpg,train,1920,930,1920x930,HD-Ready,JPEG,Unknown,unknown,RGB
data/train/vid10.mp4_frame_02260.jpg,train,1920,990,1920x990,HD-Ready,JPEG,Unknown,unknown,RGB
data/train/video_4.mp4_frame_00279.jpg,train,1920,932,1920x932,HD-Ready,JPEG,Unknown,unknown,RGB
data/train/video_13.mp4_frame_00201.jpg,train,1920,940,1920x940,HD-Ready,JPEG,Unknown,unknown,RGB
data/train/video_11.mp4_frame_00156.jpg,train,1920,900,1920x900,HD-Ready,JPEG,Unknown,unknown,RGB
data/train/video_13_Good_frame_00000 (4).jpg,train,1920,940,1920x940,HD-Ready,JPEG,Unknown,unknown,RGB
data/train/vid4_frame_2078.jpg,train,1920,990,1920x990,HD-Ready,JPEG,Unknown,unknown,RGB
data/train/video_8.mp4_frame_00039.jpg,train,1920,1080,1920x1080,HD,JPEG,Unknown,unknown,RGB
data/train/vid10.mp4_frame_01572.jpg,train,1920,990,1920x990,HD-Ready,JPEG,Unknown,unknown,RGB
data/train/vid14.mp4_frame_00566.jpg,train,1920,990,1920x990,HD-Ready,JPEG,Unknown,unknown,RGB
data/train/video_2.mp4_frame_00192.jpg,train,1920,932,1920x932,HD-Ready,JPEG,Unknown,unknown,RGB
data/train/video_1.mp4_frame_00350.jpg,train,1920,932,1920x932,HD-Ready,JPEG,Unknown,unknown,RGB
data/train/video_4.mp4_frame_00165.jpg,train,1920,932,1920x932,HD-Ready,JPEG,Unknown,unknown,RGB
data/train/video_3_Good_frame_00000 (201).jpg,train,1920,935,1920x935,HD-Ready,JPEG,Unknown,unknown,RGB
data/train/IMG_ (11).jpg,train,1916,942,1916x942,HD-Ready,JPEG,Unknown,unknown,RGB
data/train/vid1_frame_0347.jpg,train,3840,1879,3840x1879,HD,JPEG,Unknown,unknown,RGB
data/train/vid3_frame_0657.jpg,train,1920,990,1920x990,HD-Ready,JPEG,Unknown,unknown,RGB
data/train/img148.jpg,train,1900,928,1900x928,HD-Ready,JPEG,Unknown,unknown,RGB
data/train/vid4_frame_1999.jpg,train,1920,990,1920x990,HD-Ready,JPEG,Unknown,unknown,RGB
data/train/vid1_frame_0146.jpg,train,3840,1879,3840x1879,HD,JPEG,Unknown,unknown,RGB
data/train/vid4_frame_3952.jpg,train,1920,990,1920x990,HD-Ready,JPEG,Unknown,unknown,RGB
data/train/video_9_goodframe_00000 (432).jpg,train,1920,900,1920x900,HD-Ready,JPEG,Unknown,unknown,RGB
data/train/video_13.mp4_frame_00198.jpg,train,1920,940,1920x940,HD-Ready,JPEG,Unknown,unknown,RGB
data/train/video_5.mp4_frame_00054.jpg,train,1920,945,1920x945,HD-Ready,JPEG,Unknown,unknown,RGB
data/train/video_4.mp4_frame_00382.jpg,train,1920,932,1920x932,HD-Ready,JPEG,Unknown,unknown,RGB
data/train/vid2_frame_0399.jpg,train,1920,1080,1920x1080,HD,JPEG,Unknown,unknown,RGB
data/train/vid1_frame_0145.jpg,train,3840,1879,3840x1879,HD,JPEG,Unknown,unknown,RGB
data/train/vid3_frame_0884.jpg,train,1920,990,1920x990,HD-Ready,JPEG,Unknown,unknown,RGB
data/train/video_1.mp4_frame_00434.jpg,train,1920,932,1920x932,HD-Ready,JPEG,Unknown,unknown,RGB
data/train/video_4.mp4_frame_00211.jpg,train,1920,932,1920x932,HD-Ready,JPEG,Unknown,unknown,RGB
data/train/video_5.mp4_frame_00152.jpg,train,1920,945,1920x945,HD-Ready,JPEG,Unknown,unknown,RGB
data/train/video_5.mp4_frame_00034.jpg,train,1920,945,1920x945,HD-Ready,JPEG,Unknown,unknown,RGB
data/train/video_2.mp4_frame_00096.jpg,train,1920,932,1920x932,HD-Ready,JPEG,Unknown,unknown,RGB
data/train/IMG_ (41).jpg,train,1906,1080,1906x1080,HD-Ready,JPEG,Unknown,unknown,RGB
data/train/video_13_Good_frame_00000 (65).jpg,train,1920,940,1920x940,HD-Ready,JPEG,Unknown,unknown,RGB
data/train/video_9.mp4_frame_00473.jpg,train,1920,900,1920x900,HD-Ready,JPEG,Unknown,unknown,RGB
data/train/vid4_frame_1968.jpg,train,1920,990,1920x990,HD-Ready,JPEG,Unknown,unknown,RGB
data/train/video_2.mp4_frame_00671.jpg,train,1920,932,1920x932,HD-Ready,JPEG,Unknown,unknown,RGB
data/train/video_3.mp4_frame_00035.jpg,train,1920,935,1920x935,HD-Ready,JPEG,Unknown,unknown,RGB
data/train/video_9_goodframe_00000 (181).jpg,train,1920,900,1920x900,HD-Ready,JPEG,Unknown,unknown,RGB
data/train/video_2.mp4_frame_00181.jpg,train,1920,932,1920x932,HD-Ready,JPEG,Unknown,unknown,RGB
data/train/img197.jpg,train,2340,1002,2340x1002,HD,JPEG,Unknown,unknown,RGB
data/train/video_13.mp4_frame_00195.jpg,train,1920,940,1920x940,HD-Ready,JPEG,Unknown,unknown,RGB
data/train/video_2.mp4_frame_00130.jpg,train,1920,932,1920x932,HD-Ready,JPEG,Unknown,unknown,RGB
data/train/vid4_frame_2651.jpg,train,1920,990,1920x990,HD-Ready,JPEG,Unknown,unknown,RGB
data/train/vid10.mp4_frame_00436.jpg,train,1920,990,1920x990,HD-Ready,JPEG,Unknown,unknown,RGB
data/train/IMG_ (32).jpg,train,1932,1080,1932x1080,HD,JPEG,Unknown,unknown,RGB
data/train/vid3_frame_0646.jpg,train,1920,990,1920x990,HD-Ready,JPEG,Unknown,unknown,RGB
data/train/video_7.mp4_frame_00227.jpg,train,1920,936,1920x936,HD-Ready,JPEG,Unknown,unknown,RGB
data/train/video_1.mp4_frame_00228.jpg,train,1920,932,1920x932,HD-Ready,JPEG,Unknown,unknown,RGB
data/train/video_1.mp4_frame_00126.jpg,train,1920,932,1920x932,HD-Ready,JPEG,Unknown,unknown,RGB
data/train/vid3_frame_0895.jpg,train,1920,990,1920x990,HD-Ready,JPEG,Unknown,unknown,RGB
data/train/vid4_frame_5074.jpg,train,1920,990,1920x990,HD-Ready,JPEG,Unknown,unknown,RGB
data/train/video_4.mp4_frame_00338.jpg,train,1920,932,1920x932,HD-Ready,JPEG,Unknown,unknown,RGB
data/train/IMG_ (127).jpg,train,1920,1080,1920x1080,HD,JPEG,Unknown,unknown,RGB
data/train/video_2.mp4_frame_00079.jpg,train,1920,932,1920x932,HD-Ready,JPEG,Unknown,unknown,RGB
data/train/video_7.mp4_frame_00409.jpg,train,1920,930,1920x930,HD-Ready,JPEG,Unknown,unknown,RGB
data/train/video_11.mp4_frame_00181.jpg,train,1920,900,1920x900,HD-Ready,JPEG,Unknown,unknown,RGB
data/train/vid4_frame_2556.jpg,train,1920,990,1920x990,HD-Ready,JPEG,Unknown,unknown,RGB
data/train/video_1.mp4_frame_00006.jpg,train,1920,932,1920x932,HD-Ready,JPEG,Unknown,unknown,RGB
data/train/video_3_Good_frame_00000 (146).jpg,train,1920,935,1920x935,HD-Ready,JPEG,Unknown,unknown,RGB
data/train/vid1_frame_0062.jpg,train,3840,1879,3840x1879,HD,JPEG,Unknown,unknown,RGB
data/train/video_7.mp4_frame_00026.jpg,train,1920,930,1920x930,HD-Ready,JPEG,Unknown,unknown,RGB
data/train/video_3_Good_frame_00000 (246).jpg,train,1920,935,1920x935,HD-Ready,JPEG,Unknown,unknown,RGB
data/train/video_2.mp4_frame_00068.jpg,train,1920,932,1920x932,HD-Ready,JPEG,Unknown,unknown,RGB
data/train/vid4_frame_5095.jpg,train,1920,990,1920x990,HD-Ready,JPEG,Unknown,unknown,RGB
data/train/video_9.mp4_frame_00595.jpg,train,1920,900,1920x900,HD-Ready,JPEG,Unknown,unknown,RGB
data/train/img221.jpg,train,1911,982,1911x982,HD-Ready,JPEG,Unknown,unknown,RGB
data/train/video_13.mp4_frame_00126.jpg,train,1920,940,1920x940,HD-Ready,JPEG,Unknown,unknown,RGB
data/train/img210.jpg,train,1908,985,1908x985,HD-Ready,JPEG,Unknown,unknown,RGB
data/train/video_13.mp4_frame_00308.jpg,train,1920,940,1920x940,HD-Ready,JPEG,Unknown,unknown,RGB
data/train/vid3_frame_0985.jpg,train,1920,990,1920x990,HD-Ready,JPEG,Unknown,unknown,RGB
data/train/vid3_frame_0647.jpg,train,1920,990,1920x990,HD-Ready,JPEG,Unknown,unknown,RGB
data/train/video_2.mp4_frame_00129.jpg,train,1920,932,1920x932,HD-Ready,JPEG,Unknown,unknown,RGB
data/train/video_13_Good_frame_00000 (43).jpg,train,1920,940,1920x940,HD-Ready,JPEG,Unknown,unknown,RGB
data/train/vid4_frame_1200.jpg,train,1920,990,1920x990,HD-Ready,JPEG,Unknown,unknown,RGB
data/train/IMG_ (106).jpg,train,1919,1080,1919x1080,HD-Ready,JPEG,Unknown,unknown,RGB
data/train/img124.jpeg,train,1600,714,1600x714,HD-Ready,JPEG,Unknown,unknown,RGB
data/train/video_4.mp4_frame_00164.jpg,train,1920,932,1920x932,HD-Ready,JPEG,Unknown,unknown,RGB
data/train/video_1.mp4_frame_00118.jpg,train,1920,932,1920x932,HD-Ready,JPEG,Unknown,unknown,RGB
data/train/video_7.mp4_frame_00154.jpg,train,1920,930,1920x930,HD-Ready,JPEG,Unknown,unknown,RGB
data/train/vid4_frame_2361.jpg,train,1920,990,1920x990,HD-Ready,JPEG,Unknown,unknown,RGB
data/train/video_2.mp4_frame_00113.jpg,train,1920,932,1920x932,HD-Ready,JPEG,Unknown,unknown,RGB
data/train/video_13_Good_frame_00000 (6).jpg,train,1920,940,1920x940,HD-Ready,JPEG,Unknown,unknown,RGB
data/train/img217.jpg,train,1909,977,1909x977,HD-Ready,JPEG,Unknown,unknown,RGB
data/train/vid7(4).jpg,train,1920,1080,1920x1080,HD,JPEG,Unknown,unknown,RGB
data/train/vid4_frame_4520.jpg,train,1920,990,1920x990,HD-Ready,JPEG,Unknown,unknown,RGB
data/train/vid10.mp4_frame_01185.jpg,train,1920,990,1920x990,HD-Ready,JPEG,Unknown,unknown,RGB
data/train/video_1.mp4_frame_00119.jpg,train,1920,932,1920x932,HD-Ready,JPEG,Unknown,unknown,RGB
data/train/video_1.mp4_frame_00204.jpg,train,1920,932,1920x932,HD-Ready,JPEG,Unknown,unknown,RGB
data/train/vid4_frame_2566.jpg,train,1920,990,1920x990,HD-Ready,JPEG,Unknown,unknown,RGB
data/train/vid3_frame_0893.jpg,train,1920,990,1920x990,HD-Ready,JPEG,Unknown,unknown,RGB
data/train/video_4.mp4_frame_00159.jpg,train,1920,932,1920x932,HD-Ready,JPEG,Unknown,unknown,RGB
data/train/video_8.mp4_frame_00022.jpg,train,1920,1080,1920x1080,HD,JPEG,Unknown,unknown,RGB
data/train/video_2.mp4_frame_00048.jpg,train,1920,932,1920x932,HD-Ready,JPEG,Unknown,unknown,RGB
data/train/video_13.mp4_frame_00245.jpg,train,1920,940,1920x940,HD-Ready,JPEG,Unknown,unknown,RGB
data/train/vid4_frame_2440.jpg,train,1920,990,1920x990,HD-Ready,JPEG,Unknown,unknown,RGB
data/train/video_3.mp4_frame_00134.jpg,train,1920,935,1920x935,HD-Ready,JPEG,Unknown,unknown,RGB
data/train/video_5.mp4_frame_00174.jpg,train,1920,945,1920x945,HD-Ready,JPEG,Unknown,unknown,RGB
data/train/video_7.mp4_frame_00680.jpg,train,1920,930,1920x930,HD-Ready,JPEG,Unknown,unknown,RGB
data/train/video_9.mp4_frame_00466.jpg,train,1920,900,1920x900,HD-Ready,JPEG,Unknown,unknown,RGB
data/train/vid10.mp4_frame_00278.jpg,train,1920,990,1920x990,HD-Ready,JPEG,Unknown,unknown,RGB
data/train/vid4_frame_5107.jpg,train,1920,990,1920x990,HD-Ready,JPEG,Unknown,unknown,RGB
data/train/vid4_frame_4336.jpg,train,1920,990,1920x990,HD-Ready,JPEG,Unknown,unknown,RGB
data/train/video_4.mp4_frame_00230.jpg,train,1920,932,1920x932,HD-Ready,JPEG,Unknown,unknown,RGB
data/train/video_7.mp4_frame_00277.jpg,train,1920,936,1920x936,HD-Ready,JPEG,Unknown,unknown,RGB
data/train/vid10.mp4_frame_02303.jpg,train,1920,990,1920x990,HD-Ready,JPEG,Unknown,unknown,RGB
data/train/vid3_frame_1097.jpg,train,1920,990,1920x990,HD-Ready,JPEG,Unknown,unknown,RGB
data/train/vid3_frame_0768.jpg,train,1920,990,1920x990,HD-Ready,JPEG,Unknown,unknown,RGB
data/train/video_4.mp4_frame_00258.jpg,train,1920,932,1920x932,HD-Ready,JPEG,Unknown,unknown,RGB
data/train/img220.jpg,train,1906,982,1906x982,HD-Ready,JPEG,Unknown,unknown,RGB
data/train/img80.jpg,train,1280,596,1280x596,SD,JPEG,Unknown,unknown,RGB
data/train/IMG_ (26).jpg,train,1920,1078,1920x1078,HD-Ready,JPEG,Unknown,unknown,RGB
data/train/video_4.mp4_frame_00412.jpg,train,1920,932,1920x932,HD-Ready,JPEG,Unknown,unknown,RGB
data/train/video_3_Good_frame_00000 (210).jpg,train,1920,935,1920x935,HD-Ready,JPEG,Unknown,unknown,RGB
data/train/vid14.mp4_frame_00604.jpg,train,1920,1080,1920x1080,HD,JPEG,Unknown,unknown,RGB
data/train/IMG_ (133).jpg,train,4096,2294,4096x2294,HD,JPEG,Unknown,unknown,RGB
data/train/vid4_frame_1849.jpg,train,1920,990,1920x990,HD-Ready,JPEG,Unknown,unknown,RGB
data/train/video_1.mp4_frame_00474.jpg,train,1920,932,1920x932,HD-Ready,JPEG,Unknown,unknown,RGB
data/train/vid4_frame_5106.jpg,train,1920,990,1920x990,HD-Ready,JPEG,Unknown,unknown,RGB
data/train/IMG_ (103).jpg,train,1924,1080,1924x1080,HD,JPEG,Unknown,unknown,RGB
data/train/vid4_frame_5610.jpg,train,1920,990,1920x990,HD-Ready,JPEG,Unknown,unknown,RGB
data/train/vid4_frame_2767.jpg,train,1920,990,1920x990,HD-Ready,JPEG,Unknown,unknown,RGB
data/train/video_4.mp4_frame_00084.jpg,train,1920,932,1920x932,HD-Ready,JPEG,Unknown,unknown,RGB
data/train/video_4.mp4_frame_00024.jpg,train,1920,932,1920x932,HD-Ready,JPEG,Unknown,unknown,RGB
data/train/video_4.mp4_frame_00239.jpg,train,1920,932,1920x932,HD-Ready,JPEG,Unknown,unknown,RGB
data/train/vid2_frame_0468.jpg,train,1920,1080,1920x1080,HD,JPEG,Unknown,unknown,RGB
data/train/video_9.mp4_frame_00630.jpg,train,1920,900,1920x900,HD-Ready,JPEG,Unknown,unknown,RGB
data/train/vid1_frame_0222.jpg,train,3840,1879,3840x1879,HD,JPEG,Unknown,unknown,RGB
data/train/video_8.mp4_frame_00050.jpg,train,1920,1080,1920x1080,HD,JPEG,Unknown,unknown,RGB
data/train/vid4_frame_5054.jpg,train,1920,990,1920x990,HD-Ready,JPEG,Unknown,unknown,RGB
data/train/video_2.mp4_frame_00253.jpg,train,1920,932,1920x932,HD-Ready,JPEG,Unknown,unknown,RGB
data/train/video_4.mp4_frame_00200.jpg,train,1920,932,1920x932,HD-Ready,JPEG,Unknown,unknown,RGB
data/train/video_5.mp4_frame_00061.jpg,train,1920,945,1920x945,HD-Ready,JPEG,Unknown,unknown,RGB
data/train/vid4_frame_2108.jpg,train,1920,990,1920x990,HD-Ready,JPEG,Unknown,unknown,RGB
data/train/video_3_Good_frame_00000 (61).jpg,train,1920,935,1920x935,HD-Ready,JPEG,Unknown,unknown,RGB
data/train/video_5.mp4_frame_00036.jpg,train,1920,945,1920x945,HD-Ready,JPEG,Unknown,unknown,RGB
data/train/video_2.mp4_frame_00250.jpg,train,1920,932,1920x932,HD-Ready,JPEG,Unknown,unknown,RGB
data/train/video_9.mp4_frame_00725.jpg,train,1920,900,1920x900,HD-Ready,JPEG,Unknown,unknown,RGB
data/train/img273.jpg,train,2340,1020,2340x1020,HD,JPEG,Unknown,unknown,RGB
data/train/vid4_frame_1548.jpg,train,1920,990,1920x990,HD-Ready,JPEG,Unknown,unknown,RGB
data/train/vid1_frame_0126.jpg,train,3840,1879,3840x1879,HD,JPEG,Unknown,unknown,RGB
data/train/video_13_Good_frame_00000 (133).jpg,train,1920,940,1920x940,HD-Ready,JPEG,Unknown,unknown,RGB
data/train/vid10.mp4_frame_02270.jpg,train,1920,990,1920x990,HD-Ready,JPEG,Unknown,unknown,RGB
data/train/vid4_frame_2104.jpg,train,1920,990,1920x990,HD-Ready,JPEG,Unknown,unknown,RGB
data/train/vid1_frame_0159.jpg,train,3840,1879,3840x1879,HD,JPEG,Unknown,unknown,RGB
data/train/vid1_frame_0069.jpg,train,3840,1879,3840x1879,HD,JPEG,Unknown,unknown,RGB
data/train/vid7.mp4_frame_02914.jpg,train,1920,905,1920x905,HD-Ready,JPEG,Unknown,unknown,RGB
data/train/video_11_good_frame_00034 (29).jpg,train,1920,900,1920x900,HD-Ready,JPEG,Unknown,unknown,RGB
data/train/vid4_frame_2432.jpg,train,1920,990,1920x990,HD-Ready,JPEG,Unknown,unknown,RGB
data/train/video_3.mp4_frame_00087.jpg,train,1920,935,1920x935,HD-Ready,JPEG,Unknown,unknown,RGB
data/train/video_4.mp4_frame_00409.jpg,train,1920,932,1920x932,HD-Ready,JPEG,Unknown,unknown,RGB
data/train/video_5.mp4_frame_00186.jpg,train,1920,945,1920x945,HD-Ready,JPEG,Unknown,unknown,RGB
data/train/vid4_frame_4138.jpg,train,1920,990,1920x990,HD-Ready,JPEG,Unknown,unknown,RGB
data/train/vid10.mp4_frame_01160.jpg,train,1920,990,1920x990,HD-Ready,JPEG,Unknown,unknown,RGB
data/train/video_7.mp4_frame_00076.jpg,train,1920,930,1920x930,HD-Ready,JPEG,Unknown,unknown,RGB
data/train/vid4_frame_4333.jpg,train,1920,990,1920x990,HD-Ready,JPEG,Unknown,unknown,RGB
data/train/video_3.mp4_frame_00201.jpg,train,1920,935,1920x935,HD-Ready,JPEG,Unknown,unknown,RGB
data/train/video_11.mp4_frame_00113.jpg,train,1920,900,1920x900,HD-Ready,JPEG,Unknown,unknown,RGB
data/train/img173.jpg,train,1932,459,1932x459,SD,JPEG,Unknown,unknown,RGB
data/train/video_4.mp4_frame_00122.jpg,train,1920,932,1920x932,HD-Ready,JPEG,Unknown,unknown,RGB
data/train/video_13.mp4_frame_00166.jpg,train,1920,940,1920x940,HD-Ready,JPEG,Unknown,unknown,RGB
data/train/vid2_frame_0406.jpg,train,1920,1080,1920x1080,HD,JPEG,Unknown,unknown,RGB
data/train/vid6.mp4_frame_02555.jpg,train,1920,930,1920x930,HD-Ready,JPEG,Unknown,unknown,RGB
data/train/vid4_frame_5133.jpg,train,1920,990,1920x990,HD-Ready,JPEG,Unknown,unknown,RGB
data/train/video_4.mp4_frame_00135.jpg,train,1920,932,1920x932,HD-Ready,JPEG,Unknown,unknown,RGB
data/train/video_1.mp4_frame_00437.jpg,train,1920,932,1920x932,HD-Ready,JPEG,Unknown,unknown,RGB
data/train/vid4_frame_4424.jpg,train,1920,990,1920x990,HD-Ready,JPEG,Unknown,unknown,RGB
data/train/vid4_frame_4773.jpg,train,1920,990,1920x990,HD-Ready,JPEG,Unknown,unknown,RGB
data/train/IMG_ (78).jpg,train,1932,1080,1932x1080,HD,JPEG,Unknown,unknown,RGB
data/train/vid4_frame_5433.jpg,train,1920,990,1920x990,HD-Ready,JPEG,Unknown,unknown,RGB
data/train/video_13_Good_frame_00000 (5).jpg,train,1920,940,1920x940,HD-Ready,JPEG,Unknown,unknown,RGB
data/train/video_5.mp4_frame_00127.jpg,train,1920,945,1920x945,HD-Ready,JPEG,Unknown,unknown,RGB
data/train/vid4_frame_5091.jpg,train,1920,990,1920x990,HD-Ready,JPEG,Unknown,unknown,RGB
data/train/video_11.mp4_frame_00257.jpg,train,1920,900,1920x900,HD-Ready,JPEG,Unknown,unknown,RGB
data/train/video_7.mp4_frame_00365.jpg,train,1920,936,1920x936,HD-Ready,JPEG,Unknown,unknown,RGB
data/train/video_13_Good_frame_00000 (23).jpg,train,1920,940,1920x940,HD-Ready,JPEG,Unknown,unknown,RGB
data/train/vid7(1).jpg,train,1920,1080,1920x1080,HD,JPEG,Unknown,unknown,RGB
data/train/vid4_frame_3805.jpg,train,1920,990,1920x990,HD-Ready,JPEG,Unknown,unknown,RGB
data/train/vid4_frame_5262.jpg,train,1920,990,1920x990,HD-Ready,JPEG,Unknown,unknown,RGB
data/train/vid10.mp4_frame_00351.jpg,train,1920,990,1920x990,HD-Ready,JPEG,Unknown,unknown,RGB
data/train/vid10.mp4_frame_02319.jpg,train,1920,990,1920x990,HD-Ready,JPEG,Unknown,unknown,RGB
data/train/vid7.mp4_frame_02919.jpg,train,1920,905,1920x905,HD-Ready,JPEG,Unknown,unknown,RGB
data/train/video_4.mp4_frame_00167.jpg,train,1920,932,1920x932,HD-Ready,JPEG,Unknown,unknown,RGB
data/train/vid4_frame_2837.jpg,train,1920,990,1920x990,HD-Ready,JPEG,Unknown,unknown,RGB
data/train/vid2_frame_0482.jpg,train,1920,1080,1920x1080,HD,JPEG,Unknown,unknown,RGB
data/train/vid10.mp4_frame_01376.jpg,train,1920,990,1920x990,HD-Ready,JPEG,Unknown,unknown,RGB
data/train/vid1_frame_0273.jpg,train,3840,1879,3840x1879,HD,JPEG,Unknown,unknown,RGB
data/train/video_1.mp4_frame_00353.jpg,train,1920,932,1920x932,HD-Ready,JPEG,Unknown,unknown,RGB
data/train/IMG_ (70).jpg,train,1944,1080,1944x1080,HD,JPEG,Unknown,unknown,RGB
data/train/vid1_frame_0175.jpg,train,3840,1879,3840x1879,HD,JPEG,Unknown,unknown,RGB
data/train/video_12.mp4_frame_00020.jpg,train,1920,1080,1920x1080,HD,JPEG,Unknown,unknown,RGB
data/train/video_4.mp4_frame_00381.jpg,train,1920,932,1920x932,HD-Ready,JPEG,Unknown,unknown,RGB
data/train/video_1.mp4_frame_00011.jpg,train,1920,932,1920x932,HD-Ready,JPEG,Unknown,unknown,RGB
data/train/video_5.mp4_frame_00083.jpg,train,1920,945,1920x945,HD-Ready,JPEG,Unknown,unknown,RGB
data/train/video_4.mp4_frame_00696.jpg,train,1920,932,1920x932,HD-Ready,JPEG,Unknown,unknown,RGB
data/train/video_4.mp4_frame_00082.jpg,train,1920,932,1920x932,HD-Ready,JPEG,Unknown,unknown,RGB
data/train/video_5.mp4_frame_00035.jpg,train,1920,945,1920x945,HD-Ready,JPEG,Unknown,unknown,RGB
data/train/video_8_good_frame_00000 (108).jpg,train,1920,1080,1920x1080,HD,JPEG,Unknown,unknown,RGB
data/train/vid4_frame_4691.jpg,train,1920,990,1920x990,HD-Ready,JPEG,Unknown,unknown,RGB
data/train/vid4_frame_5306.jpg,train,1920,990,1920x990,HD-Ready,JPEG,Unknown,unknown,RGB
data/train/vid4_frame_5535.jpg,train,1920,990,1920x990,HD-Ready,JPEG,Unknown,unknown,RGB
data/train/video_8_good_frame_00000 (38).jpg,train,1920,1080,1920x1080,HD,JPEG,Unknown,unknown,RGB
data/train/vid2_frame_0449.jpg,train,1920,1080,1920x1080,HD,JPEG,Unknown,unknown,RGB
data/train/vid4_frame_2826.jpg,train,1920,990,1920x990,HD-Ready,JPEG,Unknown,unknown,RGB
data/train/video_2.mp4_frame_00022.jpg,train,1920,932,1920x932,HD-Ready,JPEG,Unknown,unknown,RGB
data/train/video_1.mp4_frame_00242.jpg,train,1920,932,1920x932,HD-Ready,JPEG,Unknown,unknown,RGB
data/train/vid4_frame_5504.jpg,train,1920,990,1920x990,HD-Ready,JPEG,Unknown,unknown,RGB
data/train/video_3_Good_frame_00000 (155).jpg,train,1920,935,1920x935,HD-Ready,JPEG,Unknown,unknown,RGB
data/train/vid1_frame_0240.jpg,train,3840,1879,3840x1879,HD,JPEG,Unknown,unknown,RGB
data/train/IMG_ (139).jpg,train,865,478,865x478,SD,JPEG,Unknown,unknown,RGB
data/train/video_7_good_frame_00000 (229).jpg,train,1920,930,1920x930,HD-Ready,JPEG,Unknown,unknown,RGB
data/train/video_1.mp4_frame_00417.jpg,train,1920,932,1920x932,HD-Ready,JPEG,Unknown,unknown,RGB
data/train/vid3_frame_1025.jpg,train,1920,990,1920x990,HD-Ready,JPEG,Unknown,unknown,RGB
data/train/video_1.mp4_frame_00402.jpg,train,1920,932,1920x932,HD-Ready,JPEG,Unknown,unknown,RGB
data/train/video_8_good_frame_00000 (142).jpg,train,1920,1080,1920x1080,HD,JPEG,Unknown,unknown,RGB
data/train/video_1.mp4_frame_00092.jpg,train,1920,932,1920x932,HD-Ready,JPEG,Unknown,unknown,RGB
data/train/vid6.mp4_frame_02475.jpg,train,1920,930,1920x930,HD-Ready,JPEG,Unknown,unknown,RGB
data/train/video_1.mp4_frame_00380.jpg,train,1920,932,1920x932,HD-Ready,JPEG,Unknown,unknown,RGB
data/train/video_11.mp4_frame_00130.jpg,train,1920,900,1920x900,HD-Ready,JPEG,Unknown,unknown,RGB
data/train/img51.jpg,train,1280,598,1280x598,SD,JPEG,Unknown,unknown,RGB
data/train/vid4_frame_5604.jpg,train,1920,990,1920x990,HD-Ready,JPEG,Unknown,unknown,RGB
data/train/IMG_ (147).jpg,train,4096,1979,4096x1979,HD,JPEG,Unknown,unknown,RGB
data/train/vid4_frame_3806.jpg,train,1920,990,1920x990,HD-Ready,JPEG,Unknown,unknown,RGB
data/train/video_6.mp4_frame_00002.jpg,train,1920,925,1920x925,HD-Ready,JPEG,Unknown,unknown,RGB
data/train/video_11.mp4_frame_00236.jpg,train,1920,900,1920x900,HD-Ready,JPEG,Unknown,unknown,RGB
data/train/video_2.mp4_frame_00173.jpg,train,1920,932,1920x932,HD-Ready,JPEG,Unknown,unknown,RGB
data/train/video_5.mp4_frame_00117.jpg,train,1920,945,1920x945,HD-Ready,JPEG,Unknown,unknown,RGB
data/train/vid3_frame_0622.jpg,train,1920,1080,1920x1080,HD,JPEG,Unknown,unknown,RGB
data/train/vid5.mp4_frame_02406.jpg,train,1920,1080,1920x1080,HD,JPEG,Unknown,unknown,RGB
data/train/video_11_good_frame_00034 (54).jpg,train,1920,900,1920x900,HD-Ready,JPEG,Unknown,unknown,RGB
data/train/vid10.mp4_frame_02126.jpg,train,1920,1080,1920x1080,HD,JPEG,Unknown,unknown,RGB
data/train/video_8.mp4_frame_00052.jpg,train,1920,1080,1920x1080,HD,JPEG,Unknown,unknown,RGB
data/train/video_3.mp4_frame_00160.jpg,train,1920,935,1920x935,HD-Ready,JPEG,Unknown,unknown,RGB
data/train/video_4.mp4_frame_00085.jpg,train,1920,932,1920x932,HD-Ready,JPEG,Unknown,unknown,RGB
data/train/video_7.mp4_frame_00142.jpg,train,1920,930,1920x930,HD-Ready,JPEG,Unknown,unknown,RGB
data/train/video_11.mp4_frame_00119.jpg,train,1920,900,1920x900,HD-Ready,JPEG,Unknown,unknown,RGB
data/train/vid3_frame_0623.jpg,train,1920,1080,1920x1080,HD,JPEG,Unknown,unknown,RGB
data/train/video_9_goodframe_00000 (176).jpg,train,1920,900,1920x900,HD-Ready,JPEG,Unknown,unknown,RGB
data/train/vid4_frame_5290.jpg,train,1920,990,1920x990,HD-Ready,JPEG,Unknown,unknown,RGB
data/train/video_13.mp4_frame_00298.jpg,train,1920,940,1920x940,HD-Ready,JPEG,Unknown,unknown,RGB
data/train/vid1_frame_0151.jpg,train,3840,1879,3840x1879,HD,JPEG,Unknown,unknown,RGB
data/train/vid1_frame_0070.jpg,train,3840,1879,3840x1879,HD,JPEG,Unknown,unknown,RGB
data/train/vid4_frame_3469.jpg,train,1920,990,1920x990,HD-Ready,JPEG,Unknown,unknown,RGB
data/train/video_13_Good_frame_00000 (77).jpg,train,1920,940,1920x940,HD-Ready,JPEG,Unknown,unknown,RGB
data/train/img255.jpg,train,1431,927,1431x927,HD-Ready,JPEG,Unknown,unknown,RGB
data/train/video_3_Good_frame_00000 (56).jpg,train,1920,935,1920x935,HD-Ready,JPEG,Unknown,unknown,RGB
data/train/vid4_frame_5559.jpg,train,1920,990,1920x990,HD-Ready,JPEG,Unknown,unknown,RGB
data/train/vid1_frame_0253.jpg,train,3840,1879,3840x1879,HD,JPEG,Unknown,unknown,RGB
data/train/img54.jpg,train,1280,601,1280x601,SD,JPEG,Unknown,unknown,RGB
data/train/video_5.mp4_frame_00119.jpg,train,1920,945,1920x945,HD-Ready,JPEG,Unknown,unknown,RGB
data/train/video_11.mp4_frame_00162.jpg,train,1920,900,1920x900,HD-Ready,JPEG,Unknown,unknown,RGB
data/train/video_11.mp4_frame_00239.jpg,train,1920,900,1920x900,HD-Ready,JPEG,Unknown,unknown,RGB
data/train/video_4.mp4_frame_00489.jpg,train,1920,932,1920x932,HD-Ready,JPEG,Unknown,unknown,RGB
data/train/IMG_ (16).jpg,train,4096,1980,4096x1980,HD,JPEG,Unknown,unknown,RGB
data/train/IMG_ (134).jpg,train,4095,2313,4095x2313,HD,JPEG,Unknown,unknown,RGB
data/train/video_7.mp4_frame_00101.jpg,train,1920,930,1920x930,HD-Ready,JPEG,Unknown,unknown,RGB
data/train/video_4.mp4_frame_00162.jpg,train,1920,932,1920x932,HD-Ready,JPEG,Unknown,unknown,RGB
data/train/vid1_frame_0037.jpg,train,3840,1879,3840x1879,HD,JPEG,Unknown,unknown,RGB
data/train/vid4_frame_5076.jpg,train,1920,990,1920x990,HD-Ready,JPEG,Unknown,unknown,RGB
data/train/vid10.mp4_frame_01182.jpg,train,1920,990,1920x990,HD-Ready,JPEG,Unknown,unknown,RGB
data/train/video_13.mp4_frame_00175.jpg,train,1920,940,1920x940,HD-Ready,JPEG,Unknown,unknown,RGB
data/train/vid13.mp4_frame_00390.jpg,train,1920,1080,1920x1080,HD,JPEG,Unknown,unknown,RGB
data/train/video_8_good_frame_00000 (60).jpg,train,1920,1080,1920x1080,HD,JPEG,Unknown,unknown,RGB
data/train/video_7.mp4_frame_00381.jpg,train,1920,930,1920x930,HD-Ready,JPEG,Unknown,unknown,RGB
data/train/vid4_frame_3946.jpg,train,1920,990,1920x990,HD-Ready,JPEG,Unknown,unknown,RGB
data/train/video_9.mp4_frame_00502.jpg,train,1920,900,1920x900,HD-Ready,JPEG,Unknown,unknown,RGB
data/train/vid4_frame_2828.jpg,train,1920,990,1920x990,HD-Ready,JPEG,Unknown,unknown,RGB
data/train/video_5.mp4_frame_00165.jpg,train,1920,945,1920x945,HD-Ready,JPEG,Unknown,unknown,RGB
data/train/video_13_Good_frame_00000 (38).jpg,train,1920,940,1920x940,HD-Ready,JPEG,Unknown,unknown,RGB
data/train/img169.jpg,train,1920,925,1920x925,HD-Ready,JPEG,Unknown,unknown,RGB
data/train/video_7.mp4_frame_00172.jpg,train,1920,930,1920x930,HD-Ready,JPEG,Unknown,unknown,RGB
data/train/video_9.mp4_frame_00503.jpg,train,1920,900,1920x900,HD-Ready,JPEG,Unknown,unknown,RGB
data/train/vid15.mp4_frame_00910.jpg,train,1920,908,1920x908,HD-Ready,JPEG,Unknown,unknown,RGB
data/train/vid4_frame_5409.jpg,train,1920,990,1920x990,HD-Ready,JPEG,Unknown,unknown,RGB
data/train/video_5.mp4_frame_00024.jpg,train,1920,945,1920x945,HD-Ready,JPEG,Unknown,unknown,RGB
data/train/video_1.mp4_frame_00042.jpg,train,1920,932,1920x932,HD-Ready,JPEG,Unknown,unknown,RGB
data/train/video_7.mp4_frame_00276.jpg,train,1920,936,1920x936,HD-Ready,JPEG,Unknown,unknown,RGB
data/train/video_8_good_frame_00000 (17).jpg,train,1920,1080,1920x1080,HD,JPEG,Unknown,unknown,RGB
data/train/video_11.mp4_frame_00069.jpg,train,1920,900,1920x900,HD-Ready,JPEG,Unknown,unknown,RGB
data/train/video_8_good_frame_00000 (24).jpg,train,1920,1080,1920x1080,HD,JPEG,Unknown,unknown,RGB
data/train/video_11.mp4_frame_00232.jpg,train,1920,900,1920x900,HD-Ready,JPEG,Unknown,unknown,RGB
data/train/vid7.mp4_frame_02771.jpg,train,1920,905,1920x905,HD-Ready,JPEG,Unknown,unknown,RGB
data/train/video_7.mp4_frame_00162.jpg,train,1920,930,1920x930,HD-Ready,JPEG,Unknown,unknown,RGB
data/train/vid3_frame_0662.jpg,train,1920,990,1920x990,HD-Ready,JPEG,Unknown,unknown,RGB
data/train/video_2.mp4_frame_00002 (2).jpg,train,1920,932,1920x932,HD-Ready,JPEG,Unknown,unknown,RGB
data/train/video_11.mp4_frame_00138.jpg,train,1920,900,1920x900,HD-Ready,JPEG,Unknown,unknown,RGB
data/train/IMG_ (5).jpg,train,4095,2059,4095x2059,HD,JPEG,Unknown,unknown,RGB
data/train/video_11.mp4_frame_00187.jpg,train,1920,900,1920x900,HD-Ready,JPEG,Unknown,unknown,RGB
data/train/img180.jpg,train,1929,925,1929x925,HD-Ready,JPEG,Unknown,unknown,RGB
data/train/vid4_frame_4032.jpg,train,1920,990,1920x990,HD-Ready,JPEG,Unknown,unknown,RGB
data/train/video_5.mp4_frame_00089.jpg,train,1920,945,1920x945,HD-Ready,JPEG,Unknown,unknown,RGB
data/train/video_11.mp4_frame_00052.jpg,train,1920,900,1920x900,HD-Ready,JPEG,Unknown,unknown,RGB
data/train/vid3_frame_0648.jpg,train,1920,990,1920x990,HD-Ready,JPEG,Unknown,unknown,RGB
data/train/video_13.mp4_frame_00057.jpg,train,1920,940,1920x940,HD-Ready,JPEG,Unknown,unknown,RGB
data/train/video_4.mp4_frame_00168.jpg,train,1920,932,1920x932,HD-Ready,JPEG,Unknown,unknown,RGB
data/train/img260.jpg,train,1921,919,1921x919,HD-Ready,JPEG,Unknown,unknown,RGB
data/train/video_2.mp4_frame_00084.jpg,train,1920,932,1920x932,HD-Ready,JPEG,Unknown,unknown,RGB
data/train/img186.jpg,train,1919,894,1919x894,HD-Ready,JPEG,Unknown,unknown,RGB
data/train/video_8_good_frame_00000 (58).jpg,train,1920,1080,1920x1080,HD,JPEG,Unknown,unknown,RGB
data/train/video_13.mp4_frame_00254.jpg,train,1920,940,1920x940,HD-Ready,JPEG,Unknown,unknown,RGB
data/train/video_4.mp4_frame_00455.jpg,train,1920,932,1920x932,HD-Ready,JPEG,Unknown,unknown,RGB
data/train/video_3_Good_frame_00000 (233).jpg,train,1920,935,1920x935,HD-Ready,JPEG,Unknown,unknown,RGB
data/train/img178.jpg,train,1918,922,1918x922,HD-Ready,JPEG,Unknown,unknown,RGB
data/train/IMG_ (61).jpg,train,1925,1080,1925x1080,HD,JPEG,Unknown,unknown,RGB
data/train/video_13_Good_frame_00000 (96).jpg,train,1920,940,1920x940,HD-Ready,JPEG,Unknown,unknown,RGB
data/train/vid4_frame_2754.jpg,train,1920,990,1920x990,HD-Ready,JPEG,Unknown,unknown,RGB
data/train/video_7_good_frame_00000 (214).jpg,train,1920,930,1920x930,HD-Ready,JPEG,Unknown,unknown,RGB
data/train/vid3_frame_1004.jpg,train,1920,990,1920x990,HD-Ready,JPEG,Unknown,unknown,RGB
data/train/vid4_frame_5287.jpg,train,1920,990,1920x990,HD-Ready,JPEG,Unknown,unknown,RGB
data/train/vid4_frame_5569.jpg,train,1920,990,1920x990,HD-Ready,JPEG,Unknown,unknown,RGB
data/train/img277.jpg,train,2340,1042,2340x1042,HD,JPEG,Unknown,unknown,RGB
data/train/video_4.mp4_frame_00695.jpg,train,1920,932,1920x932,HD-Ready,JPEG,Unknown,unknown,RGB
data/train/video_4.mp4_frame_00351.jpg,train,1920,932,1920x932,HD-Ready,JPEG,Unknown,unknown,RGB
data/train/video_11.mp4_frame_00255.jpg,train,1920,900,1920x900,HD-Ready,JPEG,Unknown,unknown,RGB
data/train/vid4_frame_1243.jpg,train,1920,990,1920x990,HD-Ready,JPEG,Unknown,unknown,RGB
data/train/video_4.mp4_frame_00442.jpg,train,1920,932,1920x932,HD-Ready,JPEG,Unknown,unknown,RGB
data/train/video_13.mp4_frame_00231.jpg,train,1920,940,1920x940,HD-Ready,JPEG,Unknown,unknown,RGB
data/train/video_13.mp4_frame_00174.jpg,train,1920,940,1920x940,HD-Ready,JPEG,Unknown,unknown,RGB
data/train/vid4_frame_1416.jpg,train,1920,990,1920x990,HD-Ready,JPEG,Unknown,unknown,RGB
data/train/video_13.mp4_frame_00086.jpg,train,1920,940,1920x940,HD-Ready,JPEG,Unknown,unknown,RGB
data/train/video_1.mp4_frame_00397.jpg,train,1920,932,1920x932,HD-Ready,JPEG,Unknown,unknown,RGB
data/train/video_13_Good_frame_00000 (45).jpg,train,1920,940,1920x940,HD-Ready,JPEG,Unknown,unknown,RGB
data/train/IMG_ (74).jpg,train,1936,1080,1936x1080,HD,JPEG,Unknown,unknown,RGB
data/train/vid4_frame_1139.jpg,train,1920,990,1920x990,HD-Ready,JPEG,Unknown,unknown,RGB
data/train/video_5.mp4_frame_00068.jpg,train,1920,945,1920x945,HD-Ready,JPEG,Unknown,unknown,RGB
data/train/video_5.mp4_frame_00112.jpg,train,1920,945,1920x945,HD-Ready,JPEG,Unknown,unknown,RGB
data/train/vid1_frame_0189.jpg,train,3840,1879,3840x1879,HD,JPEG,Unknown,unknown,RGB
data/train/video_3.mp4_frame_00126.jpg,train,1920,935,1920x935,HD-Ready,JPEG,Unknown,unknown,RGB
data/train/video_7.mp4_frame_00375.jpg,train,1920,930,1920x930,HD-Ready,JPEG,Unknown,unknown,RGB
data/train/video_7.mp4_frame_00652.jpg,train,1920,930,1920x930,HD-Ready,JPEG,Unknown,unknown,RGB
data/train/video_3_Good_frame_00000 (198).jpg,train,1920,935,1920x935,HD-Ready,JPEG,Unknown,unknown,RGB
data/train/video_1.mp4_frame_00332.jpg,train,1920,932,1920x932,HD-Ready,JPEG,Unknown,unknown,RGB
data/train/vid1_frame_0268.jpg,train,3840,1879,3840x1879,HD,JPEG,Unknown,unknown,RGB
data/train/vid1_frame_0086.jpg,train,3840,1879,3840x1879,HD,JPEG,Unknown,unknown,RGB
data/train/video_4.mp4_frame_00300.jpg,train,1920,932,1920x932,HD-Ready,JPEG,Unknown,unknown,RGB
data/train/video_11.mp4_frame_00048.jpg,train,1920,900,1920x900,HD-Ready,JPEG,Unknown,unknown,RGB
data/train/video_12.mp4_frame_00021.jpg,train,1920,1080,1920x1080,HD,JPEG,Unknown,unknown,RGB
data/train/video_3_Good_frame_00000 (78).jpg,train,1920,935,1920x935,HD-Ready,JPEG,Unknown,unknown,RGB
data/train/video_13.mp4_frame_00124.jpg,train,1920,940,1920x940,HD-Ready,JPEG,Unknown,unknown,RGB
data/train/vid4_frame_1136.jpg,train,1920,990,1920x990,HD-Ready,JPEG,Unknown,unknown,RGB
data/train/img4.jpg,train,1600,900,1600x900,HD-Ready,JPEG,Unknown,unknown,RGB
data/train/video_4.mp4_frame_00419.jpg,train,1920,932,1920x932,HD-Ready,JPEG,Unknown,unknown,RGB
data/train/vid4_frame_2856.jpg,train,1920,990,1920x990,HD-Ready,JPEG,Unknown,unknown,RGB
data/train/vid3_frame_0652.jpg,train,1920,990,1920x990,HD-Ready,JPEG,Unknown,unknown,RGB
data/train/video_13.mp4_frame_00223.jpg,train,1920,940,1920x940,HD-Ready,JPEG,Unknown,unknown,RGB
data/train/vid6.mp4_frame_02477.jpg,train,1920,930,1920x930,HD-Ready,JPEG,Unknown,unknown,RGB
data/train/video_3_Good_frame_00000 (87).jpg,train,1920,935,1920x935,HD-Ready,JPEG,Unknown,unknown,RGB
data/train/video_4.mp4_frame_00485.jpg,train,1920,932,1920x932,HD-Ready,JPEG,Unknown,unknown,RGB
data/train/vid2_frame_0411.jpg,train,1920,1080,1920x1080,HD,JPEG,Unknown,unknown,RGB
data/train/video_3_Good_frame_00000 (8).jpg,train,1920,935,1920x935,HD-Ready,JPEG,Unknown,unknown,RGB
data/train/video_2.mp4_frame_00202.jpg,train,1920,932,1920x932,HD-Ready,JPEG,Unknown,unknown,RGB
data/train/vid3_frame_0976.jpg,train,1920,990,1920x990,HD-Ready,JPEG,Unknown,unknown,RGB
data/train/video_7.mp4_frame_00315.jpg,train,1920,936,1920x936,HD-Ready,JPEG,Unknown,unknown,RGB
data/train/video_1.mp4_frame_00371.jpg,train,1920,932,1920x932,HD-Ready,JPEG,Unknown,unknown,RGB
data/train/IMG_ (137).jpg,train,1896,1080,1896x1080,HD-Ready,JPEG,Unknown,unknown,RGB
data/train/video_8_good_frame_00000 (117).jpg,train,1920,1080,1920x1080,HD,JPEG,Unknown,unknown,RGB
data/train/video_8_good_frame_00000 (43).jpg,train,1920,1080,1920x1080,HD,JPEG,Unknown,unknown,RGB
data/train/video_7.mp4_frame_00271.jpg,train,1920,936,1920x936,HD-Ready,JPEG,Unknown,unknown,RGB
data/train/video_3_Good_frame_00000 (51).jpg,train,1920,935,1920x935,HD-Ready,JPEG,Unknown,unknown,RGB
data/train/video_11_good_frame_00034 (52).jpg,train,1920,900,1920x900,HD-Ready,JPEG,Unknown,unknown,RGB
data/train/video_8_good_frame_00000 (172).jpg,train,1920,1080,1920x1080,HD,JPEG,Unknown,unknown,RGB
data/train/vid10.mp4_frame_00285.jpg,train,1920,990,1920x990,HD-Ready,JPEG,Unknown,unknown,RGB
data/train/video_3_Good_frame_00000 (127).jpg,train,1920,935,1920x935,HD-Ready,JPEG,Unknown,unknown,RGB
data/train/img189.jpg,train,2340,868,2340x868,HD-Ready,JPEG,Unknown,unknown,RGB
data/train/video_4.mp4_frame_00066.jpg,train,1920,932,1920x932,HD-Ready,JPEG,Unknown,unknown,RGB
data/train/video_5.mp4_frame_00144.jpg,train,1920,945,1920x945,HD-Ready,JPEG,Unknown,unknown,RGB
data/train/video_4.mp4_frame_00356.jpg,train,1920,932,1920x932,HD-Ready,JPEG,Unknown,unknown,RGB
data/train/video_9.mp4_frame_00455.jpg,train,1920,900,1920x900,HD-Ready,JPEG,Unknown,unknown,RGB
data/train/video_1.mp4_frame_00193.jpg,train,1920,932,1920x932,HD-Ready,JPEG,Unknown,unknown,RGB
data/train/video_11.mp4_frame_00089.jpg,train,1920,900,1920x900,HD-Ready,JPEG,Unknown,unknown,RGB
data/train/video_7.mp4_frame_00068.jpg,train,1920,930,1920x930,HD-Ready,JPEG,Unknown,unknown,RGB
data/train/img20.jpg,train,4032,3024,4032x3024,HD,JPEG,Unknown,unknown,RGB
data/train/video_7.mp4_frame_00340.jpg,train,1920,936,1920x936,HD-Ready,JPEG,Unknown,unknown,RGB
data/train/video_4.mp4_frame_00154.jpg,train,1920,932,1920x932,HD-Ready,JPEG,Unknown,unknown,RGB
data/train/vid10.mp4_frame_00601.jpg,train,1920,990,1920x990,HD-Ready,JPEG,Unknown,unknown,RGB
data/train/vid1_frame_0081.jpg,train,3840,1879,3840x1879,HD,JPEG,Unknown,unknown,RGB
data/train/img19.jpg,train,899,739,899x739,SD,JPEG,Unknown,unknown,RGB
data/train/video_3_Good_frame_00000 (63).jpg,train,1920,935,1920x935,HD-Ready,JPEG,Unknown,unknown,RGB
data/train/vid7.mp4_frame_02815.jpg,train,1920,905,1920x905,HD-Ready,JPEG,Unknown,unknown,RGB
data/train/img252.jpg,train,1910,914,1910x914,HD-Ready,JPEG,Unknown,unknown,RGB
data/train/video_7.mp4_frame_00377.jpg,train,1920,930,1920x930,HD-Ready,JPEG,Unknown,unknown,RGB
data/train/video_13_Good_frame_00000 (42).jpg,train,1920,940,1920x940,HD-Ready,JPEG,Unknown,unknown,RGB
data/train/video_11.mp4_frame_00258.jpg,train,1920,900,1920x900,HD-Ready,JPEG,Unknown,unknown,RGB
data/train/video_4.mp4_frame_00414.jpg,train,1920,932,1920x932,HD-Ready,JPEG,Unknown,unknown,RGB
data/train/vid6.mp4_frame_02514.jpg,train,1920,930,1920x930,HD-Ready,JPEG,Unknown,unknown,RGB
data/train/video_2.mp4_frame_00230.jpg,train,1920,932,1920x932,HD-Ready,JPEG,Unknown,unknown,RGB
data/train/vid4_frame_5607.jpg,train,1920,990,1920x990,HD-Ready,JPEG,Unknown,unknown,RGB
data/train/IMG_ (9).jpg,train,4096,2033,4096x2033,HD,JPEG,Unknown,unknown,RGB
data/train/video_8_good_frame_00000 (173).jpg,train,1920,1080,1920x1080,HD,JPEG,Unknown,unknown,RGB
data/train/vid2_frame_0408.jpg,train,1920,1080,1920x1080,HD,JPEG,Unknown,unknown,RGB
data/train/vid4_frame_3690.jpg,train,1920,990,1920x990,HD-Ready,JPEG,Unknown,unknown,RGB
data/train/video_5.mp4_frame_00110.jpg,train,1920,945,1920x945,HD-Ready,JPEG,Unknown,unknown,RGB
data/train/img206.jpg,train,1911,982,1911x982,HD-Ready,JPEG,Unknown,unknown,RGB
data/train/IMG_ (154).jpg,train,1503,846,1503x846,HD-Ready,JPEG,Unknown,unknown,RGB
data/train/vid2_frame_0391.jpg,train,1920,1080,1920x1080,HD,JPEG,Unknown,unknown,RGB
data/train/video_13_Good_frame_00000 (119).jpg,train,1920,940,1920x940,HD-Ready,JPEG,Unknown,unknown,RGB
data/train/vid4_frame_4453.jpg,train,1920,990,1920x990,HD-Ready,JPEG,Unknown,unknown,RGB
data/train/IMG_ (1).jpg,train,4096,2306,4096x2306,HD,JPEG,Unknown,unknown,RGB
data/train/video_3.mp4_frame_00279.jpg,train,1920,935,1920x935,HD-Ready,JPEG,Unknown,unknown,RGB
data/train/video_2.mp4_frame_00021.jpg,train,1920,932,1920x932,HD-Ready,JPEG,Unknown,unknown,RGB
data/train/video_1.mp4_frame_00020.jpg,train,1920,932,1920x932,HD-Ready,JPEG,Unknown,unknown,RGB
data/train/vid10.mp4_frame_02198.jpg,train,1920,990,1920x990,HD-Ready,JPEG,Unknown,unknown,RGB
data/train/video_13.mp4_frame_00264.jpg,train,1920,940,1920x940,HD-Ready,JPEG,Unknown,unknown,RGB
data/train/video_3.mp4_frame_00120.jpg,train,1920,935,1920x935,HD-Ready,JPEG,Unknown,unknown,RGB
data/train/video_5.mp4_frame_00079.jpg,train,1920,945,1920x945,HD-Ready,JPEG,Unknown,unknown,RGB
data/train/video_8.mp4_frame_00054.jpg,train,1920,1080,1920x1080,HD,JPEG,Unknown,unknown,RGB
data/train/video_1.mp4_frame_00099.jpg,train,1920,932,1920x932,HD-Ready,JPEG,Unknown,unknown,RGB
data/train/video_2.mp4_frame_00006 (2).jpg,train,1920,932,1920x932,HD-Ready,JPEG,Unknown,unknown,RGB
data/train/vid3_frame_0677.jpg,train,1920,990,1920x990,HD-Ready,JPEG,Unknown,unknown,RGB
data/train/vid3_frame_0853.jpg,train,1920,990,1920x990,HD-Ready,JPEG,Unknown,unknown,RGB
data/train/video_11_good_frame_00034 (33).jpg,train,1920,900,1920x900,HD-Ready,JPEG,Unknown,unknown,RGB
data/train/video_4.mp4_frame_00127.jpg,train,1920,932,1920x932,HD-Ready,JPEG,Unknown,unknown,RGB
data/train/video_4.mp4_frame_00484.jpg,train,1920,932,1920x932,HD-Ready,JPEG,Unknown,unknown,RGB
data/train/vid3_frame_0871.jpg,train,1920,990,1920x990,HD-Ready,JPEG,Unknown,unknown,RGB
data/train/video_4.mp4_frame_00139.jpg,train,1920,932,1920x932,HD-Ready,JPEG,Unknown,unknown,RGB
data/train/vid4_frame_3819.jpg,train,1920,990,1920x990,HD-Ready,JPEG,Unknown,unknown,RGB
data/train/video_3_Good_frame_00000 (72).jpg,train,1920,935,1920x935,HD-Ready,JPEG,Unknown,unknown,RGB
data/train/video_4.mp4_frame_00255.jpg,train,1920,932,1920x932,HD-Ready,JPEG,Unknown,unknown,RGB
data/train/vid4_frame_3605.jpg,train,1920,990,1920x990,HD-Ready,JPEG,Unknown,unknown,RGB
data/train/vid4_frame_2980.jpg,train,1920,990,1920x990,HD-Ready,JPEG,Unknown,unknown,RGB
data/train/img261.jpg,train,1905,941,1905x941,HD-Ready,JPEG,Unknown,unknown,RGB
data/train/video_13_Good_frame_00000 (103).jpg,train,1920,940,1920x940,HD-Ready,JPEG,Unknown,unknown,RGB
data/train/video_7.mp4_frame_00020.jpg,train,1920,930,1920x930,HD-Ready,JPEG,Unknown,unknown,RGB
data/train/img48.jpg,train,1280,597,1280x597,SD,JPEG,Unknown,unknown,RGB
data/train/video_3.mp4_frame_00247.jpg,train,1920,935,1920x935,HD-Ready,JPEG,Unknown,unknown,RGB
data/train/video_5.mp4_frame_00134.jpg,train,1920,945,1920x945,HD-Ready,JPEG,Unknown,unknown,RGB
data/train/video_9.mp4_frame_00724.jpg,train,1920,900,1920x900,HD-Ready,JPEG,Unknown,unknown,RGB
data/train/vid3_frame_1075.jpg,train,1920,990,1920x990,HD-Ready,JPEG,Unknown,unknown,RGB
data/train/video_1.mp4_frame_00369.jpg,train,1920,932,1920x932,HD-Ready,JPEG,Unknown,unknown,RGB
data/train/vid10.mp4_frame_02197.jpg,train,1920,990,1920x990,HD-Ready,JPEG,Unknown,unknown,RGB
data/train/vid2_frame_0565.jpg,train,1920,1080,1920x1080,HD,JPEG,Unknown,unknown,RGB
data/train/video_7.mp4_frame_00318.jpg,train,1920,936,1920x936,HD-Ready,JPEG,Unknown,unknown,RGB
data/train/img101.jpg,train,1280,612,1280x612,SD,JPEG,Unknown,unknown,RGB
data/train/video_13.mp4_frame_00159.jpg,train,1920,940,1920x940,HD-Ready,JPEG,Unknown,unknown,RGB
data/train/video_2.mp4_frame_00272.jpg,train,1920,932,1920x932,HD-Ready,JPEG,Unknown,unknown,RGB
data/train/IMG_ (31).jpg,train,1925,1079,1925x1079,HD,JPEG,Unknown,unknown,RGB
data/train/vid7.mp4_frame_02869.jpg,train,1920,899,1920x899,HD-Ready,JPEG,Unknown,unknown,RGB
data/train/video_4.mp4_frame_00197.jpg,train,1920,932,1920x932,HD-Ready,JPEG,Unknown,unknown,RGB
data/train/video_3.mp4_frame_00015.jpg,train,1920,935,1920x935,HD-Ready,JPEG,Unknown,unknown,RGB
data/train/vid4_frame_2788.jpg,train,1920,990,1920x990,HD-Ready,JPEG,Unknown,unknown,RGB
data/train/vid4_frame_5234.jpg,train,1920,990,1920x990,HD-Ready,JPEG,Unknown,unknown,RGB
data/train/video_2.mp4_frame_00176.jpg,train,1920,932,1920x932,HD-Ready,JPEG,Unknown,unknown,RGB
data/train/vid4_frame_3322.jpg,train,1920,990,1920x990,HD-Ready,JPEG,Unknown,unknown,RGB
data/train/video_3.mp4_frame_00209.jpg,train,1920,935,1920x935,HD-Ready,JPEG,Unknown,unknown,RGB
data/train/video_7.mp4_frame_00270.jpg,train,1920,936,1920x936,HD-Ready,JPEG,Unknown,unknown,RGB
data/train/video_7.mp4_frame_00235.jpg,train,1920,936,1920x936,HD-Ready,JPEG,Unknown,unknown,RGB
data/train/video_7.mp4_frame_00376.jpg,train,1920,930,1920x930,HD-Ready,JPEG,Unknown,unknown,RGB
data/train/vid4_frame_1701.jpg,train,1920,990,1920x990,HD-Ready,JPEG,Unknown,unknown,RGB
data/train/vid4_frame_5130.jpg,train,1920,990,1920x990,HD-Ready,JPEG,Unknown,unknown,RGB
data/train/vid4_frame_5303.jpg,train,1920,990,1920x990,HD-Ready,JPEG,Unknown,unknown,RGB
data/train/vid3_frame_1100.jpg,train,1920,990,1920x990,HD-Ready,JPEG,Unknown,unknown,RGB
data/train/vid10.mp4_frame_02131.jpg,train,1920,1080,1920x1080,HD,JPEG,Unknown,unknown,RGB
data/train/img215.jpg,train,1916,980,1916x980,HD-Ready,JPEG,Unknown,unknown,RGB
data/train/video_13_Good_frame_00000 (9).jpg,train,1920,940,1920x940,HD-Ready,JPEG,Unknown,unknown,RGB
data/train/vid1_frame_0153.jpg,train,3840,1879,3840x1879,HD,JPEG,Unknown,unknown,RGB
data/train/video_1.mp4_frame_00398.jpg,train,1920,932,1920x932,HD-Ready,JPEG,Unknown,unknown,RGB
data/train/video_3.mp4_frame_00086.jpg,train,1920,935,1920x935,HD-Ready,JPEG,Unknown,unknown,RGB
data/train/video_7.mp4_frame_00329.jpg,train,1920,936,1920x936,HD-Ready,JPEG,Unknown,unknown,RGB
data/train/video_3_Good_frame_00000 (165).jpg,train,1920,935,1920x935,HD-Ready,JPEG,Unknown,unknown,RGB
data/train/video_8_good_frame_00000 (56).jpg,train,1920,1080,1920x1080,HD,JPEG,Unknown,unknown,RGB
data/train/video_1.mp4_frame_00356.jpg,train,1920,932,1920x932,HD-Ready,JPEG,Unknown,unknown,RGB
data/train/video_2.mp4_frame_00074.jpg,train,1920,932,1920x932,HD-Ready,JPEG,Unknown,unknown,RGB
data/train/video_13.mp4_frame_00079.jpg,train,1920,940,1920x940,HD-Ready,JPEG,Unknown,unknown,RGB
data/train/video_7.mp4_frame_00021.jpg,train,1920,930,1920x930,HD-Ready,JPEG,Unknown,unknown,RGB
data/train/video_3.mp4_frame_00074.jpg,train,1920,935,1920x935,HD-Ready,JPEG,Unknown,unknown,RGB
data/train/video_13.mp4_frame_00270.jpg,train,1920,940,1920x940,HD-Ready,JPEG,Unknown,unknown,RGB
data/train/video_2.mp4_frame_00083.jpg,train,1920,932,1920x932,HD-Ready,JPEG,Unknown,unknown,RGB
data/train/video_13.mp4_frame_00171.jpg,train,1920,940,1920x940,HD-Ready,JPEG,Unknown,unknown,RGB
data/train/video_7.mp4_frame_00147.jpg,train,1920,930,1920x930,HD-Ready,JPEG,Unknown,unknown,RGB
data/train/video_8_good_frame_00000 (74).jpg,train,1920,1080,1920x1080,HD,JPEG,Unknown,unknown,RGB
data/train/vid4_frame_5094.jpg,train,1920,990,1920x990,HD-Ready,JPEG,Unknown,unknown,RGB
data/train/video_5.mp4_frame_00016.jpg,train,1920,945,1920x945,HD-Ready,JPEG,Unknown,unknown,RGB
data/train/video_13_Good_frame_00000 (134).jpg,train,1920,940,1920x940,HD-Ready,JPEG,Unknown,unknown,RGB
data/train/vid6.mp4_frame_02634.jpg,train,1920,930,1920x930,HD-Ready,JPEG,Unknown,unknown,RGB
data/train/video_12.mp4_frame_00018.jpg,train,1920,1080,1920x1080,HD,JPEG,Unknown,unknown,RGB
data/train/video_5.mp4_frame_00097.jpg,train,1920,945,1920x945,HD-Ready,JPEG,Unknown,unknown,RGB
data/train/video_3_Good_frame_00000 (16).jpg,train,1920,935,1920x935,HD-Ready,JPEG,Unknown,unknown,RGB
data/train/video_8.mp4_frame_00007.jpg,train,1920,1080,1920x1080,HD,JPEG,Unknown,unknown,RGB
data/train/video_13_Good_frame_00000 (97).jpg,train,1920,940,1920x940,HD-Ready,JPEG,Unknown,unknown,RGB
data/train/img192.jpg,train,1910,971,1910x971,HD-Ready,JPEG,Unknown,unknown,RGB
data/train/video_8_good_frame_00000 (118).jpg,train,1920,1080,1920x1080,HD,JPEG,Unknown,unknown,RGB
data/train/video_4.mp4_frame_00428.jpg,train,1920,932,1920x932,HD-Ready,JPEG,Unknown,unknown,RGB
data/train/video_8_good_frame_00000 (176).jpg,train,1920,1080,1920x1080,HD,JPEG,Unknown,unknown,RGB
data/train/vid2_frame_0397.jpg,train,1920,1080,1920x1080,HD,JPEG,Unknown,unknown,RGB
data/train/video_3_Good_frame_00000 (170).jpg,train,1920,935,1920x935,HD-Ready,JPEG,Unknown,unknown,RGB
data/train/vid7.mp4_frame_02775.jpg,train,1920,905,1920x905,HD-Ready,JPEG,Unknown,unknown,RGB
data/train/img84.jpg,train,1910,980,1910x980,HD-Ready,JPEG,Unknown,unknown,RGB
data/train/video_9_goodframe_00000 (180).jpg,train,1920,900,1920x900,HD-Ready,JPEG,Unknown,unknown,RGB
data/train/video_4.mp4_frame_00406.jpg,train,1920,932,1920x932,HD-Ready,JPEG,Unknown,unknown,RGB
data/train/vid10.mp4_frame_01374.jpg,train,1920,990,1920x990,HD-Ready,JPEG,Unknown,unknown,RGB
data/train/vid3_frame_0702.jpg,train,1920,990,1920x990,HD-Ready,JPEG,Unknown,unknown,RGB
data/train/video_13.mp4_frame_00289.jpg,train,1920,940,1920x940,HD-Ready,JPEG,Unknown,unknown,RGB
data/train/vid3_frame_0851.jpg,train,1920,990,1920x990,HD-Ready,JPEG,Unknown,unknown,RGB
data/train/vid10.mp4_frame_02123.jpg,train,1920,990,1920x990,HD-Ready,JPEG,Unknown,unknown,RGB
data/train/vid3_frame_0678.jpg,train,1920,990,1920x990,HD-Ready,JPEG,Unknown,unknown,RGB
data/train/video_7.mp4_frame_00549.jpg,train,1920,930,1920x930,HD-Ready,JPEG,Unknown,unknown,RGB
data/train/vid3_frame_0913.jpg,train,1920,990,1920x990,HD-Ready,JPEG,Unknown,unknown,RGB
data/train/img23.jpg,train,1600,1200,1600x1200,HD-Ready,JPEG,Unknown,unknown,RGB
data/train/vid3_frame_1066.jpg,train,1920,990,1920x990,HD-Ready,JPEG,Unknown,unknown,RGB
data/train/img17.jpg,train,1600,1200,1600x1200,HD-Ready,JPEG,Unknown,unknown,RGB
data/train/video_13.mp4_frame_00087.jpg,train,1920,940,1920x940,HD-Ready,JPEG,Unknown,unknown,RGB
data/train/vid4_frame_1456.jpg,train,1920,990,1920x990,HD-Ready,JPEG,Unknown,unknown,RGB
data/train/vid10.mp4_frame_01355.jpg,train,1920,990,1920x990,HD-Ready,JPEG,Unknown,unknown,RGB
data/train/video_9.mp4_frame_00474.jpg,train,1920,900,1920x900,HD-Ready,JPEG,Unknown,unknown,RGB
data/train/video_9.mp4_frame_00723.jpg,train,1920,900,1920x900,HD-Ready,JPEG,Unknown,unknown,RGB
data/train/video_13_Good_frame_00000 (82).jpg,train,1920,940,1920x940,HD-Ready,JPEG,Unknown,unknown,RGB
data/train/vid4_frame_2755.jpg,train,1920,990,1920x990,HD-Ready,JPEG,Unknown,unknown,RGB
data/train/video_3.mp4_frame_00281.jpg,train,1920,935,1920x935,HD-Ready,JPEG,Unknown,unknown,RGB
data/train/vid15.mp4_frame_00722.jpg,train,1920,908,1920x908,HD-Ready,JPEG,Unknown,unknown,RGB
data/train/video_4.mp4_frame_00448.jpg,train,1920,932,1920x932,HD-Ready,JPEG,Unknown,unknown,RGB
data/train/video_2.mp4_frame_00186.jpg,train,1920,932,1920x932,HD-Ready,JPEG,Unknown,unknown,RGB
data/train/video_5.mp4_frame_00179.jpg,train,1920,945,1920x945,HD-Ready,JPEG,Unknown,unknown,RGB
data/train/video_1.mp4_frame_00393.jpg,train,1920,932,1920x932,HD-Ready,JPEG,Unknown,unknown,RGB
data/train/video_4.mp4_frame_00323.jpg,train,1920,932,1920x932,HD-Ready,JPEG,Unknown,unknown,RGB
data/train/vid4_frame_2792.jpg,train,1920,990,1920x990,HD-Ready,JPEG,Unknown,unknown,RGB
data/train/vid7(3).jpg,train,1920,1080,1920x1080,HD,JPEG,Unknown,unknown,RGB
data/train/video_4.mp4_frame_00157.jpg,train,1920,932,1920x932,HD-Ready,JPEG,Unknown,unknown,RGB
data/train/video_9.mp4_frame_00658.jpg,train,1920,900,1920x900,HD-Ready,JPEG,Unknown,unknown,RGB
data/train/vid3_frame_0666.jpg,train,1920,990,1920x990,HD-Ready,JPEG,Unknown,unknown,RGB
data/train/video_4.mp4_frame_00129.jpg,train,1920,932,1920x932,HD-Ready,JPEG,Unknown,unknown,RGB
data/train/vid4_frame_5313.jpg,train,1920,990,1920x990,HD-Ready,JPEG,Unknown,unknown,RGB
data/train/img223.jpg,train,1915,975,1915x975,HD-Ready,JPEG,Unknown,unknown,RGB
data/train/vid10.mp4_frame_02318.jpg,train,1920,990,1920x990,HD-Ready,JPEG,Unknown,unknown,RGB
data/train/video_7.mp4_frame_00651.jpg,train,1920,930,1920x930,HD-Ready,JPEG,Unknown,unknown,RGB
data/train/video_4.mp4_frame_00069.jpg,train,1920,932,1920x932,HD-Ready,JPEG,Unknown,unknown,RGB
data/train/video_3_Good_frame_00000 (148).jpg,train,1920,935,1920x935,HD-Ready,JPEG,Unknown,unknown,RGB
data/train/video_3.mp4_frame_00093.jpg,train,1920,935,1920x935,HD-Ready,JPEG,Unknown,unknown,RGB
data/train/IMG_ (65).jpg,train,1930,1080,1930x1080,HD,JPEG,Unknown,unknown,RGB
data/train/vid3_frame_1098.jpg,train,1920,990,1920x990,HD-Ready,JPEG,Unknown,unknown,RGB
data/train/vid4_frame_3065.jpg,train,1920,990,1920x990,HD-Ready,JPEG,Unknown,unknown,RGB
data/train/video_4.mp4_frame_00095.jpg,train,1920,932,1920x932,HD-Ready,JPEG,Unknown,unknown,RGB
data/train/video_4.mp4_frame_00136.jpg,train,1920,932,1920x932,HD-Ready,JPEG,Unknown,unknown,RGB
data/train/video_1.mp4_frame_00210.jpg,train,1920,932,1920x932,HD-Ready,JPEG,Unknown,unknown,RGB
data/train/vid1_frame_0018.jpg,train,3840,1879,3840x1879,HD,JPEG,Unknown,unknown,RGB
data/train/video_9.mp4_frame_00698.jpg,train,1920,900,1920x900,HD-Ready,JPEG,Unknown,unknown,RGB
data/train/video_4.mp4_frame_00493.jpg,train,1920,932,1920x932,HD-Ready,JPEG,Unknown,unknown,RGB
data/train/video_7.mp4_frame_00391.jpg,train,1920,930,1920x930,HD-Ready,JPEG,Unknown,unknown,RGB
data/train/video_7.mp4_frame_00231.jpg,train,1920,936,1920x936,HD-Ready,JPEG,Unknown,unknown,RGB
data/train/video_7.mp4_frame_00306.jpg,train,1920,936,1920x936,HD-Ready,JPEG,Unknown,unknown,RGB
data/train/vid3_frame_0653.jpg,train,1920,990,1920x990,HD-Ready,JPEG,Unknown,unknown,RGB
data/train/video_4.mp4_frame_00288.jpg,train,1920,932,1920x932,HD-Ready,JPEG,Unknown,unknown,RGB
data/train/video_4.mp4_frame_00420.jpg,train,1920,932,1920x932,HD-Ready,JPEG,Unknown,unknown,RGB
data/train/video_1.mp4_frame_00231.jpg,train,1920,932,1920x932,HD-Ready,JPEG,Unknown,unknown,RGB
data/train/video_1.mp4_frame_00408.jpg,train,1920,932,1920x932,HD-Ready,JPEG,Unknown,unknown,RGB
data/train/video_3.mp4_frame_00227.jpg,train,1920,935,1920x935,HD-Ready,JPEG,Unknown,unknown,RGB
data/train/video_4.mp4_frame_00086.jpg,train,1920,932,1920x932,HD-Ready,JPEG,Unknown,unknown,RGB
data/train/video_3_Good_frame_00000 (107).jpg,train,1920,935,1920x935,HD-Ready,JPEG,Unknown,unknown,RGB
data/train/vid10.mp4_frame_01930.jpg,train,1920,990,1920x990,HD-Ready,JPEG,Unknown,unknown,RGB
data/train/video_13.mp4_frame_00135.jpg,train,1920,940,1920x940,HD-Ready,JPEG,Unknown,unknown,RGB
data/train/video_1.mp4_frame_00230.jpg,train,1920,932,1920x932,HD-Ready,JPEG,Unknown,unknown,RGB
data/train/video_13_Good_frame_00000 (47).jpg,train,1920,940,1920x940,HD-Ready,JPEG,Unknown,unknown,RGB
data/train/video_13.mp4_frame_00323.jpg,train,1920,940,1920x940,HD-Ready,JPEG,Unknown,unknown,RGB
data/train/vid1_frame_0031.jpg,train,3840,1879,3840x1879,HD,JPEG,Unknown,unknown,RGB
data/train/video_3_Good_frame_00000 (67).jpg,train,1920,935,1920x935,HD-Ready,JPEG,Unknown,unknown,RGB
data/train/vid4_frame_1367.jpg,train,1920,990,1920x990,HD-Ready,JPEG,Unknown,unknown,RGB
data/train/vid10.mp4_frame_02129.jpg,train,1920,1080,1920x1080,HD,JPEG,Unknown,unknown,RGB
data/train/vid7.mp4_frame_02885.jpg,train,1920,905,1920x905,HD-Ready,JPEG,Unknown,unknown,RGB
data/train/vid4_frame_5583.jpg,train,1920,990,1920x990,HD-Ready,JPEG,Unknown,unknown,RGB
data/train/vid3_frame_0641.jpg,train,1920,1080,1920x1080,HD,JPEG,Unknown,unknown,RGB
data/train/vid3_frame_1035.jpg,train,1920,990,1920x990,HD-Ready,JPEG,Unknown,unknown,RGB
data/train/video_2.mp4_frame_00180.jpg,train,1920,932,1920x932,HD-Ready,JPEG,Unknown,unknown,RGB
data/train/video_7.mp4_frame_00063.jpg,train,1920,930,1920x930,HD-Ready,JPEG,Unknown,unknown,RGB
data/train/vid7.mp4_frame_02915.jpg,train,1920,905,1920x905,HD-Ready,JPEG,Unknown,unknown,RGB
data/train/IMG_ (72).jpg,train,1941,1080,1941x1080,HD,JPEG,Unknown,unknown,RGB
data/train/video_4.mp4_frame_00116.jpg,train,1920,932,1920x932,HD-Ready,JPEG,Unknown,unknown,RGB
data/train/video_7.mp4_frame_00108.jpg,train,1920,930,1920x930,HD-Ready,JPEG,Unknown,unknown,RGB
data/train/video_1.mp4_frame_00191.jpg,train,1920,932,1920x932,HD-Ready,JPEG,Unknown,unknown,RGB
data/train/vid6.mp4_frame_02482.jpg,train,1920,930,1920x930,HD-Ready,JPEG,Unknown,unknown,RGB
data/train/video_1.mp4_frame_00404.jpg,train,1920,932,1920x932,HD-Ready,JPEG,Unknown,unknown,RGB
data/train/video_2.mp4_frame_00672.jpg,train,1920,932,1920x932,HD-Ready,JPEG,Unknown,unknown,RGB
data/train/video_3_Good_frame_00000 (59).jpg,train,1920,935,1920x935,HD-Ready,JPEG,Unknown,unknown,RGB
data/train/IMG_ (50).jpg,train,1926,1066,1926x1066,HD-Ready,JPEG,Unknown,unknown,RGB
data/train/video_4.mp4_frame_00698.jpg,train,1920,932,1920x932,HD-Ready,JPEG,Unknown,unknown,RGB
data/train/video_4.mp4_frame_00309.jpg,train,1920,932,1920x932,HD-Ready,JPEG,Unknown,unknown,RGB
data/train/IMG_ (15).jpg,train,1934,946,1934x946,HD-Ready,JPEG,Unknown,unknown,RGB
data/train/video_13.mp4_frame_00139.jpg,train,1920,940,1920x940,HD-Ready,JPEG,Unknown,unknown,RGB
data/train/video_11.mp4_frame_00034.jpg,train,1920,900,1920x900,HD-Ready,JPEG,Unknown,unknown,RGB
data/train/vid2_frame_0400.jpg,train,1920,1080,1920x1080,HD,JPEG,Unknown,unknown,RGB
data/train/video_13.mp4_frame_00284.jpg,train,1920,940,1920x940,HD-Ready,JPEG,Unknown,unknown,RGB
data/train/video_13.mp4_frame_00089.jpg,train,1920,940,1920x940,HD-Ready,JPEG,Unknown,unknown,RGB
data/train/video_11.mp4_frame_00058.jpg,train,1920,900,1920x900,HD-Ready,JPEG,Unknown,unknown,RGB
data/train/video_5.mp4_frame_00187.jpg,train,1920,945,1920x945,HD-Ready,JPEG,Unknown,unknown,RGB
data/train/video_1.mp4_frame_00423.jpg,train,1920,932,1920x932,HD-Ready,JPEG,Unknown,unknown,RGB
data/train/video_8_good_frame_00000 (65).jpg,train,1920,1080,1920x1080,HD,JPEG,Unknown,unknown,RGB
data/train/video_1.mp4_frame_00177.jpg,train,1920,932,1920x932,HD-Ready,JPEG,Unknown,unknown,RGB
data/train/video_11.mp4_frame_00246.jpg,train,1920,900,1920x900,HD-Ready,JPEG,Unknown,unknown,RGB
data/train/video_3.mp4_frame_00046.jpg,train,1920,935,1920x935,HD-Ready,JPEG,Unknown,unknown,RGB
data/train/video_1.mp4_frame_00239.jpg,train,1920,932,1920x932,HD-Ready,JPEG,Unknown,unknown,RGB
data/train/vid1_frame_0098.jpg,train,3840,1879,3840x1879,HD,JPEG,Unknown,unknown,RGB
data/train/video_5.mp4_frame_00122.jpg,train,1920,945,1920x945,HD-Ready,JPEG,Unknown,unknown,RGB
data/train/video_7.mp4_frame_00385.jpg,train,1920,930,1920x930,HD-Ready,JPEG,Unknown,unknown,RGB
data/train/video_13.mp4_frame_00230.jpg,train,1920,940,1920x940,HD-Ready,JPEG,Unknown,unknown,RGB
data/train/vid10.mp4_frame_01414.jpg,train,1920,990,1920x990,HD-Ready,JPEG,Unknown,unknown,RGB
data/train/vid10.mp4_frame_00288.jpg,train,1920,990,1920x990,HD-Ready,JPEG,Unknown,unknown,RGB
data/train/video_7.mp4_frame_00343.jpg,train,1920,936,1920x936,HD-Ready,JPEG,Unknown,unknown,RGB
data/train/video_1.mp4_frame_00161.jpg,train,1920,932,1920x932,HD-Ready,JPEG,Unknown,unknown,RGB
data/train/vid2_frame_0421.jpg,train,1920,1080,1920x1080,HD,JPEG,Unknown,unknown,RGB
data/train/video_7.mp4_frame_00049.jpg,train,1920,930,1920x930,HD-Ready,JPEG,Unknown,unknown,RGB
data/train/video_2.mp4_frame_00109.jpg,train,1920,932,1920x932,HD-Ready,JPEG,Unknown,unknown,RGB
data/train/video_2.mp4_frame_00060.jpg,train,1920,932,1920x932,HD-Ready,JPEG,Unknown,unknown,RGB
data/train/vid3_frame_0625.jpg,train,1920,1080,1920x1080,HD,JPEG,Unknown,unknown,RGB
data/train/img151.jpg,train,1905,932,1905x932,HD-Ready,JPEG,Unknown,unknown,RGB
data/train/video_4.mp4_frame_00461.jpg,train,1920,932,1920x932,HD-Ready,JPEG,Unknown,unknown,RGB
data/train/vid4_frame_2631.jpg,train,1920,990,1920x990,HD-Ready,JPEG,Unknown,unknown,RGB
data/train/video_9.mp4_frame_00644.jpg,train,1920,900,1920x900,HD-Ready,JPEG,Unknown,unknown,RGB
data/train/vid4_frame_5568.jpg,train,1920,990,1920x990,HD-Ready,JPEG,Unknown,unknown,RGB
data/train/video_7.mp4_frame_00267.jpg,train,1920,936,1920x936,HD-Ready,JPEG,Unknown,unknown,RGB
data/train/img73.jpg,train,1280,649,1280x649,SD,JPEG,Unknown,unknown,RGB
data/train/video_7_good_frame_00000 (217).jpg,train,1920,930,1920x930,HD-Ready,JPEG,Unknown,unknown,RGB
data/train/vid4_frame_5608.jpg,train,1920,990,1920x990,HD-Ready,JPEG,Unknown,unknown,RGB
data/train/video_7.mp4_frame_00291.jpg,train,1920,936,1920x936,HD-Ready,JPEG,Unknown,unknown,RGB
data/train/video_5.mp4_frame_00052.jpg,train,1920,945,1920x945,HD-Ready,JPEG,Unknown,unknown,RGB
data/train/vid6.mp4_frame_02604.jpg,train,1920,930,1920x930,HD-Ready,JPEG,Unknown,unknown,RGB
data/train/video_4.mp4_frame_00486.jpg,train,1920,932,1920x932,HD-Ready,JPEG,Unknown,unknown,RGB
data/train/IMG_ (143).jpg,train,4096,1984,4096x1984,HD,JPEG,Unknown,unknown,RGB
data/train/video_1.mp4_frame_00349.jpg,train,1920,932,1920x932,HD-Ready,JPEG,Unknown,unknown,RGB
data/train/vid1_frame_0331.jpg,train,3840,1879,3840x1879,HD,JPEG,Unknown,unknown,RGB
data/train/video_11.mp4_frame_00201.jpg,train,1920,900,1920x900,HD-Ready,JPEG,Unknown,unknown,RGB
data/train/vid4_frame_5346.jpg,train,1920,990,1920x990,HD-Ready,JPEG,Unknown,unknown,RGB
data/train/vid3_frame_0723.jpg,train,1920,990,1920x990,HD-Ready,JPEG,Unknown,unknown,RGB
data/train/video_13.mp4_frame_00190.jpg,train,1920,940,1920x940,HD-Ready,JPEG,Unknown,unknown,RGB
data/train/video_7.mp4_frame_00220.jpg,train,1920,936,1920x936,HD-Ready,JPEG,Unknown,unknown,RGB
data/train/video_13.mp4_frame_00302.jpg,train,1920,940,1920x940,HD-Ready,JPEG,Unknown,unknown,RGB
data/train/video_7.mp4_frame_00333.jpg,train,1920,936,1920x936,HD-Ready,JPEG,Unknown,unknown,RGB
data/train/vid4_frame_4802.jpg,train,1920,990,1920x990,HD-Ready,JPEG,Unknown,unknown,RGB
data/train/video_3.mp4_frame_00190.jpg,train,1920,935,1920x935,HD-Ready,JPEG,Unknown,unknown,RGB
data/train/vid3_frame_0874.jpg,train,1920,990,1920x990,HD-Ready,JPEG,Unknown,unknown,RGB
data/train/video_5.mp4_frame_00084.jpg,train,1920,945,1920x945,HD-Ready,JPEG,Unknown,unknown,RGB
data/train/vid6.mp4_frame_02571.jpg,train,1920,930,1920x930,HD-Ready,JPEG,Unknown,unknown,RGB
data/train/video_2.mp4_frame_00087 (2).jpg,train,1920,932,1920x932,HD-Ready,JPEG,Unknown,unknown,RGB
data/train/video_7_good_frame_00000 (216).jpg,train,1920,930,1920x930,HD-Ready,JPEG,Unknown,unknown,RGB
data/train/vid2_frame_0552.jpg,train,1920,1080,1920x1080,HD,JPEG,Unknown,unknown,RGB
data/train/IMG_ (27).jpg,train,1919,1079,1919x1079,HD-Ready,JPEG,Unknown,unknown,RGB
data/train/video_7.mp4_frame_00212.jpg,train,1920,936,1920x936,HD-Ready,JPEG,Unknown,unknown,RGB
data/train/vid4_frame_4456.jpg,train,1920,990,1920x990,HD-Ready,JPEG,Unknown,unknown,RGB
data/train/img37.jpg,train,1280,719,1280x719,SD,JPEG,Unknown,unknown,RGB
data/train/video_5.mp4_frame_00056.jpg,train,1920,945,1920x945,HD-Ready,JPEG,Unknown,unknown,RGB
data/train/video_8_good_frame_00000 (77).jpg,train,1920,1080,1920x1080,HD,JPEG,Unknown,unknown,RGB
data/train/vid4_frame_5046.jpg,train,1920,990,1920x990,HD-Ready,JPEG,Unknown,unknown,RGB
data/train/video_9.mp4_frame_00634.jpg,train,1920,900,1920x900,HD-Ready,JPEG,Unknown,unknown,RGB
data/train/video_11.mp4_frame_00053.jpg,train,1920,900,1920x900,HD-Ready,JPEG,Unknown,unknown,RGB
data/train/video_2.mp4_frame_00000.jpg,train,1920,932,1920x932,HD-Ready,JPEG,Unknown,unknown,RGB
data/train/video_13_Good_frame_00000 (78).jpg,train,1920,940,1920x940,HD-Ready,JPEG,Unknown,unknown,RGB
data/train/video_13.mp4_frame_00329.jpg,train,1920,940,1920x940,HD-Ready,JPEG,Unknown,unknown,RGB
data/train/video_5.mp4_frame_00109.jpg,train,1920,945,1920x945,HD-Ready,JPEG,Unknown,unknown,RGB
data/train/video_13.mp4_frame_00253.jpg,train,1920,940,1920x940,HD-Ready,JPEG,Unknown,unknown,RGB
data/train/video_4.mp4_frame_00160.jpg,train,1920,932,1920x932,HD-Ready,JPEG,Unknown,unknown,RGB
data/train/img76.jpg,train,1280,602,1280x602,SD,JPEG,Unknown,unknown,RGB
data/train/vid1_frame_0336.jpg,train,3840,1879,3840x1879,HD,JPEG,Unknown,unknown,RGB
data/train/video_4.mp4_frame_00499.jpg,train,1920,932,1920x932,HD-Ready,JPEG,Unknown,unknown,RGB
data/train/vid2_frame_0396.jpg,train,1920,1080,1920x1080,HD,JPEG,Unknown,unknown,RGB
data/train/vid4_frame_5371.jpg,train,1920,990,1920x990,HD-Ready,JPEG,Unknown,unknown,RGB
data/train/video_4.mp4_frame_00087.jpg,train,1920,932,1920x932,HD-Ready,JPEG,Unknown,unknown,RGB
data/train/video_2.mp4_frame_00106.jpg,train,1920,932,1920x932,HD-Ready,JPEG,Unknown,unknown,RGB
data/train/video_13.mp4_frame_00300.jpg,train,1920,940,1920x940,HD-Ready,JPEG,Unknown,unknown,RGB
data/train/vid4_frame_4915.jpg,train,1920,990,1920x990,HD-Ready,JPEG,Unknown,unknown,RGB
data/train/vid4_frame_5593.jpg,train,1920,990,1920x990,HD-Ready,JPEG,Unknown,unknown,RGB
data/train/vid2_frame_0407.jpg,train,1920,1080,1920x1080,HD,JPEG,Unknown,unknown,RGB
data/train/video_1.mp4_frame_00202.jpg,train,1920,932,1920x932,HD-Ready,JPEG,Unknown,unknown,RGB
data/train/vid3_frame_1024.jpg,train,1920,990,1920x990,HD-Ready,JPEG,Unknown,unknown,RGB
data/train/vid3_frame_0854.jpg,train,1920,990,1920x990,HD-Ready,JPEG,Unknown,unknown,RGB
data/train/vid1_frame_0020.jpg,train,3840,1879,3840x1879,HD,JPEG,Unknown,unknown,RGB
data/train/vid3_frame_0673.jpg,train,1920,990,1920x990,HD-Ready,JPEG,Unknown,unknown,RGB
data/train/vid3_frame_0632.jpg,train,1920,1080,1920x1080,HD,JPEG,Unknown,unknown,RGB
data/train/IMG_ (6).jpg,train,1925,974,1925x974,HD-Ready,JPEG,Unknown,unknown,RGB
data/train/vid4_frame_5071.jpg,train,1920,990,1920x990,HD-Ready,JPEG,Unknown,unknown,RGB
data/train/vid4_frame_2960.jpg,train,1920,990,1920x990,HD-Ready,JPEG,Unknown,unknown,RGB
data/train/video_9_goodframe_00000 (179).jpg,train,1920,900,1920x900,HD-Ready,JPEG,Unknown,unknown,RGB
data/train/video_8_good_frame_00000 (57).jpg,train,1920,1080,1920x1080,HD,JPEG,Unknown,unknown,RGB
data/train/video_4.mp4_frame_00432.jpg,train,1920,932,1920x932,HD-Ready,JPEG,Unknown,unknown,RGB
data/train/vid6.mp4_frame_02647.jpg,train,1920,930,1920x930,HD-Ready,JPEG,Unknown,unknown,RGB
data/train/vid10.mp4_frame_02299.jpg,train,1920,990,1920x990,HD-Ready,JPEG,Unknown,unknown,RGB
data/train/video_4.mp4_frame_00315.jpg,train,1920,932,1920x932,HD-Ready,JPEG,Unknown,unknown,RGB
data/train/IMG_ (85).jpg,train,1933,1080,1933x1080,HD,JPEG,Unknown,unknown,RGB
data/train/vid4_frame_5366.jpg,train,1920,990,1920x990,HD-Ready,JPEG,Unknown,unknown,RGB
data/train/video_3_Good_frame_00000 (13).jpg,train,1920,935,1920x935,HD-Ready,JPEG,Unknown,unknown,RGB
data/train/img42.jpg,train,1280,595,1280x595,SD,JPEG,Unknown,unknown,RGB
data/train/vid7.mp4_frame_02774.jpg,train,1920,905,1920x905,HD-Ready,JPEG,Unknown,unknown,RGB
data/train/vid2_frame_0446.jpg,train,1920,1080,1920x1080,HD,JPEG,Unknown,unknown,RGB
data/train/video_1.mp4_frame_00444.jpg,train,1920,932,1920x932,HD-Ready,JPEG,Unknown,unknown,RGB
data/train/video_1.mp4_frame_00339.jpg,train,1920,932,1920x932,HD-Ready,JPEG,Unknown,unknown,RGB
data/train/video_3_Good_frame_00000 (11).jpg,train,1920,935,1920x935,HD-Ready,JPEG,Unknown,unknown,RGB
data/train/vid4_frame_1455.jpg,train,1920,990,1920x990,HD-Ready,JPEG,Unknown,unknown,RGB
data/train/img25.jpg,train,1263,655,1263x655,SD,JPEG,Unknown,unknown,RGB
data/train/video_7.mp4_frame_00561.jpg,train,1920,930,1920x930,HD-Ready,JPEG,Unknown,unknown,RGB
data/train/video_2.mp4_frame_00017.jpg,train,1920,932,1920x932,HD-Ready,JPEG,Unknown,unknown,RGB
data/train/video_2.mp4_frame_00009.jpg,train,1920,932,1920x932,HD-Ready,JPEG,Unknown,unknown,RGB
data/train/video_7.mp4_frame_00064.jpg,train,1920,930,1920x930,HD-Ready,JPEG,Unknown,unknown,RGB
data/train/video_3_Good_frame_00000 (153).jpg,train,1920,935,1920x935,HD-Ready,JPEG,Unknown,unknown,RGB
data/train/vid10.mp4_frame_00202.jpg,train,1920,990,1920x990,HD-Ready,JPEG,Unknown,unknown,RGB
data/train/vid4_frame_5432.jpg,train,1920,990,1920x990,HD-Ready,JPEG,Unknown,unknown,RGB
data/train/video_4.mp4_frame_00358.jpg,train,1920,932,1920x932,HD-Ready,JPEG,Unknown,unknown,RGB
data/train/video_1.mp4_frame_00333.jpg,train,1920,932,1920x932,HD-Ready,JPEG,Unknown,unknown,RGB
data/train/vid4_frame_1454.jpg,train,1920,990,1920x990,HD-Ready,JPEG,Unknown,unknown,RGB
data/train/video_7.mp4_frame_00684.jpg,train,1920,930,1920x930,HD-Ready,JPEG,Unknown,unknown,RGB
data/train/video_11.mp4_frame_00192.jpg,train,1920,900,1920x900,HD-Ready,JPEG,Unknown,unknown,RGB
data/train/video_7.mp4_frame_00070.jpg,train,1920,930,1920x930,HD-Ready,JPEG,Unknown,unknown,RGB
data/train/video_8_good_frame_00000 (78).jpg,train,1920,1080,1920x1080,HD,JPEG,Unknown,unknown,RGB
data/train/video_2.mp4_frame_00019 (2).jpg,train,1920,932,1920x932,HD-Ready,JPEG,Unknown,unknown,RGB
data/train/vid4_frame_4374.jpg,train,1920,990,1920x990,HD-Ready,JPEG,Unknown,unknown,RGB
data/train/video_4.mp4_frame_00346.jpg,train,1920,932,1920x932,HD-Ready,JPEG,Unknown,unknown,RGB
data/train/video_9.mp4_frame_00483.jpg,train,1920,900,1920x900,HD-Ready,JPEG,Unknown,unknown,RGB
data/train/vid4_frame_2619.jpg,train,1920,990,1920x990,HD-Ready,JPEG,Unknown,unknown,RGB
data/train/vid4_frame_4798.jpg,train,1920,990,1920x990,HD-Ready,JPEG,Unknown,unknown,RGB
data/train/video_3_Good_frame_00000 (227).jpg,train,1920,935,1920x935,HD-Ready,JPEG,Unknown,unknown,RGB
data/train/img65.jpg,train,1280,602,1280x602,SD,JPEG,Unknown,unknown,RGB
data/train/video_7.mp4_frame_00014.jpg,train,1920,930,1920x930,HD-Ready,JPEG,Unknown,unknown,RGB
data/train/video_11_good_frame_00034 (3).jpg,train,1920,900,1920x900,HD-Ready,JPEG,Unknown,unknown,RGB
data/train/video_3_Good_frame_00000 (191).jpg,train,1920,935,1920x935,HD-Ready,JPEG,Unknown,unknown,RGB
data/train/img280.png,train,1919,963,1919x963,HD-Ready,PNG,Unknown,unknown,RGBA
data/train/vid1_frame_0051.jpg,train,3840,1879,3840x1879,HD,JPEG,Unknown,unknown,RGB
data/train/video_13.mp4_frame_00137.jpg,train,1920,940,1920x940,HD-Ready,JPEG,Unknown,unknown,RGB
data/train/video_4.mp4_frame_00033.jpg,train,1920,932,1920x932,HD-Ready,JPEG,Unknown,unknown,RGB
data/train/img236.jpg,train,1433,935,1433x935,HD-Ready,JPEG,Unknown,unknown,RGB
data/train/img191.jpg,train,2340,1000,2340x1000,HD,JPEG,Unknown,unknown,RGB
data/train/vid4_frame_1490.jpg,train,1920,990,1920x990,HD-Ready,JPEG,Unknown,unknown,RGB
data/train/vid4_frame_1762.jpg,train,1920,990,1920x990,HD-Ready,JPEG,Unknown,unknown,RGB
data/train/video_3_Good_frame_00000 (171).jpg,train,1920,935,1920x935,HD-Ready,JPEG,Unknown,unknown,RGB
data/train/video_3.mp4_frame_00208.jpg,train,1920,935,1920x935,HD-Ready,JPEG,Unknown,unknown,RGB
data/train/vid4_frame_2621.jpg,train,1920,990,1920x990,HD-Ready,JPEG,Unknown,unknown,RGB
data/train/video_4.mp4_frame_00431.jpg,train,1920,932,1920x932,HD-Ready,JPEG,Unknown,unknown,RGB
data/train/img235.jpg,train,1905,1080,1905x1080,HD-Ready,JPEG,Unknown,unknown,RGB
data/train/video_2.mp4_frame_00182.jpg,train,1920,932,1920x932,HD-Ready,JPEG,Unknown,unknown,RGB
data/train/vid15.mp4_frame_00765.jpg,train,1920,908,1920x908,HD-Ready,JPEG,Unknown,unknown,RGB
data/train/video_2.mp4_frame_00041.jpg,train,1920,932,1920x932,HD-Ready,JPEG,Unknown,unknown,RGB
data/train/vid1_frame_0165.jpg,train,3840,1879,3840x1879,HD,JPEG,Unknown,unknown,RGB
data/train/vid4_frame_5225.jpg,train,1920,990,1920x990,HD-Ready,JPEG,Unknown,unknown,RGB
data/train/video_13.mp4_frame_00276.jpg,train,1920,940,1920x940,HD-Ready,JPEG,Unknown,unknown,RGB
data/train/video_4.mp4_frame_00430.jpg,train,1920,932,1920x932,HD-Ready,JPEG,Unknown,unknown,RGB
data/train/img262.jpg,train,1916,915,1916x915,HD-Ready,JPEG,Unknown,unknown,RGB
data/train/vid4_frame_1334.jpg,train,1920,990,1920x990,HD-Ready,JPEG,Unknown,unknown,RGB
data/train/IMG_ (45).jpg,train,1929,1080,1929x1080,HD,JPEG,Unknown,unknown,RGB
data/train/video_2.mp4_frame_00209.jpg,train,1920,932,1920x932,HD-Ready,JPEG,Unknown,unknown,RGB
data/train/video_5.mp4_frame_00064.jpg,train,1920,945,1920x945,HD-Ready,JPEG,Unknown,unknown,RGB
data/train/video_4.mp4_frame_00460.jpg,train,1920,932,1920x932,HD-Ready,JPEG,Unknown,unknown,RGB
data/train/video_7.mp4_frame_00019.jpg,train,1920,930,1920x930,HD-Ready,JPEG,Unknown,unknown,RGB
data/train/video_3.mp4_frame_00272.jpg,train,1920,935,1920x935,HD-Ready,JPEG,Unknown,unknown,RGB
data/train/vid4_frame_5263.jpg,train,1920,990,1920x990,HD-Ready,JPEG,Unknown,unknown,RGB
data/train/vid4_frame_5318.jpg,train,1920,990,1920x990,HD-Ready,JPEG,Unknown,unknown,RGB
data/train/vid4_frame_3993.jpg,train,1920,990,1920x990,HD-Ready,JPEG,Unknown,unknown,RGB
data/train/video_11.mp4_frame_00154.jpg,train,1920,900,1920x900,HD-Ready,JPEG,Unknown,unknown,RGB
data/train/video_4.mp4_frame_00144.jpg,train,1920,932,1920x932,HD-Ready,JPEG,Unknown,unknown,RGB
data/train/vid4_frame_1438.jpg,train,1920,990,1920x990,HD-Ready,JPEG,Unknown,unknown,RGB
data/train/vid4_frame_4355.jpg,train,1920,990,1920x990,HD-Ready,JPEG,Unknown,unknown,RGB
data/train/video_12.mp4_frame_00019.jpg,train,1920,1080,1920x1080,HD,JPEG,Unknown,unknown,RGB
data/train/video_7.mp4_frame_00044.jpg,train,1920,930,1920x930,HD-Ready,JPEG,Unknown,unknown,RGB
data/train/video_3_Good_frame_00000 (81).jpg,train,1920,935,1920x935,HD-Ready,JPEG,Unknown,unknown,RGB
data/train/vid4_frame_1786.jpg,train,1920,990,1920x990,HD-Ready,JPEG,Unknown,unknown,RGB
data/train/vid4_frame_2347.jpg,train,1920,990,1920x990,HD-Ready,JPEG,Unknown,unknown,RGB
data/train/video_7.mp4_frame_00132.jpg,train,1920,930,1920x930,HD-Ready,JPEG,Unknown,unknown,RGB
data/train/video_1.mp4_frame_00197.jpg,train,1920,932,1920x932,HD-Ready,JPEG,Unknown,unknown,RGB
data/train/IMG_ (93).jpg,train,1935,1080,1935x1080,HD,JPEG,Unknown,unknown,RGB
data/train/img278.jpg,train,3000,1647,3000x1647,HD,JPEG,Unknown,unknown,RGB
data/train/vid4_frame_5466.jpg,train,1920,990,1920x990,HD-Ready,JPEG,Unknown,unknown,RGB
data/train/video_8_good_frame_00000 (66).jpg,train,1920,1080,1920x1080,HD,JPEG,Unknown,unknown,RGB
data/train/video_3.mp4_frame_00045.jpg,train,1920,935,1920x935,HD-Ready,JPEG,Unknown,unknown,RGB
data/train/IMG_ (49).jpg,train,1914,1080,1914x1080,HD-Ready,JPEG,Unknown,unknown,RGB
data/train/vid4_frame_5044.jpg,train,1920,990,1920x990,HD-Ready,JPEG,Unknown,unknown,RGB
data/train/IMG_ (87).jpg,train,1920,1080,1920x1080,HD,JPEG,Unknown,unknown,RGB
data/train/vid10.mp4_frame_00359.jpg,train,1920,990,1920x990,HD-Ready,JPEG,Unknown,unknown,RGB
data/train/vid10.mp4_frame_02371.jpg,train,1920,990,1920x990,HD-Ready,JPEG,Unknown,unknown,RGB
data/train/IMG_ (36).jpg,train,1917,1080,1917x1080,HD-Ready,JPEG,Unknown,unknown,RGB
data/train/video_7.mp4_frame_00018.jpg,train,1920,930,1920x930,HD-Ready,JPEG,Unknown,unknown,RGB
data/train/vid10.mp4_frame_02125.jpg,train,1920,990,1920x990,HD-Ready,JPEG,Unknown,unknown,RGB
data/train/video_2.mp4_frame_00209 (2).jpg,train,1920,932,1920x932,HD-Ready,JPEG,Unknown,unknown,RGB
data/train/video_4.mp4_frame_00336.jpg,train,1920,932,1920x932,HD-Ready,JPEG,Unknown,unknown,RGB
data/train/vid4_frame_5358.jpg,train,1920,990,1920x990,HD-Ready,JPEG,Unknown,unknown,RGB
data/train/video_1.mp4_frame_00365.jpg,train,1920,932,1920x932,HD-Ready,JPEG,Unknown,unknown,RGB
data/train/video_1.mp4_frame_00005.jpg,train,1920,932,1920x932,HD-Ready,JPEG,Unknown,unknown,RGB
data/train/video_4.mp4_frame_00057.jpg,train,1920,932,1920x932,HD-Ready,JPEG,Unknown,unknown,RGB
data/train/vid2_frame_0551.jpg,train,1920,1080,1920x1080,HD,JPEG,Unknown,unknown,RGB
data/train/video_1.mp4_frame_00205.jpg,train,1920,932,1920x932,HD-Ready,JPEG,Unknown,unknown,RGB
data/train/video_11.mp4_frame_00238.jpg,train,1920,900,1920x900,HD-Ready,JPEG,Unknown,unknown,RGB
data/train/video_2.mp4_frame_00158.jpg,train,1920,932,1920x932,HD-Ready,JPEG,Unknown,unknown,RGB
data/train/video_13_Good_frame_00000 (48).jpg,train,1920,940,1920x940,HD-Ready,JPEG,Unknown,unknown,RGB
data/train/video_2.mp4_frame_00007.jpg,train,1920,932,1920x932,HD-Ready,JPEG,Unknown,unknown,RGB
data/train/video_7.mp4_frame_00210.jpg,train,1920,936,1920x936,HD-Ready,JPEG,Unknown,unknown,RGB
data/train/vid4_frame_5244.jpg,train,1920,990,1920x990,HD-Ready,JPEG,Unknown,unknown,RGB
data/train/video_2.mp4_frame_00225.jpg,train,1920,932,1920x932,HD-Ready,JPEG,Unknown,unknown,RGB
data/train/video_5.mp4_frame_00076.jpg,train,1920,945,1920x945,HD-Ready,JPEG,Unknown,unknown,RGB
data/train/IMG_ (77).jpg,train,1924,1080,1924x1080,HD,JPEG,Unknown,unknown,RGB
data/train/video_4.mp4_frame_00320.jpg,train,1920,932,1920x932,HD-Ready,JPEG,Unknown,unknown,RGB
data/train/vid2_frame_0393.jpg,train,1920,1080,1920x1080,HD,JPEG,Unknown,unknown,RGB
data/train/vid10.mp4_frame_01354.jpg,train,1920,990,1920x990,HD-Ready,JPEG,Unknown,unknown,RGB
data/train/video_4.mp4_frame_00503.jpg,train,1920,932,1920x932,HD-Ready,JPEG,Unknown,unknown,RGB
data/train/video_1.mp4_frame_00096.jpg,train,1920,932,1920x932,HD-Ready,JPEG,Unknown,unknown,RGB
data/train/vid1_frame_0212.jpg,train,3840,1879,3840x1879,HD,JPEG,Unknown,unknown,RGB
data/train/video_11.mp4_frame_00120.jpg,train,1920,900,1920x900,HD-Ready,JPEG,Unknown,unknown,RGB
data/train/video_3_Good_frame_00000 (247).jpg,train,1920,935,1920x935,HD-Ready,JPEG,Unknown,unknown,RGB
data/train/video_4.mp4_frame_00243.jpg,train,1920,932,1920x932,HD-Ready,JPEG,Unknown,unknown,RGB
data/train/video_2.mp4_frame_00210 (2).jpg,train,1920,932,1920x932,HD-Ready,JPEG,Unknown,unknown,RGB
data/train/vid3_frame_0977.jpg,train,1920,990,1920x990,HD-Ready,JPEG,Unknown,unknown,RGB
data/train/vid4_frame_4737.jpg,train,1920,990,1920x990,HD-Ready,JPEG,Unknown,unknown,RGB
data/train/video_4.mp4_frame_00226.jpg,train,1920,932,1920x932,HD-Ready,JPEG,Unknown,unknown,RGB
data/train/vid10.mp4_frame_02267.jpg,train,1920,990,1920x990,HD-Ready,JPEG,Unknown,unknown,RGB
data/train/IMG_ (102).jpg,train,1929,1080,1929x1080,HD,JPEG,Unknown,unknown,RGB
data/train/video_8.mp4_frame_00053.jpg,train,1920,1080,1920x1080,HD,JPEG,Unknown,unknown,RGB
data/train/vid4_frame_1276.jpg,train,1920,990,1920x990,HD-Ready,JPEG,Unknown,unknown,RGB
data/train/video_7.mp4_frame_00025.jpg,train,1920,930,1920x930,HD-Ready,JPEG,Unknown,unknown,RGB
data/train/vid3_frame_0624.jpg,train,1920,1080,1920x1080,HD,JPEG,Unknown,unknown,RGB
data/train/video_4.mp4_frame_00178.jpg,train,1920,932,1920x932,HD-Ready,JPEG,Unknown,unknown,RGB
data/train/vid6.mp4_frame_02468.jpg,train,1920,1080,1920x1080,HD,JPEG,Unknown,unknown,RGB
data/train/video_13_Good_frame_00000 (52).jpg,train,1920,940,1920x940,HD-Ready,JPEG,Unknown,unknown,RGB
data/train/video_4.mp4_frame_00425.jpg,train,1920,932,1920x932,HD-Ready,JPEG,Unknown,unknown,RGB
data/train/video_13.mp4_frame_00295.jpg,train,1920,940,1920x940,HD-Ready,JPEG,Unknown,unknown,RGB
data/train/video_13.mp4_frame_00134.jpg,train,1920,940,1920x940,HD-Ready,JPEG,Unknown,unknown,RGB
data/train/video_13.mp4_frame_00376.jpg,train,1920,940,1920x940,HD-Ready,JPEG,Unknown,unknown,RGB
data/train/IMG_ (83).jpg,train,1914,1080,1914x1080,HD-Ready,JPEG,Unknown,unknown,RGB
data/train/video_5.mp4_frame_00143.jpg,train,1920,945,1920x945,HD-Ready,JPEG,Unknown,unknown,RGB
data/train/img158.jpg,train,1878,929,1878x929,HD-Ready,JPEG,Unknown,unknown,RGB
data/train/vid3_frame_0997.jpg,train,1920,990,1920x990,HD-Ready,JPEG,Unknown,unknown,RGB
data/train/IMG_ (12).jpg,train,4096,1832,4096x1832,HD,JPEG,Unknown,unknown,RGB
data/train/video_13.mp4_frame_00227.jpg,train,1920,940,1920x940,HD-Ready,JPEG,Unknown,unknown,RGB
data/train/vid3_frame_1096.jpg,train,1920,990,1920x990,HD-Ready,JPEG,Unknown,unknown,RGB
data/train/vid4_frame_5311.jpg,train,1920,990,1920x990,HD-Ready,JPEG,Unknown,unknown,RGB
data/train/video_4.mp4_frame_00146.jpg,train,1920,932,1920x932,HD-Ready,JPEG,Unknown,unknown,RGB
data/train/vid3_frame_0996.jpg,train,1920,990,1920x990,HD-Ready,JPEG,Unknown,unknown,RGB
data/train/vid4_frame_4168.jpg,train,1920,990,1920x990,HD-Ready,JPEG,Unknown,unknown,RGB
data/train/vid4_frame_1185.jpg,train,1920,990,1920x990,HD-Ready,JPEG,Unknown,unknown,RGB
data/train/video_7.mp4_frame_00653.jpg,train,1920,930,1920x930,HD-Ready,JPEG,Unknown,unknown,RGB
data/train/video_3_Good_frame_00000 (53).jpg,train,1920,935,1920x935,HD-Ready,JPEG,Unknown,unknown,RGB
data/train/video_7.mp4_frame_00334.jpg,train,1920,936,1920x936,HD-Ready,JPEG,Unknown,unknown,RGB
data/train/img282.png,train,1685,894,1685x894,HD-Ready,PNG,Unknown,unknown,RGBA
data/train/video_11_good_frame_00034 (51).jpg,train,1920,900,1920x900,HD-Ready,JPEG,Unknown,unknown,RGB
data/train/vid4_frame_1717.jpg,train,1920,990,1920x990,HD-Ready,JPEG,Unknown,unknown,RGB
data/train/video_2.mp4_frame_00219.jpg,train,1920,932,1920x932,HD-Ready,JPEG,Unknown,unknown,RGB
data/train/vid4_frame_1272.jpg,train,1920,990,1920x990,HD-Ready,JPEG,Unknown,unknown,RGB
data/train/video_7.mp4_frame_00408.jpg,train,1920,930,1920x930,HD-Ready,JPEG,Unknown,unknown,RGB
data/train/video_4.mp4_frame_00350.jpg,train,1920,932,1920x932,HD-Ready,JPEG,Unknown,unknown,RGB
data/train/video_3_Good_frame_00000 (225).jpg,train,1920,935,1920x935,HD-Ready,JPEG,Unknown,unknown,RGB
data/train/vid3_frame_0929.jpg,train,1920,990,1920x990,HD-Ready,JPEG,Unknown,unknown,RGB
data/train/video_3.mp4_frame_00036.jpg,train,1920,935,1920x935,HD-Ready,JPEG,Unknown,unknown,RGB
data/train/video_5.mp4_frame_00142.jpg,train,1920,945,1920x945,HD-Ready,JPEG,Unknown,unknown,RGB
data/train/video_1.mp4_frame_00324.jpg,train,1920,932,1920x932,HD-Ready,JPEG,Unknown,unknown,RGB
data/train/vid4_frame_5560.jpg,train,1920,990,1920x990,HD-Ready,JPEG,Unknown,unknown,RGB
data/train/video_1.mp4_frame_00413.jpg,train,1920,932,1920x932,HD-Ready,JPEG,Unknown,unknown,RGB
data/train/vid4_frame_3874.jpg,train,1920,990,1920x990,HD-Ready,JPEG,Unknown,unknown,RGB
data/train/video_2.mp4_frame_00203.jpg,train,1920,932,1920x932,HD-Ready,JPEG,Unknown,unknown,RGB
data/train/video_3_Good_frame_00000 (147).jpg,train,1920,935,1920x935,HD-Ready,JPEG,Unknown,unknown,RGB
data/train/video_4.mp4_frame_00101.jpg,train,1920,932,1920x932,HD-Ready,JPEG,Unknown,unknown,RGB
data/train/vid4_frame_3283.jpg,train,1920,990,1920x990,HD-Ready,JPEG,Unknown,unknown,RGB
data/train/video_2.mp4_frame_00169.jpg,train,1920,932,1920x932,HD-Ready,JPEG,Unknown,unknown,RGB
data/train/IMG_ (146).jpg,train,1938,1080,1938x1080,HD,JPEG,Unknown,unknown,RGB
data/train/IMG_ (90).jpg,train,1918,1080,1918x1080,HD-Ready,JPEG,Unknown,unknown,RGB
data/train/video_13.mp4_frame_00324.jpg,train,1920,940,1920x940,HD-Ready,JPEG,Unknown,unknown,RGB
data/train/video_7.mp4_frame_00662.jpg,train,1920,930,1920x930,HD-Ready,JPEG,Unknown,unknown,RGB
data/train/video_7.mp4_frame_00302.jpg,train,1920,936,1920x936,HD-Ready,JPEG,Unknown,unknown,RGB
data/train/video_13.mp4_frame_00239.jpg,train,1920,940,1920x940,HD-Ready,JPEG,Unknown,unknown,RGB
data/train/video_13_Good_frame_00000 (24).jpg,train,1920,940,1920x940,HD-Ready,JPEG,Unknown,unknown,RGB
data/train/vid1_frame_0325.jpg,train,3840,1879,3840x1879,HD,JPEG,Unknown,unknown,RGB
data/train/video_7.mp4_frame_00673.jpg,train,1920,930,1920x930,HD-Ready,JPEG,Unknown,unknown,RGB
data/train/vid10.mp4_frame_02370.jpg,train,1920,990,1920x990,HD-Ready,JPEG,Unknown,unknown,RGB
data/train/video_1.mp4_frame_00155.jpg,train,1920,932,1920x932,HD-Ready,JPEG,Unknown,unknown,RGB
data/train/video_2.mp4_frame_00025 (2).jpg,train,1920,932,1920x932,HD-Ready,JPEG,Unknown,unknown,RGB
data/train/video_4.mp4_frame_00079.jpg,train,1920,932,1920x932,HD-Ready,JPEG,Unknown,unknown,RGB
data/train/video_4.mp4_frame_00182.jpg,train,1920,932,1920x932,HD-Ready,JPEG,Unknown,unknown,RGB
data/train/video_7.mp4_frame_00344.jpg,train,1920,936,1920x936,HD-Ready,JPEG,Unknown,unknown,RGB
data/train/video_4.mp4_frame_00347.jpg,train,1920,932,1920x932,HD-Ready,JPEG,Unknown,unknown,RGB
data/train/video_9.mp4_frame_00593.jpg,train,1920,900,1920x900,HD-Ready,JPEG,Unknown,unknown,RGB
data/train/img122.jpeg,train,1600,756,1600x756,HD-Ready,JPEG,Unknown,unknown,RGB
data/train/img232.jpg,train,1916,1080,1916x1080,HD-Ready,JPEG,Unknown,unknown,RGB
data/train/vid4_frame_4921.jpg,train,1920,990,1920x990,HD-Ready,JPEG,Unknown,unknown,RGB
data/train/vid3_frame_0911.jpg,train,1920,990,1920x990,HD-Ready,JPEG,Unknown,unknown,RGB
data/train/vid10.mp4_frame_01281.jpg,train,1920,990,1920x990,HD-Ready,JPEG,Unknown,unknown,RGB
data/train/img211.jpg,train,1912,972,1912x972,HD-Ready,JPEG,Unknown,unknown,RGB
data/train/vid1_frame_0199.jpg,train,3840,1879,3840x1879,HD,JPEG,Unknown,unknown,RGB
data/train/video_2.mp4_frame_00030.jpg,train,1920,932,1920x932,HD-Ready,JPEG,Unknown,unknown,RGB
data/train/vid4_frame_3013.jpg,train,1920,990,1920x990,HD-Ready,JPEG,Unknown,unknown,RGB
data/train/video_4.mp4_frame_00115.jpg,train,1920,932,1920x932,HD-Ready,JPEG,Unknown,unknown,RGB
data/train/vid4_frame_4791.jpg,train,1920,990,1920x990,HD-Ready,JPEG,Unknown,unknown,RGB
data/train/video_7.mp4_frame_00305.jpg,train,1920,936,1920x936,HD-Ready,JPEG,Unknown,unknown,RGB
data/train/video_13_Good_frame_00000 (55).jpg,train,1920,940,1920x940,HD-Ready,JPEG,Unknown,unknown,RGB
data/train/vid1_frame_0021.jpg,train,3840,1879,3840x1879,HD,JPEG,Unknown,unknown,RGB
data/train/IMG_ (112).jpg,train,1922,1080,1922x1080,HD,JPEG,Unknown,unknown,RGB
data/train/video_13_Good_frame_00000 (69).jpg,train,1920,940,1920x940,HD-Ready,JPEG,Unknown,unknown,RGB
data/train/vid2_frame_0452.jpg,train,1920,1080,1920x1080,HD,JPEG,Unknown,unknown,RGB
data/train/IMG_ (118).jpg,train,1925,1080,1925x1080,HD,JPEG,Unknown,unknown,RGB
data/train/video_4.mp4_frame_00223.jpg,train,1920,932,1920x932,HD-Ready,JPEG,Unknown,unknown,RGB
data/train/video_1.mp4_frame_00123.jpg,train,1920,932,1920x932,HD-Ready,JPEG,Unknown,unknown,RGB
data/train/vid10.mp4_frame_01186.jpg,train,1920,990,1920x990,HD-Ready,JPEG,Unknown,unknown,RGB
data/train/video_3.mp4_frame_00243.jpg,train,1920,935,1920x935,HD-Ready,JPEG,Unknown,unknown,RGB
data/train/video_2.mp4_frame_00024.jpg,train,1920,932,1920x932,HD-Ready,JPEG,Unknown,unknown,RGB
data/train/vid4_frame_1348.jpg,train,1920,990,1920x990,HD-Ready,JPEG,Unknown,unknown,RGB
data/train/vid4_frame_5055.jpg,train,1920,990,1920x990,HD-Ready,JPEG,Unknown,unknown,RGB
data/train/video_4.mp4_frame_00201.jpg,train,1920,932,1920x932,HD-Ready,JPEG,Unknown,unknown,RGB
data/train/video_4.mp4_frame_00379.jpg,train,1920,932,1920x932,HD-Ready,JPEG,Unknown,unknown,RGB
data/train/video_4.mp4_frame_00330.jpg,train,1920,932,1920x932,HD-Ready,JPEG,Unknown,unknown,RGB
data/train/video_13_Good_frame_00000 (95).jpg,train,1920,940,1920x940,HD-Ready,JPEG,Unknown,unknown,RGB
data/train/vid15.mp4_frame_00707.jpg,train,1920,908,1920x908,HD-Ready,JPEG,Unknown,unknown,RGB
data/train/img38.jpg,train,1280,642,1280x642,SD,JPEG,Unknown,unknown,RGB
data/train/vid4_frame_5578.jpg,train,1920,990,1920x990,HD-Ready,JPEG,Unknown,unknown,RGB
data/train/video_5.mp4_frame_00139.jpg,train,1920,945,1920x945,HD-Ready,JPEG,Unknown,unknown,RGB
data/train/video_13_Good_frame_00000 (101).jpg,train,1920,940,1920x940,HD-Ready,JPEG,Unknown,unknown,RGB
data/train/video_3.mp4_frame_00171.jpg,train,1920,935,1920x935,HD-Ready,JPEG,Unknown,unknown,RGB
data/train/video_7.mp4_frame_00655.jpg,train,1920,930,1920x930,HD-Ready,JPEG,Unknown,unknown,RGB
data/train/IMG_ (53).jpg,train,1926,1080,1926x1080,HD,JPEG,Unknown,unknown,RGB
data/train/video_9.mp4_frame_00716.jpg,train,1920,900,1920x900,HD-Ready,JPEG,Unknown,unknown,RGB
data/train/video_7.mp4_frame_00103.jpg,train,1920,930,1920x930,HD-Ready,JPEG,Unknown,unknown,RGB
data/train/img43.jpg,train,1280,595,1280x595,SD,JPEG,Unknown,unknown,RGB
data/train/vid4_frame_4809.jpg,train,1920,990,1920x990,HD-Ready,JPEG,Unknown,unknown,RGB
data/train/video_4.mp4_frame_00495.jpg,train,1920,932,1920x932,HD-Ready,JPEG,Unknown,unknown,RGB
data/train/video_13.mp4_frame_00120.jpg,train,1920,940,1920x940,HD-Ready,JPEG,Unknown,unknown,RGB
data/train/video_1.mp4_frame_00206.jpg,train,1920,932,1920x932,HD-Ready,JPEG,Unknown,unknown,RGB
data/train/vid1_frame_0296.jpg,train,3840,1879,3840x1879,HD,JPEG,Unknown,unknown,RGB
data/train/vid7.mp4_frame_02916.jpg,train,1920,905,1920x905,HD-Ready,JPEG,Unknown,unknown,RGB
data/train/vid1_frame_0220.jpg,train,3840,1879,3840x1879,HD,JPEG,Unknown,unknown,RGB
data/train/video_1.mp4_frame_00056.jpg,train,1920,932,1920x932,HD-Ready,JPEG,Unknown,unknown,RGB
data/train/video_7.mp4_frame_00173.jpg,train,1920,930,1920x930,HD-Ready,JPEG,Unknown,unknown,RGB
data/train/vid4_frame_5601.jpg,train,1920,990,1920x990,HD-Ready,JPEG,Unknown,unknown,RGB
data/train/video_13_Good_frame_00000 (73).jpg,train,1920,940,1920x940,HD-Ready,JPEG,Unknown,unknown,RGB
data/train/video_1.mp4_frame_00457.jpg,train,1920,932,1920x932,HD-Ready,JPEG,Unknown,unknown,RGB
data/train/video_1.mp4_frame_00117.jpg,train,1920,932,1920x932,HD-Ready,JPEG,Unknown,unknown,RGB
data/train/video_9.mp4_frame_00614.jpg,train,1920,900,1920x900,HD-Ready,JPEG,Unknown,unknown,RGB
data/train/video_2.mp4_frame_00036.jpg,train,1920,932,1920x932,HD-Ready,JPEG,Unknown,unknown,RGB
data/train/img249.jpg,train,1434,1080,1434x1080,HD-Ready,JPEG,Unknown,unknown,RGB
data/train/vid1_frame_0022.jpg,train,3840,1879,3840x1879,HD,JPEG,Unknown,unknown,RGB
data/train/video_3_Good_frame_00000 (69).jpg,train,1920,935,1920x935,HD-Ready,JPEG,Unknown,unknown,RGB
data/train/video_4.mp4_frame_00023.jpg,train,1920,932,1920x932,HD-Ready,JPEG,Unknown,unknown,RGB
data/train/video_2.mp4_frame_00254.jpg,train,1920,932,1920x932,HD-Ready,JPEG,Unknown,unknown,RGB
data/train/video_3_Good_frame_00000 (168).jpg,train,1920,935,1920x935,HD-Ready,JPEG,Unknown,unknown,RGB
data/train/img137.jpg,train,1902,922,1902x922,HD-Ready,JPEG,Unknown,unknown,RGB
data/train/vid6.mp4_frame_02602.jpg,train,1920,930,1920x930,HD-Ready,JPEG,Unknown,unknown,RGB
data/train/vid4_frame_5594.jpg,train,1920,990,1920x990,HD-Ready,JPEG,Unknown,unknown,RGB
data/train/video_2.mp4_frame_00153.jpg,train,1920,932,1920x932,HD-Ready,JPEG,Unknown,unknown,RGB
data/train/video_3.mp4_frame_00271.jpg,train,1920,935,1920x935,HD-Ready,JPEG,Unknown,unknown,RGB
data/train/vid3_frame_0605.jpg,train,1920,1080,1920x1080,HD,JPEG,Unknown,unknown,RGB
data/train/video_7.mp4_frame_00351.jpg,train,1920,936,1920x936,HD-Ready,JPEG,Unknown,unknown,RGB
data/train/vid4_frame_3309.jpg,train,1920,990,1920x990,HD-Ready,JPEG,Unknown,unknown,RGB
data/train/img224.jpg,train,1914,1080,1914x1080,HD-Ready,JPEG,Unknown,unknown,RGB
data/train/video_11.mp4_frame_00068.jpg,train,1920,900,1920x900,HD-Ready,JPEG,Unknown,unknown,RGB
data/train/vid4_frame_1504.jpg,train,1920,990,1920x990,HD-Ready,JPEG,Unknown,unknown,RGB
data/train/video_5.mp4_frame_00103.jpg,train,1920,945,1920x945,HD-Ready,JPEG,Unknown,unknown,RGB
data/train/video_3_Good_frame_00000 (245).jpg,train,1920,935,1920x935,HD-Ready,JPEG,Unknown,unknown,RGB
data/train/video_1.mp4_frame_00024.jpg,train,1920,932,1920x932,HD-Ready,JPEG,Unknown,unknown,RGB
data/train/vid6.mp4_frame_02595.jpg,train,1920,930,1920x930,HD-Ready,JPEG,Unknown,unknown,RGB
data/train/video_2.mp4_frame_00092.jpg,train,1920,932,1920x932,HD-Ready,JPEG,Unknown,unknown,RGB
data/train/video_4.mp4_frame_00515.jpg,train,1920,932,1920x932,HD-Ready,JPEG,Unknown,unknown,RGB
data/train/video_13.mp4_frame_00188.jpg,train,1920,940,1920x940,HD-Ready,JPEG,Unknown,unknown,RGB
data/train/video_5.mp4_frame_00146.jpg,train,1920,945,1920x945,HD-Ready,JPEG,Unknown,unknown,RGB
data/train/vid4_frame_1138.jpg,train,1920,990,1920x990,HD-Ready,JPEG,Unknown,unknown,RGB
data/train/video_13_Good_frame_00000 (123).jpg,train,1920,940,1920x940,HD-Ready,JPEG,Unknown,unknown,RGB
data/train/video_7.mp4_frame_00054.jpg,train,1920,930,1920x930,HD-Ready,JPEG,Unknown,unknown,RGB
data/train/video_4.mp4_frame_00310.jpg,train,1920,932,1920x932,HD-Ready,JPEG,Unknown,unknown,RGB
data/train/vid4_frame_5145.jpg,train,1920,990,1920x990,HD-Ready,JPEG,Unknown,unknown,RGB
data/train/video_7.mp4_frame_00122.jpg,train,1920,930,1920x930,HD-Ready,JPEG,Unknown,unknown,RGB
data/train/video_4.mp4_frame_00032.jpg,train,1920,932,1920x932,HD-Ready,JPEG,Unknown,unknown,RGB
data/train/video_7.mp4_frame_00230.jpg,train,1920,936,1920x936,HD-Ready,JPEG,Unknown,unknown,RGB
data/train/video_8_good_frame_00000 (16).jpg,train,1920,1080,1920x1080,HD,JPEG,Unknown,unknown,RGB
data/train/video_3.mp4_frame_00133.jpg,train,1920,935,1920x935,HD-Ready,JPEG,Unknown,unknown,RGB
data/train/video_2.mp4_frame_00039.jpg,train,1920,932,1920x932,HD-Ready,JPEG,Unknown,unknown,RGB
data/train/video_3_Good_frame_00000 (152).jpg,train,1920,935,1920x935,HD-Ready,JPEG,Unknown,unknown,RGB
data/train/IMG_ (129).jpg,train,1915,1080,1915x1080,HD-Ready,JPEG,Unknown,unknown,RGB
data/train/video_2.mp4_frame_00018 (2).jpg,train,1920,932,1920x932,HD-Ready,JPEG,Unknown,unknown,RGB
data/train/video_1.mp4_frame_00095.jpg,train,1920,932,1920x932,HD-Ready,JPEG,Unknown,unknown,RGB
data/train/vid10.mp4_frame_00296.jpg,train,1920,990,1920x990,HD-Ready,JPEG,Unknown,unknown,RGB
data/train/video_11.mp4_frame_00085.jpg,train,1920,900,1920x900,HD-Ready,JPEG,Unknown,unknown,RGB
data/train/video_3.mp4_frame_00282.jpg,train,1920,935,1920x935,HD-Ready,JPEG,Unknown,unknown,RGB
data/train/IMG_ (81).jpg,train,1929,1080,1929x1080,HD,JPEG,Unknown,unknown,RGB
data/train/video_8_good_frame_00000 (96).jpg,train,1920,1080,1920x1080,HD,JPEG,Unknown,unknown,RGB
data/train/IMG_ (155).jpg,train,1897,1079,1897x1079,HD-Ready,JPEG,Unknown,unknown,RGB
data/train/video_13.mp4_frame_00136.jpg,train,1920,940,1920x940,HD-Ready,JPEG,Unknown,unknown,RGB
data/train/video_4.mp4_frame_00344.jpg,train,1920,932,1920x932,HD-Ready,JPEG,Unknown,unknown,RGB
data/train/video_1.mp4_frame_00104.jpg,train,1920,932,1920x932,HD-Ready,JPEG,Unknown,unknown,RGB
data/train/vid4_frame_2661.jpg,train,1920,990,1920x990,HD-Ready,JPEG,Unknown,unknown,RGB
data/train/video_4.mp4_frame_00198.jpg,train,1920,932,1920x932,HD-Ready,JPEG,Unknown,unknown,RGB
data/train/video_11.mp4_frame_00057.jpg,train,1920,900,1920x900,HD-Ready,JPEG,Unknown,unknown,RGB
data/train/vid4_frame_5146.jpg,train,1920,990,1920x990,HD-Ready,JPEG,Unknown,unknown,RGB
data/train/vid10.mp4_frame_00279.jpg,train,1920,990,1920x990,HD-Ready,JPEG,Unknown,unknown,RGB
data/train/video_4.mp4_frame_00327.jpg,train,1920,932,1920x932,HD-Ready,JPEG,Unknown,unknown,RGB
data/train/video_1.mp4_frame_00273.jpg,train,1920,932,1920x932,HD-Ready,JPEG,Unknown,unknown,RGB
data/train/video_9.mp4_frame_00460.jpg,train,1920,900,1920x900,HD-Ready,JPEG,Unknown,unknown,RGB
data/train/vid4_frame_5591.jpg,train,1920,990,1920x990,HD-Ready,JPEG,Unknown,unknown,RGB
data/train/video_1.mp4_frame_00394.jpg,train,1920,932,1920x932,HD-Ready,JPEG,Unknown,unknown,RGB
data/train/vid4_frame_1682.jpg,train,1920,990,1920x990,HD-Ready,JPEG,Unknown,unknown,RGB
data/train/video_7.mp4_frame_00422.jpg,train,1920,930,1920x930,HD-Ready,JPEG,Unknown,unknown,RGB
data/train/video_11.mp4_frame_00073.jpg,train,1920,900,1920x900,HD-Ready,JPEG,Unknown,unknown,RGB
data/train/vid4_frame_1186.jpg,train,1920,990,1920x990,HD-Ready,JPEG,Unknown,unknown,RGB
data/train/video_4.mp4_frame_00228.jpg,train,1920,932,1920x932,HD-Ready,JPEG,Unknown,unknown,RGB
data/train/video_2.mp4_frame_00101.jpg,train,1920,932,1920x932,HD-Ready,JPEG,Unknown,unknown,RGB
data/train/video_11.mp4_frame_00074.jpg,train,1920,900,1920x900,HD-Ready,JPEG,Unknown,unknown,RGB
data/train/video_8_good_frame_00000 (105).jpg,train,1920,1080,1920x1080,HD,JPEG,Unknown,unknown,RGB
data/train/video_2.mp4_frame_00063.jpg,train,1920,932,1920x932,HD-Ready,JPEG,Unknown,unknown,RGB
data/train/vid4_frame_4738.jpg,train,1920,990,1920x990,HD-Ready,JPEG,Unknown,unknown,RGB
data/train/video_2.mp4_frame_00094.jpg,train,1920,932,1920x932,HD-Ready,JPEG,Unknown,unknown,RGB
data/train/video_4.mp4_frame_00150.jpg,train,1920,932,1920x932,HD-Ready,JPEG,Unknown,unknown,RGB
data/train/video_9_goodframe_00000 (5).jpg,train,1920,900,1920x900,HD-Ready,JPEG,Unknown,unknown,RGB
data/train/vid10.mp4_frame_02328.jpg,train,1920,990,1920x990,HD-Ready,JPEG,Unknown,unknown,RGB
data/train/IMG_ (150).jpg,train,1938,1079,1938x1079,HD,JPEG,Unknown,unknown,RGB
data/train/vid1_frame_0111.jpg,train,3840,1879,3840x1879,HD,JPEG,Unknown,unknown,RGB
data/train/video_4.mp4_frame_00694.jpg,train,1920,932,1920x932,HD-Ready,JPEG,Unknown,unknown,RGB
data/train/video_4.mp4_frame_00349.jpg,train,1920,932,1920x932,HD-Ready,JPEG,Unknown,unknown,RGB
data/train/IMG_ (38).jpg,train,1927,1080,1927x1080,HD,JPEG,Unknown,unknown,RGB
data/train/video_8_good_frame_00000 (73).jpg,train,1920,1080,1920x1080,HD,JPEG,Unknown,unknown,RGB
data/train/video_13.mp4_frame_00247.jpg,train,1920,940,1920x940,HD-Ready,JPEG,Unknown,unknown,RGB
data/train/video_7.mp4_frame_00360.jpg,train,1920,936,1920x936,HD-Ready,JPEG,Unknown,unknown,RGB
data/train/video_11.mp4_frame_00055.jpg,train,1920,900,1920x900,HD-Ready,JPEG,Unknown,unknown,RGB
data/train/video_1.mp4_frame_00318.jpg,train,1920,932,1920x932,HD-Ready,JPEG,Unknown,unknown,RGB
data/train/video_13.mp4_frame_00161.jpg,train,1920,940,1920x940,HD-Ready,JPEG,Unknown,unknown,RGB
data/train/video_7.mp4_frame_00209.jpg,train,1920,936,1920x936,HD-Ready,JPEG,Unknown,unknown,RGB
data/train/video_4.mp4_frame_00241.jpg,train,1920,932,1920x932,HD-Ready,JPEG,Unknown,unknown,RGB
data/train/video_11_good_frame_00034 (31).jpg,train,1920,900,1920x900,HD-Ready,JPEG,Unknown,unknown,RGB
data/train/video_4.mp4_frame_00199.jpg,train,1920,932,1920x932,HD-Ready,JPEG,Unknown,unknown,RGB
data/train/video_4.mp4_frame_00377.jpg,train,1920,932,1920x932,HD-Ready,JPEG,Unknown,unknown,RGB
data/train/video_9.mp4_frame_00511.jpg,train,1920,900,1920x900,HD-Ready,JPEG,Unknown,unknown,RGB
data/train/video_5.mp4_frame_00166.jpg,train,1920,945,1920x945,HD-Ready,JPEG,Unknown,unknown,RGB
data/train/video_13_Good_frame_00000 (10).jpg,train,1920,940,1920x940,HD-Ready,JPEG,Unknown,unknown,RGB
data/train/video_11.mp4_frame_00233.jpg,train,1920,900,1920x900,HD-Ready,JPEG,Unknown,unknown,RGB
data/train/vid10.mp4_frame_01244.jpg,train,1920,990,1920x990,HD-Ready,JPEG,Unknown,unknown,RGB
data/train/video_13_Good_frame_00000 (46).jpg,train,1920,940,1920x940,HD-Ready,JPEG,Unknown,unknown,RGB
data/train/video_8_good_frame_00000 (132).jpg,train,1920,1080,1920x1080,HD,JPEG,Unknown,unknown,RGB
data/train/video_11.mp4_frame_00194.jpg,train,1920,900,1920x900,HD-Ready,JPEG,Unknown,unknown,RGB
data/train/video_4.mp4_frame_00128.jpg,train,1920,932,1920x932,HD-Ready,JPEG,Unknown,unknown,RGB
data/train/video_8.mp4_frame_00051.jpg,train,1920,1080,1920x1080,HD,JPEG,Unknown,unknown,RGB
data/train/vid10.mp4_frame_01485.jpg,train,1920,990,1920x990,HD-Ready,JPEG,Unknown,unknown,RGB
data/train/video_3.mp4_frame_00092.jpg,train,1920,935,1920x935,HD-Ready,JPEG,Unknown,unknown,RGB
data/train/video_1.mp4_frame_00473.jpg,train,1920,932,1920x932,HD-Ready,JPEG,Unknown,unknown,RGB
data/train/vid10.mp4_frame_02346.jpg,train,1920,990,1920x990,HD-Ready,JPEG,Unknown,unknown,RGB
data/train/IMG_ (100).jpg,train,1927,1080,1927x1080,HD,JPEG,Unknown,unknown,RGB
data/train/video_7.mp4_frame_00084.jpg,train,1920,930,1920x930,HD-Ready,JPEG,Unknown,unknown,RGB
data/train/vid2_frame_0496.jpg,train,1920,1080,1920x1080,HD,JPEG,Unknown,unknown,RGB
data/train/img179.jpg,train,1931,1080,1931x1080,HD,JPEG,Unknown,unknown,RGB
data/train/vid4_frame_5372.jpg,train,1920,990,1920x990,HD-Ready,JPEG,Unknown,unknown,RGB
data/train/video_7.mp4_frame_00364.jpg,train,1920,936,1920x936,HD-Ready,JPEG,Unknown,unknown,RGB
data/train/vid7.mp4_frame_02821.jpg,train,1920,905,1920x905,HD-Ready,JPEG,Unknown,unknown,RGB
data/train/video_7.mp4_frame_00256.jpg,train,1920,936,1920x936,HD-Ready,JPEG,Unknown,unknown,RGB
data/train/vid14.mp4_frame_00525.jpg,train,1920,990,1920x990,HD-Ready,JPEG,Unknown,unknown,RGB
data/train/video_8_good_frame_00000 (19).jpg,train,1920,1080,1920x1080,HD,JPEG,Unknown,unknown,RGB
data/train/vid10.mp4_frame_01278.jpg,train,1920,990,1920x990,HD-Ready,JPEG,Unknown,unknown,RGB
data/train/vid2_frame_0549.jpg,train,1920,1080,1920x1080,HD,JPEG,Unknown,unknown,RGB
data/train/video_2.mp4_frame_00162.jpg,train,1920,932,1920x932,HD-Ready,JPEG,Unknown,unknown,RGB
data/train/vid13.mp4_frame_00347.jpg,train,1920,1080,1920x1080,HD,JPEG,Unknown,unknown,RGB
data/train/video_3_Good_frame_00000 (248).jpg,train,1920,935,1920x935,HD-Ready,JPEG,Unknown,unknown,RGB
data/train/video_9.mp4_frame_00629.jpg,train,1920,900,1920x900,HD-Ready,JPEG,Unknown,unknown,RGB
data/train/img112.jpg,train,1280,662,1280x662,SD,JPEG,Unknown,unknown,RGB
data/train/video_4.mp4_frame_00438.jpg,train,1920,932,1920x932,HD-Ready,JPEG,Unknown,unknown,RGB
data/train/video_3_Good_frame_00000 (185).jpg,train,1920,935,1920x935,HD-Ready,JPEG,Unknown,unknown,RGB
data/train/vid4_frame_1848.jpg,train,1920,990,1920x990,HD-Ready,JPEG,Unknown,unknown,RGB
data/train/vid4_frame_1224.jpg,train,1920,990,1920x990,HD-Ready,JPEG,Unknown,unknown,RGB
data/train/vid3_frame_1056.jpg,train,1920,990,1920x990,HD-Ready,JPEG,Unknown,unknown,RGB
data/train/video_7.mp4_frame_00155.jpg,train,1920,930,1920x930,HD-Ready,JPEG,Unknown,unknown,RGB
data/train/vid3_frame_1033.jpg,train,1920,990,1920x990,HD-Ready,JPEG,Unknown,unknown,RGB
data/train/video_7.mp4_frame_00579.jpg,train,1920,930,1920x930,HD-Ready,JPEG,Unknown,unknown,RGB
data/train/vid4_frame_2191.jpg,train,1920,990,1920x990,HD-Ready,JPEG,Unknown,unknown,RGB
data/train/video_7.mp4_frame_00023.jpg,train,1920,930,1920x930,HD-Ready,JPEG,Unknown,unknown,RGB
data/train/video_7.mp4_frame_00263.jpg,train,1920,936,1920x936,HD-Ready,JPEG,Unknown,unknown,RGB
data/train/img203.jpg,train,1912,905,1912x905,HD-Ready,JPEG,Unknown,unknown,RGB
data/train/video_7.mp4_frame_00316.jpg,train,1920,936,1920x936,HD-Ready,JPEG,Unknown,unknown,RGB
data/train/vid10.mp4_frame_00054.jpg,train,1920,990,1920x990,HD-Ready,JPEG,Unknown,unknown,RGB
data/train/video_2.mp4_frame_00097.jpg,train,1920,932,1920x932,HD-Ready,JPEG,Unknown,unknown,RGB
data/train/vid10.mp4_frame_02269.jpg,train,1920,990,1920x990,HD-Ready,JPEG,Unknown,unknown,RGB
data/train/video_7.mp4_frame_00219.jpg,train,1920,936,1920x936,HD-Ready,JPEG,Unknown,unknown,RGB
data/train/vid4_frame_3807.jpg,train,1920,990,1920x990,HD-Ready,JPEG,Unknown,unknown,RGB
data/train/video_1.mp4_frame_00265.jpg,train,1920,932,1920x932,HD-Ready,JPEG,Unknown,unknown,RGB
data/train/video_7.mp4_frame_00308.jpg,train,1920,936,1920x936,HD-Ready,JPEG,Unknown,unknown,RGB
data/train/vid7.mp4_frame_02829.jpg,train,1920,905,1920x905,HD-Ready,JPEG,Unknown,unknown,RGB
data/train/video_1.mp4_frame_00023.jpg,train,1920,932,1920x932,HD-Ready,JPEG,Unknown,unknown,RGB
data/train/video_3_Good_frame_00000 (62).jpg,train,1920,935,1920x935,HD-Ready,JPEG,Unknown,unknown,RGB
data/train/vid8.mp4_frame_03162.jpg,train,1920,1080,1920x1080,HD,JPEG,Unknown,unknown,RGB
data/train/vid4_frame_1950.jpg,train,1920,990,1920x990,HD-Ready,JPEG,Unknown,unknown,RGB
data/train/video_11.mp4_frame_00179.jpg,train,1920,900,1920x900,HD-Ready,JPEG,Unknown,unknown,RGB
data/train/video_11.mp4_frame_00165.jpg,train,1920,900,1920x900,HD-Ready,JPEG,Unknown,unknown,RGB
data/train/vid4_frame_1241.jpg,train,1920,990,1920x990,HD-Ready,JPEG,Unknown,unknown,RGB
data/train/video_4.mp4_frame_00190.jpg,train,1920,932,1920x932,HD-Ready,JPEG,Unknown,unknown,RGB
data/train/img257.jpg,train,1437,927,1437x927,HD-Ready,JPEG,Unknown,unknown,RGB
data/train/video_4.mp4_frame_00143.jpg,train,1920,932,1920x932,HD-Ready,JPEG,Unknown,unknown,RGB
data/train/video_3_Good_frame_00000 (65).jpg,train,1920,935,1920x935,HD-Ready,JPEG,Unknown,unknown,RGB
data/train/video_13.mp4_frame_00243.jpg,train,1920,940,1920x940,HD-Ready,JPEG,Unknown,unknown,RGB
data/train/vid10.mp4_frame_00360.jpg,train,1920,990,1920x990,HD-Ready,JPEG,Unknown,unknown,RGB
data/train/video_3.mp4_frame_00236.jpg,train,1920,935,1920x935,HD-Ready,JPEG,Unknown,unknown,RGB
data/train/video_3_Good_frame_00000 (97).jpg,train,1920,935,1920x935,HD-Ready,JPEG,Unknown,unknown,RGB
data/train/video_8_good_frame_00000 (59).jpg,train,1920,1080,1920x1080,HD,JPEG,Unknown,unknown,RGB
data/train/video_1.mp4_frame_00067.jpg,train,1920,932,1920x932,HD-Ready,JPEG,Unknown,unknown,RGB
data/train/video_4.mp4_frame_00098.jpg,train,1920,932,1920x932,HD-Ready,JPEG,Unknown,unknown,RGB
data/train/video_1.mp4_frame_00207.jpg,train,1920,932,1920x932,HD-Ready,JPEG,Unknown,unknown,RGB
data/train/video_4.mp4_frame_00268.jpg,train,1920,932,1920x932,HD-Ready,JPEG,Unknown,unknown,RGB
data/train/video_2.mp4_frame_00050.jpg,train,1920,932,1920x932,HD-Ready,JPEG,Unknown,unknown,RGB
data/train/video_3.mp4_frame_00030.jpg,train,1920,935,1920x935,HD-Ready,JPEG,Unknown,unknown,RGB
data/train/vid10.mp4_frame_00315.jpg,train,1920,990,1920x990,HD-Ready,JPEG,Unknown,unknown,RGB
data/train/vid10.mp4_frame_01657.jpg,train,1920,990,1920x990,HD-Ready,JPEG,Unknown,unknown,RGB
data/train/video_13.mp4_frame_00265.jpg,train,1920,940,1920x940,HD-Ready,JPEG,Unknown,unknown,RGB
data/train/vid4_frame_5069.jpg,train,1920,990,1920x990,HD-Ready,JPEG,Unknown,unknown,RGB
data/train/img276.jpg,train,2340,1029,2340x1029,HD,JPEG,Unknown,unknown,RGB
data/train/img66.jpg,train,1280,598,1280x598,SD,JPEG,Unknown,unknown,RGB
data/train/vid1_frame_0010.jpg,train,3840,1879,3840x1879,HD,JPEG,Unknown,unknown,RGB
data/train/vid10.mp4_frame_01667.jpg,train,1920,990,1920x990,HD-Ready,JPEG,Unknown,unknown,RGB
data/train/video_3_Good_frame_00000 (159).jpg,train,1920,935,1920x935,HD-Ready,JPEG,Unknown,unknown,RGB
data/train/video_2.mp4_frame_00201.jpg,train,1920,932,1920x932,HD-Ready,JPEG,Unknown,unknown,RGB
data/train/video_13.mp4_frame_00028.jpg,train,1920,940,1920x940,HD-Ready,JPEG,Unknown,unknown,RGB
data/train/IMG_ (140).jpg,train,4095,2313,4095x2313,HD,JPEG,Unknown,unknown,RGB
data/train/vid4_frame_1350.jpg,train,1920,990,1920x990,HD-Ready,JPEG,Unknown,unknown,RGB
data/train/vid4_frame_5467.jpg,train,1920,990,1920x990,HD-Ready,JPEG,Unknown,unknown,RGB
data/train/video_9_goodframe_00000 (7).jpg,train,1920,900,1920x900,HD-Ready,JPEG,Unknown,unknown,RGB
data/train/video_13.mp4_frame_00125.jpg,train,1920,940,1920x940,HD-Ready,JPEG,Unknown,unknown,RGB
data/train/vid4_frame_1864.jpg,train,1920,990,1920x990,HD-Ready,JPEG,Unknown,unknown,RGB
data/train/vid10.mp4_frame_01233.jpg,train,1920,990,1920x990,HD-Ready,JPEG,Unknown,unknown,RGB
data/train/video_1.mp4_frame_00087.jpg,train,1920,932,1920x932,HD-Ready,JPEG,Unknown,unknown,RGB
data/train/video_1.mp4_frame_00148.jpg,train,1920,932,1920x932,HD-Ready,JPEG,Unknown,unknown,RGB
data/train/vid4_frame_2976.jpg,train,1920,990,1920x990,HD-Ready,JPEG,Unknown,unknown,RGB
data/train/video_1.mp4_frame_00043.jpg,train,1920,932,1920x932,HD-Ready,JPEG,Unknown,unknown,RGB
data/train/video_3_Good_frame_00000 (144).jpg,train,1920,935,1920x935,HD-Ready,JPEG,Unknown,unknown,RGB
data/train/vid10.mp4_frame_02298.jpg,train,1920,990,1920x990,HD-Ready,JPEG,Unknown,unknown,RGB
data/train/video_2.mp4_frame_00048 (2).jpg,train,1920,932,1920x932,HD-Ready,JPEG,Unknown,unknown,RGB
data/train/video_3_Good_frame_00000 (75).jpg,train,1920,935,1920x935,HD-Ready,JPEG,Unknown,unknown,RGB
data/train/video_4.mp4_frame_00068.jpg,train,1920,932,1920x932,HD-Ready,JPEG,Unknown,unknown,RGB
data/train/video_1.mp4_frame_00241.jpg,train,1920,932,1920x932,HD-Ready,JPEG,Unknown,unknown,RGB
data/train/video_4_good_frame_00000 (79).jpg,train,1920,932,1920x932,HD-Ready,JPEG,Unknown,unknown,RGB
data/train/video_3.mp4_frame_00295.jpg,train,1920,935,1920x935,HD-Ready,JPEG,Unknown,unknown,RGB
data/train/video_1.mp4_frame_00256.jpg,train,1920,932,1920x932,HD-Ready,JPEG,Unknown,unknown,RGB
data/train/video_8.mp4_frame_00062.jpg,train,1920,1080,1920x1080,HD,JPEG,Unknown,unknown,RGB
data/train/vid1_frame_0017.jpg,train,3840,1879,3840x1879,HD,JPEG,Unknown,unknown,RGB
data/train/video_7.mp4_frame_00006.jpg,train,1920,930,1920x930,HD-Ready,JPEG,Unknown,unknown,RGB
data/train/video_13.mp4_frame_00110.jpg,train,1920,940,1920x940,HD-Ready,JPEG,Unknown,unknown,RGB
data/train/vid10.mp4_frame_01637.jpg,train,1920,990,1920x990,HD-Ready,JPEG,Unknown,unknown,RGB
data/train/vid4_frame_5585.jpg,train,1920,990,1920x990,HD-Ready,JPEG,Unknown,unknown,RGB
data/train/video_2.mp4_frame_00148.jpg,train,1920,932,1920x932,HD-Ready,JPEG,Unknown,unknown,RGB
data/train/video_13.mp4_frame_00182.jpg,train,1920,940,1920x940,HD-Ready,JPEG,Unknown,unknown,RGB
data/train/vid4_frame_2762.jpg,train,1920,990,1920x990,HD-Ready,JPEG,Unknown,unknown,RGB
data/train/vid1_frame_0333.jpg,train,3840,1879,3840x1879,HD,JPEG,Unknown,unknown,RGB
data/train/vid4_frame_3628.jpg,train,1920,990,1920x990,HD-Ready,JPEG,Unknown,unknown,RGB
data/train/video_13.mp4_frame_00328.jpg,train,1920,940,1920x940,HD-Ready,JPEG,Unknown,unknown,RGB
data/train/video_4.mp4_frame_00109.jpg,train,1920,932,1920x932,HD-Ready,JPEG,Unknown,unknown,RGB
data/train/video_1.mp4_frame_00014.jpg,train,1920,932,1920x932,HD-Ready,JPEG,Unknown,unknown,RGB
data/train/video_4.mp4_frame_00250.jpg,train,1920,932,1920x932,HD-Ready,JPEG,Unknown,unknown,RGB
data/train/video_7.mp4_frame_00354.jpg,train,1920,936,1920x936,HD-Ready,JPEG,Unknown,unknown,RGB
data/train/vid3_frame_0979.jpg,train,1920,990,1920x990,HD-Ready,JPEG,Unknown,unknown,RGB
data/train/vid2_frame_0557.jpg,train,1920,1080,1920x1080,HD,JPEG,Unknown,unknown,RGB
data/train/video_3.mp4_frame_00270.jpg,train,1920,935,1920x935,HD-Ready,JPEG,Unknown,unknown,RGB
data/train/video_4.mp4_frame_00259.jpg,train,1920,932,1920x932,HD-Ready,JPEG,Unknown,unknown,RGB
data/train/vid4_frame_4739.jpg,train,1920,990,1920x990,HD-Ready,JPEG,Unknown,unknown,RGB
data/train/Screenshot_2026-02-22-14-37-49-99_98bbd95d3f8887d2ba06ddd18239b486.jpg,train,1909,1080,1909x1080,HD-Ready,JPEG,Unknown,unknown,RGB
data/train/vid14.mp4_frame_00522.jpg,train,1920,990,1920x990,HD-Ready,JPEG,Unknown,unknown,RGB
data/train/video_9.mp4_frame_00452.jpg,train,1920,900,1920x900,HD-Ready,JPEG,Unknown,unknown,RGB
data/train/img259.jpg,train,1922,902,1922x902,HD-Ready,JPEG,Unknown,unknown,RGB
data/train/video_11.mp4_frame_00152.jpg,train,1920,900,1920x900,HD-Ready,JPEG,Unknown,unknown,RGB
data/train/vid4_frame_5104.jpg,train,1920,990,1920x990,HD-Ready,JPEG,Unknown,unknown,RGB
data/train/img284.png,train,1019,735,1019x735,SD,PNG,Unknown,unknown,RGBA
data/train/video_7.mp4_frame_00336.jpg,train,1920,936,1920x936,HD-Ready,JPEG,Unknown,unknown,RGB
data/train/vid15.mp4_frame_00734.jpg,train,1920,908,1920x908,HD-Ready,JPEG,Unknown,unknown,RGB
data/train/vid4_frame_2473.jpg,train,1920,990,1920x990,HD-Ready,JPEG,Unknown,unknown,RGB
data/train/video_7.mp4_frame_00326.jpg,train,1920,936,1920x936,HD-Ready,JPEG,Unknown,unknown,RGB
data/train/vid4_frame_1306.jpg,train,1920,990,1920x990,HD-Ready,JPEG,Unknown,unknown,RGB
data/train/vid6.mp4_frame_02633.jpg,train,1920,930,1920x930,HD-Ready,JPEG,Unknown,unknown,RGB
data/train/video_7.mp4_frame_00402.jpg,train,1920,930,1920x930,HD-Ready,JPEG,Unknown,unknown,RGB
data/train/vid4_frame_4139.jpg,train,1920,990,1920x990,HD-Ready,JPEG,Unknown,unknown,RGB
data/train/video_13.mp4_frame_00296.jpg,train,1920,940,1920x940,HD-Ready,JPEG,Unknown,unknown,RGB
data/train/img82.jpg,train,1280,546,1280x546,SD,JPEG,Unknown,unknown,RGB
data/train/img147.jpg,train,1902,933,1902x933,HD-Ready,JPEG,Unknown,unknown,RGB
data/train/video_4.mp4_frame_00367.jpg,train,1920,932,1920x932,HD-Ready,JPEG,Unknown,unknown,RGB
data/train/video_7.mp4_frame_00128.jpg,train,1920,930,1920x930,HD-Ready,JPEG,Unknown,unknown,RGB
data/train/img205.jpg,train,1919,977,1919x977,HD-Ready,JPEG,Unknown,unknown,RGB
data/train/vid4_frame_4743.jpg,train,1920,990,1920x990,HD-Ready,JPEG,Unknown,unknown,RGB
data/train/video_4_good_frame_00000 (80).jpg,train,1920,932,1920x932,HD-Ready,JPEG,Unknown,unknown,RGB
data/train/video_9.mp4_frame_00563.jpg,train,1920,900,1920x900,HD-Ready,JPEG,Unknown,unknown,RGB
data/train/video_1.mp4_frame_00151.jpg,train,1920,932,1920x932,HD-Ready,JPEG,Unknown,unknown,RGB
data/train/vid4_frame_1969.jpg,train,1920,990,1920x990,HD-Ready,JPEG,Unknown,unknown,RGB
data/train/video_7.mp4_frame_00015.jpg,train,1920,930,1920x930,HD-Ready,JPEG,Unknown,unknown,RGB
data/train/video_13.mp4_frame_00196.jpg,train,1920,940,1920x940,HD-Ready,JPEG,Unknown,unknown,RGB
data/train/video_1.mp4_frame_00172.jpg,train,1920,932,1920x932,HD-Ready,JPEG,Unknown,unknown,RGB
data/train/video_4.mp4_frame_00466.jpg,train,1920,932,1920x932,HD-Ready,JPEG,Unknown,unknown,RGB
data/train/vid4_frame_5049.jpg,train,1920,990,1920x990,HD-Ready,JPEG,Unknown,unknown,RGB
data/train/video_3.mp4_frame_00091.jpg,train,1920,935,1920x935,HD-Ready,JPEG,Unknown,unknown,RGB
data/train/vid4_frame_2447.jpg,train,1920,990,1920x990,HD-Ready,JPEG,Unknown,unknown,RGB
data/train/video_11.mp4_frame_00043.jpg,train,1920,900,1920x900,HD-Ready,JPEG,Unknown,unknown,RGB
data/train/vid4_frame_4916.jpg,train,1920,990,1920x990,HD-Ready,JPEG,Unknown,unknown,RGB
data/train/video_5.mp4_frame_00067.jpg,train,1920,945,1920x945,HD-Ready,JPEG,Unknown,unknown,RGB
data/train/video_9.mp4_frame_00688.jpg,train,1920,900,1920x900,HD-Ready,JPEG,Unknown,unknown,RGB
data/train/IMG_ (39).jpg,train,1920,1080,1920x1080,HD,JPEG,Unknown,unknown,RGB
data/train/video_7_good_frame_00000 (223).jpg,train,1920,930,1920x930,HD-Ready,JPEG,Unknown,unknown,RGB
data/train/video_2.mp4_frame_00095.jpg,train,1920,932,1920x932,HD-Ready,JPEG,Unknown,unknown,RGB
data/train/vid4_frame_4291.jpg,train,1920,990,1920x990,HD-Ready,JPEG,Unknown,unknown,RGB
data/train/video_13.mp4_frame_00040.jpg,train,1920,940,1920x940,HD-Ready,JPEG,Unknown,unknown,RGB
data/train/video_7.mp4_frame_00109.jpg,train,1920,930,1920x930,HD-Ready,JPEG,Unknown,unknown,RGB
data/train/vid4_frame_2708.jpg,train,1920,990,1920x990,HD-Ready,JPEG,Unknown,unknown,RGB
data/train/video_11_good_frame_00034 (44).jpg,train,1920,900,1920x900,HD-Ready,JPEG,Unknown,unknown,RGB
data/train/vid4_frame_2628.jpg,train,1920,990,1920x990,HD-Ready,JPEG,Unknown,unknown,RGB
data/train/video_11_good_frame_00034 (53).jpg,train,1920,900,1920x900,HD-Ready,JPEG,Unknown,unknown,RGB
data/train/vid4_frame_1840.jpg,train,1920,990,1920x990,HD-Ready,JPEG,Unknown,unknown,RGB
data/train/vid1_frame_0044.jpg,train,3840,1879,3840x1879,HD,JPEG,Unknown,unknown,RGB
data/train/video_13.mp4_frame_00301.jpg,train,1920,940,1920x940,HD-Ready,JPEG,Unknown,unknown,RGB
data/train/video_7.mp4_frame_00657.jpg,train,1920,930,1920x930,HD-Ready,JPEG,Unknown,unknown,RGB
data/train/video_5.mp4_frame_00123.jpg,train,1920,945,1920x945,HD-Ready,JPEG,Unknown,unknown,RGB
data/train/IMG_ (58).jpg,train,1923,1080,1923x1080,HD,JPEG,Unknown,unknown,RGB
data/train/video_3_Good_frame_00000 (172).jpg,train,1920,935,1920x935,HD-Ready,JPEG,Unknown,unknown,RGB
data/train/vid2_frame_0413.jpg,train,1920,1080,1920x1080,HD,JPEG,Unknown,unknown,RGB
data/train/vid3_frame_0604.jpg,train,1920,1080,1920x1080,HD,JPEG,Unknown,unknown,RGB
data/train/video_4.mp4_frame_00196.jpg,train,1920,932,1920x932,HD-Ready,JPEG,Unknown,unknown,RGB
data/train/video_1.mp4_frame_00385.jpg,train,1920,932,1920x932,HD-Ready,JPEG,Unknown,unknown,RGB
data/train/video_4.mp4_frame_00416.jpg,train,1920,932,1920x932,HD-Ready,JPEG,Unknown,unknown,RGB
data/train/video_7.mp4_frame_00072.jpg,train,1920,930,1920x930,HD-Ready,JPEG,Unknown,unknown,RGB
data/train/vid1_frame_0072.jpg,train,3840,1879,3840x1879,HD,JPEG,Unknown,unknown,RGB
data/train/video_11.mp4_frame_00077.jpg,train,1920,900,1920x900,HD-Ready,JPEG,Unknown,unknown,RGB
data/train/video_1.mp4_frame_00111.jpg,train,1920,932,1920x932,HD-Ready,JPEG,Unknown,unknown,RGB
data/train/vid7.mp4_frame_02828.jpg,train,1920,905,1920x905,HD-Ready,JPEG,Unknown,unknown,RGB
data/train/vid4_frame_4610.jpg,train,1920,990,1920x990,HD-Ready,JPEG,Unknown,unknown,RGB
data/train/video_8_good_frame_00000 (45).jpg,train,1920,1080,1920x1080,HD,JPEG,Unknown,unknown,RGB
data/train/video_8_good_frame_00000 (55).jpg,train,1920,1080,1920x1080,HD,JPEG,Unknown,unknown,RGB
data/train/img70.jpg,train,1280,608,1280x608,SD,JPEG,Unknown,unknown,RGB
data/train/video_3_Good_frame_00000 (100).jpg,train,1920,935,1920x935,HD-Ready,JPEG,Unknown,unknown,RGB
data/train/video_7.mp4_frame_00650.jpg,train,1920,930,1920x930,HD-Ready,JPEG,Unknown,unknown,RGB
data/train/video_7.mp4_frame_00249.jpg,train,1920,936,1920x936,HD-Ready,JPEG,Unknown,unknown,RGB
data/train/video_11.mp4_frame_00167.jpg,train,1920,900,1920x900,HD-Ready,JPEG,Unknown,unknown,RGB
data/train/video_7.mp4_frame_00149.jpg,train,1920,930,1920x930,HD-Ready,JPEG,Unknown,unknown,RGB
data/train/video_7.mp4_frame_00312.jpg,train,1920,936,1920x936,HD-Ready,JPEG,Unknown,unknown,RGB
data/train/video_11.mp4_frame_00115.jpg,train,1920,900,1920x900,HD-Ready,JPEG,Unknown,unknown,RGB
data/train/vid10.mp4_frame_00004.jpg,train,1920,990,1920x990,HD-Ready,JPEG,Unknown,unknown,RGB
data/train/video_4.mp4_frame_00072.jpg,train,1920,932,1920x932,HD-Ready,JPEG,Unknown,unknown,RGB
data/train/vid4_frame_4287.jpg,train,1920,990,1920x990,HD-Ready,JPEG,Unknown,unknown,RGB
data/train/vid4_frame_1884.jpg,train,1920,990,1920x990,HD-Ready,JPEG,Unknown,unknown,RGB
data/train/video_8_good_frame_00000 (46).jpg,train,1920,1080,1920x1080,HD,JPEG,Unknown,unknown,RGB
data/train/video_6.mp4_frame_00000.jpg,train,1920,925,1920x925,HD-Ready,JPEG,Unknown,unknown,RGB
data/train/video_2.mp4_frame_00066.jpg,train,1920,932,1920x932,HD-Ready,JPEG,Unknown,unknown,RGB
data/train/video_13.mp4_frame_00234.jpg,train,1920,940,1920x940,HD-Ready,JPEG,Unknown,unknown,RGB
data/train/vid4_frame_5247.jpg,train,1920,990,1920x990,HD-Ready,JPEG,Unknown,unknown,RGB
data/train/video_9.mp4_frame_00462.jpg,train,1920,900,1920x900,HD-Ready,JPEG,Unknown,unknown,RGB
data/train/video_2.mp4_frame_00032.jpg,train,1920,932,1920x932,HD-Ready,JPEG,Unknown,unknown,RGB
data/train/vid4_frame_5469.jpg,train,1920,990,1920x990,HD-Ready,JPEG,Unknown,unknown,RGB
data/train/video_7.mp4_frame_00163.jpg,train,1920,930,1920x930,HD-Ready,JPEG,Unknown,unknown,RGB
data/train/video_1.mp4_frame_00262.jpg,train,1920,932,1920x932,HD-Ready,JPEG,Unknown,unknown,RGB
data/train/vid4_frame_5584.jpg,train,1920,990,1920x990,HD-Ready,JPEG,Unknown,unknown,RGB
data/train/video_7.mp4_frame_00559.jpg,train,1920,930,1920x930,HD-Ready,JPEG,Unknown,unknown,RGB
data/train/video_13.mp4_frame_00115.jpg,train,1920,940,1920x940,HD-Ready,JPEG,Unknown,unknown,RGB
data/train/IMG_ (42).jpg,train,1923,1080,1923x1080,HD,JPEG,Unknown,unknown,RGB
data/train/vid1_frame_0206.jpg,train,3840,1879,3840x1879,HD,JPEG,Unknown,unknown,RGB
data/train/video_1.mp4_frame_00370.jpg,train,1920,932,1920x932,HD-Ready,JPEG,Unknown,unknown,RGB
data/train/vid1_frame_0057.jpg,train,3840,1879,3840x1879,HD,JPEG,Unknown,unknown,RGB
data/train/img177.jpg,train,1914,920,1914x920,HD-Ready,JPEG,Unknown,unknown,RGB
data/train/video_11_good_frame_00034 (10).jpg,train,1920,900,1920x900,HD-Ready,JPEG,Unknown,unknown,RGB
data/train/video_2.mp4_frame_00004 (2).jpg,train,1920,932,1920x932,HD-Ready,JPEG,Unknown,unknown,RGB
data/train/vid10.mp4_frame_00438.jpg,train,1920,990,1920x990,HD-Ready,JPEG,Unknown,unknown,RGB
data/train/video_11.mp4_frame_00144.jpg,train,1920,900,1920x900,HD-Ready,JPEG,Unknown,unknown,RGB
data/train/video_9_goodframe_00000 (9).jpg,train,1920,900,1920x900,HD-Ready,JPEG,Unknown,unknown,RGB
data/train/vid4_frame_5529.jpg,train,1920,990,1920x990,HD-Ready,JPEG,Unknown,unknown,RGB
data/train/video_13.mp4_frame_00375.jpg,train,1920,940,1920x940,HD-Ready,JPEG,Unknown,unknown,RGB
data/train/video_4.mp4_frame_00054.jpg,train,1920,932,1920x932,HD-Ready,JPEG,Unknown,unknown,RGB
data/train/img275.jpg,train,2340,1030,2340x1030,HD,JPEG,Unknown,unknown,RGB
data/train/video_13.mp4_frame_00286.jpg,train,1920,940,1920x940,HD-Ready,JPEG,Unknown,unknown,RGB
data/train/vid1_frame_0176.jpg,train,3840,1879,3840x1879,HD,JPEG,Unknown,unknown,RGB
data/train/video_1.mp4_frame_00194.jpg,train,1920,932,1920x932,HD-Ready,JPEG,Unknown,unknown,RGB
data/train/video_1.mp4_frame_00150.jpg,train,1920,932,1920x932,HD-Ready,JPEG,Unknown,unknown,RGB
data/train/video_7.mp4_frame_00341.jpg,train,1920,936,1920x936,HD-Ready,JPEG,Unknown,unknown,RGB
data/train/vid4_frame_5274.jpg,train,1920,990,1920x990,HD-Ready,JPEG,Unknown,unknown,RGB
data/train/img53.jpg,train,1280,599,1280x599,SD,JPEG,Unknown,unknown,RGB
data/train/video_1.mp4_frame_00374.jpg,train,1920,932,1920x932,HD-Ready,JPEG,Unknown,unknown,RGB
data/train/video_3_Good_frame_00000 (3).jpg,train,1920,935,1920x935,HD-Ready,JPEG,Unknown,unknown,RGB
data/train/video_4.mp4_frame_00345.jpg,train,1920,932,1920x932,HD-Ready,JPEG,Unknown,unknown,RGB
data/train/video_2.mp4_frame_00661.jpg,train,1920,932,1920x932,HD-Ready,JPEG,Unknown,unknown,RGB
data/train/vid4_frame_2050.jpg,train,1920,990,1920x990,HD-Ready,JPEG,Unknown,unknown,RGB
data/train/vid3_frame_0724.jpg,train,1920,990,1920x990,HD-Ready,JPEG,Unknown,unknown,RGB
data/train/vid4_frame_5354.jpg,train,1920,990,1920x990,HD-Ready,JPEG,Unknown,unknown,RGB
data/train/video_4.mp4_frame_00458.jpg,train,1920,932,1920x932,HD-Ready,JPEG,Unknown,unknown,RGB
data/train/video_1.mp4_frame_00122.jpg,train,1920,932,1920x932,HD-Ready,JPEG,Unknown,unknown,RGB
data/train/video_7.mp4_frame_00066.jpg,train,1920,930,1920x930,HD-Ready,JPEG,Unknown,unknown,RGB
data/train/video_3_Good_frame_00000 (55).jpg,train,1920,935,1920x935,HD-Ready,JPEG,Unknown,unknown,RGB
data/train/vid4_frame_5533.jpg,train,1920,990,1920x990,HD-Ready,JPEG,Unknown,unknown,RGB
data/train/vid6.mp4_frame_02470.jpg,train,1920,1080,1920x1080,HD,JPEG,Unknown,unknown,RGB
data/train/video_7_good_frame_00000 (230).jpg,train,1920,930,1920x930,HD-Ready,JPEG,Unknown,unknown,RGB
data/train/video_2.mp4_frame_00055.jpg,train,1920,932,1920x932,HD-Ready,JPEG,Unknown,unknown,RGB
data/train/video_11.mp4_frame_00188.jpg,train,1920,900,1920x900,HD-Ready,JPEG,Unknown,unknown,RGB
data/train/vid1_frame_0113.jpg,train,3840,1879,3840x1879,HD,JPEG,Unknown,unknown,RGB
data/train/video_13.mp4_frame_00244.jpg,train,1920,940,1920x940,HD-Ready,JPEG,Unknown,unknown,RGB
data/train/video_4.mp4_frame_00697.jpg,train,1920,932,1920x932,HD-Ready,JPEG,Unknown,unknown,RGB
data/train/video_7.mp4_frame_00688.jpg,train,1920,930,1920x930,HD-Ready,JPEG,Unknown,unknown,RGB
data/train/video_3_Good_frame_00000 (40).jpg,train,1920,935,1920x935,HD-Ready,JPEG,Unknown,unknown,RGB
data/train/video_3_Good_frame_00000 (52).jpg,train,1920,935,1920x935,HD-Ready,JPEG,Unknown,unknown,RGB
data/train/vid4_frame_3305.jpg,train,1920,990,1920x990,HD-Ready,JPEG,Unknown,unknown,RGB
data/train/video_7.mp4_frame_00685.jpg,train,1920,930,1920x930,HD-Ready,JPEG,Unknown,unknown,RGB
data/train/vid4_frame_5595.jpg,train,1920,990,1920x990,HD-Ready,JPEG,Unknown,unknown,RGB
data/train/video_4.mp4_frame_00337.jpg,train,1920,932,1920x932,HD-Ready,JPEG,Unknown,unknown,RGB
data/train/video_4.mp4_frame_00141.jpg,train,1920,932,1920x932,HD-Ready,JPEG,Unknown,unknown,RGB
data/train/IMG_ (23).jpg,train,1918,833,1918x833,HD-Ready,JPEG,Unknown,unknown,RGB
data/train/vid15.mp4_frame_00726.jpg,train,1920,908,1920x908,HD-Ready,JPEG,Unknown,unknown,RGB
data/train/video_13_Good_frame_00000 (126).jpg,train,1920,940,1920x940,HD-Ready,JPEG,Unknown,unknown,RGB
data/train/vid3_frame_0754.jpg,train,1920,990,1920x990,HD-Ready,JPEG,Unknown,unknown,RGB
data/train/video_1.mp4_frame_00165.jpg,train,1920,932,1920x932,HD-Ready,JPEG,Unknown,unknown,RGB
data/train/vid1_frame_0068.jpg,train,3840,1879,3840x1879,HD,JPEG,Unknown,unknown,RGB
data/train/video_2.mp4_frame_00118.jpg,train,1920,932,1920x932,HD-Ready,JPEG,Unknown,unknown,RGB
data/train/video_11_good_frame_00034 (1).jpg,train,1920,900,1920x900,HD-Ready,JPEG,Unknown,unknown,RGB
data/train/video_4.mp4_frame_00437.jpg,train,1920,932,1920x932,HD-Ready,JPEG,Unknown,unknown,RGB
data/train/video_13.mp4_frame_00128.jpg,train,1920,940,1920x940,HD-Ready,JPEG,Unknown,unknown,RGB
data/train/video_13.mp4_frame_00189.jpg,train,1920,940,1920x940,HD-Ready,JPEG,Unknown,unknown,RGB
data/train/video_1.mp4_frame_00403.jpg,train,1920,932,1920x932,HD-Ready,JPEG,Unknown,unknown,RGB
data/train/vid4_frame_3724.jpg,train,1920,990,1920x990,HD-Ready,JPEG,Unknown,unknown,RGB
data/train/video_13_Good_frame_00000 (129).jpg,train,1920,940,1920x940,HD-Ready,JPEG,Unknown,unknown,RGB
data/train/vid4_frame_4521.jpg,train,1920,990,1920x990,HD-Ready,JPEG,Unknown,unknown,RGB
data/train/video_3_Good_frame_00000 (112).jpg,train,1920,935,1920x935,HD-Ready,JPEG,Unknown,unknown,RGB
data/train/vid1_frame_0197.jpg,train,3840,1879,3840x1879,HD,JPEG,Unknown,unknown,RGB
data/train/vid10.mp4_frame_02082.jpg,train,1920,990,1920x990,HD-Ready,JPEG,Unknown,unknown,RGB
data/train/video_11_good_frame_00034 (6).jpg,train,1920,900,1920x900,HD-Ready,JPEG,Unknown,unknown,RGB
data/train/vid10.mp4_frame_01472.jpg,train,1920,990,1920x990,HD-Ready,JPEG,Unknown,unknown,RGB
data/train/video_3_Good_frame_00000 (237).jpg,train,1920,935,1920x935,HD-Ready,JPEG,Unknown,unknown,RGB
data/train/video_8_good_frame_00000 (76).jpg,train,1920,1080,1920x1080,HD,JPEG,Unknown,unknown,RGB
data/train/video_1.mp4_frame_00359.jpg,train,1920,932,1920x932,HD-Ready,JPEG,Unknown,unknown,RGB
data/train/video_2.mp4_frame_00124.jpg,train,1920,932,1920x932,HD-Ready,JPEG,Unknown,unknown,RGB
data/train/img171.jpg,train,1920,920,1920x920,HD-Ready,JPEG,Unknown,unknown,RGB
data/train/video_2.mp4_frame_00117.jpg,train,1920,932,1920x932,HD-Ready,JPEG,Unknown,unknown,RGB
data/train/vid4_frame_5119.jpg,train,1920,990,1920x990,HD-Ready,JPEG,Unknown,unknown,RGB
data/train/vid1_frame_0239.jpg,train,3840,1879,3840x1879,HD,JPEG,Unknown,unknown,RGB
data/train/video_7.mp4_frame_00660.jpg,train,1920,930,1920x930,HD-Ready,JPEG,Unknown,unknown,RGB
data/train/video_4.mp4_frame_00297.jpg,train,1920,932,1920x932,HD-Ready,JPEG,Unknown,unknown,RGB
data/train/video_4.mp4_frame_00421.jpg,train,1920,932,1920x932,HD-Ready,JPEG,Unknown,unknown,RGB
data/train/video_13.mp4_frame_00210.jpg,train,1920,940,1920x940,HD-Ready,JPEG,Unknown,unknown,RGB
data/train/video_7.mp4_frame_00067.jpg,train,1920,930,1920x930,HD-Ready,JPEG,Unknown,unknown,RGB
data/train/vid4_frame_4309.jpg,train,1920,990,1920x990,HD-Ready,JPEG,Unknown,unknown,RGB
data/train/video_7.mp4_frame_00127.jpg,train,1920,930,1920x930,HD-Ready,JPEG,Unknown,unknown,RGB
data/train/video_2.mp4_frame_00112.jpg,train,1920,932,1920x932,HD-Ready,JPEG,Unknown,unknown,RGB
data/train/video_8_good_frame_00000 (95).jpg,train,1920,1080,1920x1080,HD,JPEG,Unknown,unknown,RGB
data/train/video_7.mp4_frame_00039.jpg,train,1920,930,1920x930,HD-Ready,JPEG,Unknown,unknown,RGB
data/train/img98.jpg,train,1280,618,1280x618,SD,JPEG,Unknown,unknown,RGB
data/train/video_11.mp4_frame_00158.jpg,train,1920,900,1920x900,HD-Ready,JPEG,Unknown,unknown,RGB
data/train/video_13.mp4_frame_00306.jpg,train,1920,940,1920x940,HD-Ready,JPEG,Unknown,unknown,RGB
data/train/video_9.mp4_frame_00491.jpg,train,1920,900,1920x900,HD-Ready,JPEG,Unknown,unknown,RGB
data/train/video_13_Good_frame_00000 (74).jpg,train,1920,940,1920x940,HD-Ready,JPEG,Unknown,unknown,RGB
data/train/vid3_frame_0708.jpg,train,1920,990,1920x990,HD-Ready,JPEG,Unknown,unknown,RGB
data/train/IMG_ (108).jpg,train,1932,1080,1932x1080,HD,JPEG,Unknown,unknown,RGB
data/train/video_1.mp4_frame_00391.jpg,train,1920,932,1920x932,HD-Ready,JPEG,Unknown,unknown,RGB
data/train/video_11_good_frame_00034 (7).jpg,train,1920,900,1920x900,HD-Ready,JPEG,Unknown,unknown,RGB
data/train/video_4.mp4_frame_00329.jpg,train,1920,932,1920x932,HD-Ready,JPEG,Unknown,unknown,RGB
data/train/img104.jpg,train,1280,615,1280x615,SD,JPEG,Unknown,unknown,RGB
data/train/video_13_Good_frame_00000 (50).jpg,train,1920,940,1920x940,HD-Ready,JPEG,Unknown,unknown,RGB
data/train/video_1.mp4_frame_00330.jpg,train,1920,932,1920x932,HD-Ready,JPEG,Unknown,unknown,RGB
data/train/vid10.mp4_frame_01653.jpg,train,1920,990,1920x990,HD-Ready,JPEG,Unknown,unknown,RGB
data/train/vid4_frame_5369.jpg,train,1920,990,1920x990,HD-Ready,JPEG,Unknown,unknown,RGB
data/train/video_4_good_frame_00000 (42).jpg,train,1920,932,1920x932,HD-Ready,JPEG,Unknown,unknown,RGB
data/train/video_8_good_frame_00000 (23).jpg,train,1920,1080,1920x1080,HD,JPEG,Unknown,unknown,RGB
data/train/IMG_ (91).jpg,train,1948,1080,1948x1080,HD,JPEG,Unknown,unknown,RGB
data/train/video_4.mp4_frame_00260.jpg,train,1920,932,1920x932,HD-Ready,JPEG,Unknown,unknown,RGB
data/train/img274.jpg,train,2340,1036,2340x1036,HD,JPEG,Unknown,unknown,RGB
data/train/video_2.mp4_frame_00115.jpg,train,1920,932,1920x932,HD-Ready,JPEG,Unknown,unknown,RGB
data/train/video_1.mp4_frame_00291.jpg,train,1920,932,1920x932,HD-Ready,JPEG,Unknown,unknown,RGB
data/train/video_3_Good_frame_00000 (41).jpg,train,1920,935,1920x935,HD-Ready,JPEG,Unknown,unknown,RGB
data/train/video_13.mp4_frame_00288.jpg,train,1920,940,1920x940,HD-Ready,JPEG,Unknown,unknown,RGB
data/train/video_5.mp4_frame_00133.jpg,train,1920,945,1920x945,HD-Ready,JPEG,Unknown,unknown,RGB
data/train/vid4_frame_5503.jpg,train,1920,990,1920x990,HD-Ready,JPEG,Unknown,unknown,RGB
data/train/vid1_frame_0269.jpg,train,3840,1879,3840x1879,HD,JPEG,Unknown,unknown,RGB
data/train/vid10.mp4_frame_00896.jpg,train,1920,990,1920x990,HD-Ready,JPEG,Unknown,unknown,RGB
data/train/vid4_frame_5317.jpg,train,1920,990,1920x990,HD-Ready,JPEG,Unknown,unknown,RGB
data/train/vid4_frame_5556.jpg,train,1920,990,1920x990,HD-Ready,JPEG,Unknown,unknown,RGB
data/train/video_5.mp4_frame_00013.jpg,train,1920,945,1920x945,HD-Ready,JPEG,Unknown,unknown,RGB
data/train/vid6.mp4_frame_02525.jpg,train,1920,930,1920x930,HD-Ready,JPEG,Unknown,unknown,RGB
data/train/video_13.mp4_frame_00117.jpg,train,1920,940,1920x940,HD-Ready,JPEG,Unknown,unknown,RGB
data/train/vid10.mp4_frame_00043.jpg,train,1920,990,1920x990,HD-Ready,JPEG,Unknown,unknown,RGB
data/train/video_3_Good_frame_00000 (99).jpg,train,1920,935,1920x935,HD-Ready,JPEG,Unknown,unknown,RGB
data/train/video_4.mp4_frame_00299.jpg,train,1920,932,1920x932,HD-Ready,JPEG,Unknown,unknown,RGB
data/train/video_3.mp4_frame_00194.jpg,train,1920,935,1920x935,HD-Ready,JPEG,Unknown,unknown,RGB
data/train/vid3_frame_0627.jpg,train,1920,1080,1920x1080,HD,JPEG,Unknown,unknown,RGB
data/train/video_4.mp4_frame_00256.jpg,train,1920,932,1920x932,HD-Ready,JPEG,Unknown,unknown,RGB
data/train/video_4.mp4_frame_00516.jpg,train,1920,932,1920x932,HD-Ready,JPEG,Unknown,unknown,RGB
data/train/video_13_Good_frame_00000 (76).jpg,train,1920,940,1920x940,HD-Ready,JPEG,Unknown,unknown,RGB
data/train/video_5.mp4_frame_00120.jpg,train,1920,945,1920x945,HD-Ready,JPEG,Unknown,unknown,RGB
data/val/vid2_frame_0553.jpg,val,1920,1080,1920x1080,HD,JPEG,Unknown,unknown,RGB
data/val/video_4.mp4_frame_00242.jpg,val,1920,932,1920x932,HD-Ready,JPEG,Unknown,unknown,RGB
data/val/video_7.mp4_frame_00345.jpg,val,1920,936,1920x936,HD-Ready,JPEG,Unknown,unknown,RGB
data/val/vid4_frame_3431.jpg,val,1920,990,1920x990,HD-Ready,JPEG,Unknown,unknown,RGB
data/val/img199.jpg,val,1918,905,1918x905,HD-Ready,JPEG,Unknown,unknown,RGB
data/val/video_3.mp4_frame_00211.jpg,val,1920,935,1920x935,HD-Ready,JPEG,Unknown,unknown,RGB
data/val/video_3.mp4_frame_00054.jpg,val,1920,935,1920x935,HD-Ready,JPEG,Unknown,unknown,RGB
data/val/video_7.mp4_frame_00380.jpg,val,1920,930,1920x930,HD-Ready,JPEG,Unknown,unknown,RGB
data/val/vid10.mp4_frame_00045.jpg,val,1920,990,1920x990,HD-Ready,JPEG,Unknown,unknown,RGB
data/val/video_4.mp4_frame_00213.jpg,val,1920,932,1920x932,HD-Ready,JPEG,Unknown,unknown,RGB
data/val/vid4_frame_2451.jpg,val,1920,990,1920x990,HD-Ready,JPEG,Unknown,unknown,RGB
data/val/video_9.mp4_frame_00555.jpg,val,1920,900,1920x900,HD-Ready,JPEG,Unknown,unknown,RGB
data/val/video_7.mp4_frame_00143.jpg,val,1920,930,1920x930,HD-Ready,JPEG,Unknown,unknown,RGB
data/val/video_11.mp4_frame_00086.jpg,val,1920,900,1920x900,HD-Ready,JPEG,Unknown,unknown,RGB
data/val/video_5.mp4_frame_00170.jpg,val,1920,945,1920x945,HD-Ready,JPEG,Unknown,unknown,RGB
data/val/video_3_Good_frame_00000 (111).jpg,val,1920,935,1920x935,HD-Ready,JPEG,Unknown,unknown,RGB
data/val/IMG_ (63).jpg,val,1930,1080,1930x1080,HD,JPEG,Unknown,unknown,RGB
data/val/video_11.mp4_frame_00133.jpg,val,1920,900,1920x900,HD-Ready,JPEG,Unknown,unknown,RGB
data/val/video_13.mp4_frame_00275.jpg,val,1920,940,1920x940,HD-Ready,JPEG,Unknown,unknown,RGB
data/val/video_2.mp4_frame_00061.jpg,val,1920,932,1920x932,HD-Ready,JPEG,Unknown,unknown,RGB
data/val/video_13.mp4_frame_00314.jpg,val,1920,940,1920x940,HD-Ready,JPEG,Unknown,unknown,RGB
data/val/video_7.mp4_frame_00045.jpg,val,1920,930,1920x930,HD-Ready,JPEG,Unknown,unknown,RGB
data/val/video_5.mp4_frame_00011.jpg,val,1920,945,1920x945,HD-Ready,JPEG,Unknown,unknown,RGB
data/val/vid4_frame_5068.jpg,val,1920,990,1920x990,HD-Ready,JPEG,Unknown,unknown,RGB
data/val/video_13.mp4_frame_00111.jpg,val,1920,940,1920x940,HD-Ready,JPEG,Unknown,unknown,RGB
data/val/vid10.mp4_frame_02315.jpg,val,1920,990,1920x990,HD-Ready,JPEG,Unknown,unknown,RGB
data/val/video_11.mp4_frame_00139.jpg,val,1920,900,1920x900,HD-Ready,JPEG,Unknown,unknown,RGB
data/val/vid4_frame_4334.jpg,val,1920,990,1920x990,HD-Ready,JPEG,Unknown,unknown,RGB
data/val/video_5.mp4_frame_00042.jpg,val,1920,945,1920x945,HD-Ready,JPEG,Unknown,unknown,RGB
data/val/video_7.mp4_frame_00158.jpg,val,1920,930,1920x930,HD-Ready,JPEG,Unknown,unknown,RGB
data/val/video_7.mp4_frame_00661.jpg,val,1920,930,1920x930,HD-Ready,JPEG,Unknown,unknown,RGB
data/val/vid2_frame_0390.jpg,val,1920,1080,1920x1080,HD,JPEG,Unknown,unknown,RGB
data/val/IMG_ (128).jpg,val,1916,1080,1916x1080,HD-Ready,JPEG,Unknown,unknown,RGB
data/val/video_8_good_frame_00000 (75).jpg,val,1920,1080,1920x1080,HD,JPEG,Unknown,unknown,RGB
data/val/vid1_frame_0023.jpg,val,3840,1879,3840x1879,HD,JPEG,Unknown,unknown,RGB
data/val/vid4_frame_3256.jpg,val,1920,990,1920x990,HD-Ready,JPEG,Unknown,unknown,RGB
data/val/video_6.mp4_frame_00005.jpg,val,1920,925,1920x925,HD-Ready,JPEG,Unknown,unknown,RGB
data/val/video_4.mp4_frame_00467.jpg,val,1920,932,1920x932,HD-Ready,JPEG,Unknown,unknown,RGB
data/val/video_2.mp4_frame_00086.jpg,val,1920,932,1920x932,HD-Ready,JPEG,Unknown,unknown,RGB
data/val/vid10.mp4_frame_01636.jpg,val,1920,990,1920x990,HD-Ready,JPEG,Unknown,unknown,RGB
data/val/video_4.mp4_frame_00433.jpg,val,1920,932,1920x932,HD-Ready,JPEG,Unknown,unknown,RGB
data/val/vid3_frame_0912.jpg,val,1920,990,1920x990,HD-Ready,JPEG,Unknown,unknown,RGB
data/val/video_3.mp4_frame_00253.jpg,val,1920,935,1920x935,HD-Ready,JPEG,Unknown,unknown,RGB
data/val/video_3_Good_frame_00000 (6).jpg,val,1920,935,1920x935,HD-Ready,JPEG,Unknown,unknown,RGB
data/val/vid4_frame_1850.jpg,val,1920,990,1920x990,HD-Ready,JPEG,Unknown,unknown,RGB
data/val/IMG_ (29).jpg,val,1912,1079,1912x1079,HD-Ready,JPEG,Unknown,unknown,RGB
data/val/video_11.mp4_frame_00245.jpg,val,1920,900,1920x900,HD-Ready,JPEG,Unknown,unknown,RGB
data/val/vid4_frame_4023.jpg,val,1920,990,1920x990,HD-Ready,JPEG,Unknown,unknown,RGB
data/val/vid4_frame_4332.jpg,val,1920,990,1920x990,HD-Ready,JPEG,Unknown,unknown,RGB
data/val/vid4_frame_1783.jpg,val,1920,990,1920x990,HD-Ready,JPEG,Unknown,unknown,RGB
data/val/img256.jpg,val,1429,932,1429x932,HD-Ready,JPEG,Unknown,unknown,RGB
data/val/vid4_frame_4455.jpg,val,1920,990,1920x990,HD-Ready,JPEG,Unknown,unknown,RGB
data/val/video_13.mp4_frame_00116.jpg,val,1920,940,1920x940,HD-Ready,JPEG,Unknown,unknown,RGB
data/val/video_3.mp4_frame_00283.jpg,val,1920,935,1920x935,HD-Ready,JPEG,Unknown,unknown,RGB
data/val/video_4.mp4_frame_00369.jpg,val,1920,932,1920x932,HD-Ready,JPEG,Unknown,unknown,RGB
data/val/video_1.mp4_frame_00361.jpg,val,1920,932,1920x932,HD-Ready,JPEG,Unknown,unknown,RGB
data/val/img110.jpg,val,1280,651,1280x651,SD,JPEG,Unknown,unknown,RGB
data/val/vid1_frame_0223.jpg,val,3840,1879,3840x1879,HD,JPEG,Unknown,unknown,RGB
data/val/IMG_ (43).jpg,val,1912,1078,1912x1078,HD-Ready,JPEG,Unknown,unknown,RGB
data/val/video_2.mp4_frame_00121.jpg,val,1920,932,1920x932,HD-Ready,JPEG,Unknown,unknown,RGB
data/val/vid2_frame_0493.jpg,val,1920,1080,1920x1080,HD,JPEG,Unknown,unknown,RGB
data/val/vid4_frame_2077.jpg,val,1920,990,1920x990,HD-Ready,JPEG,Unknown,unknown,RGB
data/val/vid1_frame_0225.jpg,val,3840,1879,3840x1879,HD,JPEG,Unknown,unknown,RGB
data/val/IMG_ (66).jpg,val,1925,1080,1925x1080,HD,JPEG,Unknown,unknown,RGB
data/val/video_7.mp4_frame_00051.jpg,val,1920,930,1920x930,HD-Ready,JPEG,Unknown,unknown,RGB
data/val/video_8_good_frame_00000 (33).jpg,val,1920,1080,1920x1080,HD,JPEG,Unknown,unknown,RGB
data/val/vid3_frame_1070.jpg,val,1920,990,1920x990,HD-Ready,JPEG,Unknown,unknown,RGB
data/val/vid10.mp4_frame_00361.jpg,val,1920,990,1920x990,HD-Ready,JPEG,Unknown,unknown,RGB
data/val/video_3_Good_frame_00000 (187).jpg,val,1920,935,1920x935,HD-Ready,JPEG,Unknown,unknown,RGB
data/val/IMG_ (13).jpg,val,1922,731,1922x731,HD-Ready,JPEG,Unknown,unknown,RGB
data/val/video_3_Good_frame_00000 (5).jpg,val,1920,935,1920x935,HD-Ready,JPEG,Unknown,unknown,RGB
data/val/video_2.mp4_frame_00264.jpg,val,1920,932,1920x932,HD-Ready,JPEG,Unknown,unknown,RGB
data/val/video_5.mp4_frame_00115.jpg,val,1920,945,1920x945,HD-Ready,JPEG,Unknown,unknown,RGB
data/val/video_11.mp4_frame_00067.jpg,val,1920,900,1920x900,HD-Ready,JPEG,Unknown,unknown,RGB
data/val/video_7.mp4_frame_00392.jpg,val,1920,930,1920x930,HD-Ready,JPEG,Unknown,unknown,RGB
data/val/vid4_frame_4801.jpg,val,1920,990,1920x990,HD-Ready,JPEG,Unknown,unknown,RGB
data/val/video_11.mp4_frame_00161.jpg,val,1920,900,1920x900,HD-Ready,JPEG,Unknown,unknown,RGB
data/val/video_11.mp4_frame_00224.jpg,val,1920,900,1920x900,HD-Ready,JPEG,Unknown,unknown,RGB
data/val/video_4.mp4_frame_00313.jpg,val,1920,932,1920x932,HD-Ready,JPEG,Unknown,unknown,RGB
data/val/video_13_Good_frame_00000 (90).jpg,val,1920,940,1920x940,HD-Ready,JPEG,Unknown,unknown,RGB
data/val/vid4_frame_1487.jpg,val,1920,990,1920x990,HD-Ready,JPEG,Unknown,unknown,RGB
data/val/video_9.mp4_frame_00492.jpg,val,1920,900,1920x900,HD-Ready,JPEG,Unknown,unknown,RGB
data/val/video_7.mp4_frame_00262.jpg,val,1920,936,1920x936,HD-Ready,JPEG,Unknown,unknown,RGB
data/val/video_5.mp4_frame_00062.jpg,val,1920,945,1920x945,HD-Ready,JPEG,Unknown,unknown,RGB
data/val/video_1.mp4_frame_00406.jpg,val,1920,932,1920x932,HD-Ready,JPEG,Unknown,unknown,RGB
data/val/video_2.mp4_frame_00174.jpg,val,1920,932,1920x932,HD-Ready,JPEG,Unknown,unknown,RGB
data/val/vid10.mp4_frame_02127.jpg,val,1920,1080,1920x1080,HD,JPEG,Unknown,unknown,RGB
data/val/video_5.mp4_frame_00129.jpg,val,1920,945,1920x945,HD-Ready,JPEG,Unknown,unknown,RGB
data/val/IMG_ (80).jpg,val,1923,1080,1923x1080,HD,JPEG,Unknown,unknown,RGB
data/val/video_4_good_frame_00000 (26).jpg,val,1920,932,1920x932,HD-Ready,JPEG,Unknown,unknown,RGB
data/val/video_2.mp4_frame_00205.jpg,val,1920,932,1920x932,HD-Ready,JPEG,Unknown,unknown,RGB
data/val/vid1_frame_0134.jpg,val,3840,1879,3840x1879,HD,JPEG,Unknown,unknown,RGB
data/val/vid1_frame_0171.jpg,val,3840,1879,3840x1879,HD,JPEG,Unknown,unknown,RGB
data/val/IMG_ (105).jpg,val,1928,1080,1928x1080,HD,JPEG,Unknown,unknown,RGB
data/val/video_3_Good_frame_00000 (89).jpg,val,1920,935,1920x935,HD-Ready,JPEG,Unknown,unknown,RGB
data/val/video_3.mp4_frame_00075.jpg,val,1920,935,1920x935,HD-Ready,JPEG,Unknown,unknown,RGB
data/val/IMG_ (4).jpg,val,4096,1970,4096x1970,HD,JPEG,Unknown,unknown,RGB
data/val/video_13.mp4_frame_00258.jpg,val,1920,940,1920x940,HD-Ready,JPEG,Unknown,unknown,RGB
data/val/video_1.mp4_frame_00296.jpg,val,1920,932,1920x932,HD-Ready,JPEG,Unknown,unknown,RGB
data/val/IMG_ (149).jpg,val,4096,2332,4096x2332,HD,JPEG,Unknown,unknown,RGB
data/val/vid10.mp4_frame_01586.jpg,val,1920,990,1920x990,HD-Ready,JPEG,Unknown,unknown,RGB
data/val/video_13.mp4_frame_00154.jpg,val,1920,940,1920x940,HD-Ready,JPEG,Unknown,unknown,RGB
data/val/vid4_frame_2563.jpg,val,1920,990,1920x990,HD-Ready,JPEG,Unknown,unknown,RGB
data/val/img97.jpg,val,1280,617,1280x617,SD,JPEG,Unknown,unknown,RGB
data/val/vid3_frame_0658.jpg,val,1920,990,1920x990,HD-Ready,JPEG,Unknown,unknown,RGB
data/val/vid4_frame_5600.jpg,val,1920,990,1920x990,HD-Ready,JPEG,Unknown,unknown,RGB
data/val/video_11.mp4_frame_00150.jpg,val,1920,900,1920x900,HD-Ready,JPEG,Unknown,unknown,RGB
data/val/video_13.mp4_frame_00160.jpg,val,1920,940,1920x940,HD-Ready,JPEG,Unknown,unknown,RGB
data/val/video_13.mp4_frame_00114.jpg,val,1920,940,1920x940,HD-Ready,JPEG,Unknown,unknown,RGB
data/val/vid4_frame_4041.jpg,val,1920,990,1920x990,HD-Ready,JPEG,Unknown,unknown,RGB
data/val/video_3.mp4_frame_00037.jpg,val,1920,935,1920x935,HD-Ready,JPEG,Unknown,unknown,RGB
data/val/img166.jpg,val,2340,1009,2340x1009,HD,JPEG,Unknown,unknown,RGB
data/val/vid10.mp4_frame_00660.jpg,val,1920,990,1920x990,HD-Ready,JPEG,Unknown,unknown,RGB
data/val/video_4.mp4_frame_00126.jpg,val,1920,932,1920x932,HD-Ready,JPEG,Unknown,unknown,RGB
data/val/video_4.mp4_frame_00480.jpg,val,1920,932,1920x932,HD-Ready,JPEG,Unknown,unknown,RGB
data/val/vid4_frame_4524.jpg,val,1920,990,1920x990,HD-Ready,JPEG,Unknown,unknown,RGB
data/val/video_7.mp4_frame_00047.jpg,val,1920,930,1920x930,HD-Ready,JPEG,Unknown,unknown,RGB
data/val/IMG_ (109).jpg,val,1933,1080,1933x1080,HD,JPEG,Unknown,unknown,RGB
data/val/img69.jpg,val,1280,602,1280x602,SD,JPEG,Unknown,unknown,RGB
data/val/vid4_frame_3772.jpg,val,1920,990,1920x990,HD-Ready,JPEG,Unknown,unknown,RGB
data/val/vid10.mp4_frame_02344.jpg,val,1920,990,1920x990,HD-Ready,JPEG,Unknown,unknown,RGB
data/val/video_4.mp4_frame_00285.jpg,val,1920,932,1920x932,HD-Ready,JPEG,Unknown,unknown,RGB
data/val/img172.jpg,val,1920,918,1920x918,HD-Ready,JPEG,Unknown,unknown,RGB
data/val/vid4_frame_5050.jpg,val,1920,990,1920x990,HD-Ready,JPEG,Unknown,unknown,RGB
data/val/video_5.mp4_frame_00138.jpg,val,1920,945,1920x945,HD-Ready,JPEG,Unknown,unknown,RGB
data/val/vid7.mp4_frame_02918.jpg,val,1920,905,1920x905,HD-Ready,JPEG,Unknown,unknown,RGB
data/val/vid4_frame_1598.jpg,val,1920,990,1920x990,HD-Ready,JPEG,Unknown,unknown,RGB
data/val/vid4_frame_4777.jpg,val,1920,990,1920x990,HD-Ready,JPEG,Unknown,unknown,RGB
data/val/vid3_frame_0864.jpg,val,1920,990,1920x990,HD-Ready,JPEG,Unknown,unknown,RGB
data/val/vid10.mp4_frame_00600.jpg,val,1920,990,1920x990,HD-Ready,JPEG,Unknown,unknown,RGB
data/val/vid4_frame_4024.jpg,val,1920,990,1920x990,HD-Ready,JPEG,Unknown,unknown,RGB
data/val/video_3_Good_frame_00000 (105).jpg,val,1920,935,1920x935,HD-Ready,JPEG,Unknown,unknown,RGB
data/val/video_13_Good_frame_00000 (98).jpg,val,1920,940,1920x940,HD-Ready,JPEG,Unknown,unknown,RGB
data/val/video_3.mp4_frame_00252.jpg,val,1920,935,1920x935,HD-Ready,JPEG,Unknown,unknown,RGB
data/val/vid4_frame_3815.jpg,val,1920,990,1920x990,HD-Ready,JPEG,Unknown,unknown,RGB
data/val/video_13.mp4_frame_00202.jpg,val,1920,940,1920x940,HD-Ready,JPEG,Unknown,unknown,RGB
data/val/vid4_frame_1226.jpg,val,1920,990,1920x990,HD-Ready,JPEG,Unknown,unknown,RGB
data/val/video_7.mp4_frame_00301.jpg,val,1920,936,1920x936,HD-Ready,JPEG,Unknown,unknown,RGB
data/val/vid3_frame_0661.jpg,val,1920,990,1920x990,HD-Ready,JPEG,Unknown,unknown,RGB
data/val/video_2.mp4_frame_00042.jpg,val,1920,932,1920x932,HD-Ready,JPEG,Unknown,unknown,RGB
data/val/vid10.mp4_frame_02132.jpg,val,1920,1080,1920x1080,HD,JPEG,Unknown,unknown,RGB
data/val/video_8_good_frame_00000 (37).jpg,val,1920,1080,1920x1080,HD,JPEG,Unknown,unknown,RGB
data/val/vid3_frame_0804.jpg,val,1920,990,1920x990,HD-Ready,JPEG,Unknown,unknown,RGB
data/val/vid10.mp4_frame_02241.jpg,val,1920,990,1920x990,HD-Ready,JPEG,Unknown,unknown,RGB
data/val/vid4_frame_1758.jpg,val,1920,990,1920x990,HD-Ready,JPEG,Unknown,unknown,RGB
data/val/video_8.mp4_frame_00038.jpg,val,1920,1080,1920x1080,HD,JPEG,Unknown,unknown,RGB
data/val/vid4_frame_5082.jpg,val,1920,990,1920x990,HD-Ready,JPEG,Unknown,unknown,RGB
data/val/vid4_frame_3463.jpg,val,1920,990,1920x990,HD-Ready,JPEG,Unknown,unknown,RGB
data/val/video_7_good_frame_00000 (222).jpg,val,1920,930,1920x930,HD-Ready,JPEG,Unknown,unknown,RGB
data/val/vid6.mp4_frame_02621.jpg,val,1920,930,1920x930,HD-Ready,JPEG,Unknown,unknown,RGB
data/val/vid4_frame_5511.jpg,val,1920,990,1920x990,HD-Ready,JPEG,Unknown,unknown,RGB
data/val/video_7.mp4_frame_00266.jpg,val,1920,936,1920x936,HD-Ready,JPEG,Unknown,unknown,RGB
data/val/video_11.mp4_frame_00051.jpg,val,1920,900,1920x900,HD-Ready,JPEG,Unknown,unknown,RGB
data/val/video_9.mp4_frame_00557.jpg,val,1920,900,1920x900,HD-Ready,JPEG,Unknown,unknown,RGB
data/val/video_2.mp4_frame_00019.jpg,val,1920,932,1920x932,HD-Ready,JPEG,Unknown,unknown,RGB
data/val/video_2.mp4_frame_00136.jpg,val,1920,932,1920x932,HD-Ready,JPEG,Unknown,unknown,RGB
data/val/video_4.mp4_frame_00511.jpg,val,1920,932,1920x932,HD-Ready,JPEG,Unknown,unknown,RGB
data/val/video_1.mp4_frame_00048.jpg,val,1920,932,1920x932,HD-Ready,JPEG,Unknown,unknown,RGB
data/val/video_3.mp4_frame_00132.jpg,val,1920,935,1920x935,HD-Ready,JPEG,Unknown,unknown,RGB
data/val/vid4_frame_5081.jpg,val,1920,990,1920x990,HD-Ready,JPEG,Unknown,unknown,RGB
data/val/vid4_frame_2178.jpg,val,1920,990,1920x990,HD-Ready,JPEG,Unknown,unknown,RGB
data/val/video_4.mp4_frame_00290.jpg,val,1920,932,1920x932,HD-Ready,JPEG,Unknown,unknown,RGB
data/val/vid4_frame_1351.jpg,val,1920,990,1920x990,HD-Ready,JPEG,Unknown,unknown,RGB
data/val/vid4_frame_4702.jpg,val,1920,990,1920x990,HD-Ready,JPEG,Unknown,unknown,RGB
data/val/vid10.mp4_frame_00112.jpg,val,1920,990,1920x990,HD-Ready,JPEG,Unknown,unknown,RGB
data/val/img185.jpg,val,1924,894,1924x894,HD-Ready,JPEG,Unknown,unknown,RGB
data/val/video_11.mp4_frame_00193.jpg,val,1920,900,1920x900,HD-Ready,JPEG,Unknown,unknown,RGB
data/val/video_13.mp4_frame_00250.jpg,val,1920,940,1920x940,HD-Ready,JPEG,Unknown,unknown,RGB
data/val/video_4.mp4_frame_00110.jpg,val,1920,932,1920x932,HD-Ready,JPEG,Unknown,unknown,RGB
data/val/video_13.mp4_frame_00148.jpg,val,1920,940,1920x940,HD-Ready,JPEG,Unknown,unknown,RGB
data/val/vid4_frame_2079.jpg,val,1920,990,1920x990,HD-Ready,JPEG,Unknown,unknown,RGB
data/val/video_2.mp4_frame_00152 (2).jpg,val,1920,932,1920x932,HD-Ready,JPEG,Unknown,unknown,RGB
data/val/video_7.mp4_frame_00033.jpg,val,1920,930,1920x930,HD-Ready,JPEG,Unknown,unknown,RGB
data/val/video_5.mp4_frame_00151.jpg,val,1920,945,1920x945,HD-Ready,JPEG,Unknown,unknown,RGB
data/val/vid4_frame_2102.jpg,val,1920,990,1920x990,HD-Ready,JPEG,Unknown,unknown,RGB
data/val/video_7.mp4_frame_00654.jpg,val,1920,930,1920x930,HD-Ready,JPEG,Unknown,unknown,RGB
data/val/vid3_frame_0764.jpg,val,1920,990,1920x990,HD-Ready,JPEG,Unknown,unknown,RGB
data/val/video_13_Good_frame_00000 (68).jpg,val,1920,940,1920x940,HD-Ready,JPEG,Unknown,unknown,RGB
data/val/img157.jpg,val,1922,931,1922x931,HD-Ready,JPEG,Unknown,unknown,RGB
data/val/video_7.mp4_frame_00226.jpg,val,1920,936,1920x936,HD-Ready,JPEG,Unknown,unknown,RGB
data/val/vid4_frame_3813.jpg,val,1920,990,1920x990,HD-Ready,JPEG,Unknown,unknown,RGB
data/val/video_3_Good_frame_00000 (102).jpg,val,1920,935,1920x935,HD-Ready,JPEG,Unknown,unknown,RGB
data/val/vid4_frame_3875.jpg,val,1920,990,1920x990,HD-Ready,JPEG,Unknown,unknown,RGB
data/val/vid4_frame_5599.jpg,val,1920,990,1920x990,HD-Ready,JPEG,Unknown,unknown,RGB
data/val/vid4_frame_2819.jpg,val,1920,990,1920x990,HD-Ready,JPEG,Unknown,unknown,RGB
data/val/vid6.mp4_frame_02731.jpg,val,1920,930,1920x930,HD-Ready,JPEG,Unknown,unknown,RGB
data/val/vid4_frame_1135.jpg,val,1920,990,1920x990,HD-Ready,JPEG,Unknown,unknown,RGB
data/val/video_13.mp4_frame_00233.jpg,val,1920,940,1920x940,HD-Ready,JPEG,Unknown,unknown,RGB
data/val/video_8.mp4_frame_00021.jpg,val,1920,1080,1920x1080,HD,JPEG,Unknown,unknown,RGB
data/val/vid4_frame_5410.jpg,val,1920,990,1920x990,HD-Ready,JPEG,Unknown,unknown,RGB
data/val/video_4.mp4_frame_00441.jpg,val,1920,932,1920x932,HD-Ready,JPEG,Unknown,unknown,RGB
data/val/img237.jpg,val,1913,950,1913x950,HD-Ready,JPEG,Unknown,unknown,RGB
data/val/vid4_frame_5575.jpg,val,1920,990,1920x990,HD-Ready,JPEG,Unknown,unknown,RGB
data/val/video_4.mp4_frame_00257.jpg,val,1920,932,1920x932,HD-Ready,JPEG,Unknown,unknown,RGB
data/val/video_3_Good_frame_00000 (189).jpg,val,1920,935,1920x935,HD-Ready,JPEG,Unknown,unknown,RGB
data/val/video_2.mp4_frame_00276 (2).jpg,val,1920,932,1920x932,HD-Ready,JPEG,Unknown,unknown,RGB
data/val/video_4.mp4_frame_00418.jpg,val,1920,932,1920x932,HD-Ready,JPEG,Unknown,unknown,RGB
data/val/vid4_frame_2192.jpg,val,1920,990,1920x990,HD-Ready,JPEG,Unknown,unknown,RGB
data/val/video_11.mp4_frame_00228.jpg,val,1920,900,1920x900,HD-Ready,JPEG,Unknown,unknown,RGB
data/val/vid4_frame_3843.jpg,val,1920,990,1920x990,HD-Ready,JPEG,Unknown,unknown,RGB
data/val/IMG_ (86).jpg,val,1918,1080,1918x1080,HD-Ready,JPEG,Unknown,unknown,RGB
data/val/vid4_frame_2278.jpg,val,1920,990,1920x990,HD-Ready,JPEG,Unknown,unknown,RGB
data/val/vid4_frame_5356.jpg,val,1920,990,1920x990,HD-Ready,JPEG,Unknown,unknown,RGB
data/val/vid4_frame_3343.jpg,val,1920,990,1920x990,HD-Ready,JPEG,Unknown,unknown,RGB
data/val/video_3.mp4_frame_00277.jpg,val,1920,935,1920x935,HD-Ready,JPEG,Unknown,unknown,RGB
data/val/video_11.mp4_frame_00122.jpg,val,1920,900,1920x900,HD-Ready,JPEG,Unknown,unknown,RGB
data/val/video_4.mp4_frame_00224.jpg,val,1920,932,1920x932,HD-Ready,JPEG,Unknown,unknown,RGB
data/val/video_13.mp4_frame_00197.jpg,val,1920,940,1920x940,HD-Ready,JPEG,Unknown,unknown,RGB
data/val/video_4.mp4_frame_00306.jpg,val,1920,932,1920x932,HD-Ready,JPEG,Unknown,unknown,RGB
data/val/video_3_Good_frame_00000 (232).jpg,val,1920,935,1920x935,HD-Ready,JPEG,Unknown,unknown,RGB
data/val/vid4_frame_3438.jpg,val,1920,990,1920x990,HD-Ready,JPEG,Unknown,unknown,RGB
data/val/video_4.mp4_frame_00133.jpg,val,1920,932,1920x932,HD-Ready,JPEG,Unknown,unknown,RGB
data/val/video_13_Good_frame_00000 (87).jpg,val,1920,940,1920x940,HD-Ready,JPEG,Unknown,unknown,RGB
data/val/vid2_frame_0562.jpg,val,1920,1080,1920x1080,HD,JPEG,Unknown,unknown,RGB
data/val/video_11.mp4_frame_00121.jpg,val,1920,900,1920x900,HD-Ready,JPEG,Unknown,unknown,RGB
data/val/video_7.mp4_frame_00682.jpg,val,1920,930,1920x930,HD-Ready,JPEG,Unknown,unknown,RGB
data/val/video_11_good_frame_00034 (46).jpg,val,1920,900,1920x900,HD-Ready,JPEG,Unknown,unknown,RGB
data/val/video_9.mp4_frame_00562.jpg,val,1920,900,1920x900,HD-Ready,JPEG,Unknown,unknown,RGB
data/val/vid7.mp4_frame_02946.jpg,val,1920,905,1920x905,HD-Ready,JPEG,Unknown,unknown,RGB
data/val/video_11.mp4_frame_00094.jpg,val,1920,900,1920x900,HD-Ready,JPEG,Unknown,unknown,RGB
data/val/vid10.mp4_frame_01161.jpg,val,1920,990,1920x990,HD-Ready,JPEG,Unknown,unknown,RGB
data/val/video_13.mp4_frame_00246.jpg,val,1920,940,1920x940,HD-Ready,JPEG,Unknown,unknown,RGB
data/val/video_4.mp4_frame_00321.jpg,val,1920,932,1920x932,HD-Ready,JPEG,Unknown,unknown,RGB
data/val/img167.jpg,val,2340,1004,2340x1004,HD,JPEG,Unknown,unknown,RGB
data/val/vid4_frame_5602.jpg,val,1920,990,1920x990,HD-Ready,JPEG,Unknown,unknown,RGB
data/val/video_4.mp4_frame_00117.jpg,val,1920,932,1920x932,HD-Ready,JPEG,Unknown,unknown,RGB
data/val/video_7.mp4_frame_00088.jpg,val,1920,930,1920x930,HD-Ready,JPEG,Unknown,unknown,RGB
data/val/IMG_ (20).jpg,val,1912,936,1912x936,HD-Ready,JPEG,Unknown,unknown,RGB
data/val/video_1.mp4_frame_00065.jpg,val,1920,932,1920x932,HD-Ready,JPEG,Unknown,unknown,RGB
data/val/video_4.mp4_frame_00181.jpg,val,1920,932,1920x932,HD-Ready,JPEG,Unknown,unknown,RGB
data/val/video_8_good_frame_00000 (136).jpg,val,1920,1080,1920x1080,HD,JPEG,Unknown,unknown,RGB
data/val/video_2.mp4_frame_00026.jpg,val,1920,932,1920x932,HD-Ready,JPEG,Unknown,unknown,RGB
data/val/vid6.mp4_frame_02501.jpg,val,1920,930,1920x930,HD-Ready,JPEG,Unknown,unknown,RGB
data/val/img39.jpg,val,800,405,800x405,Low,JPEG,Unknown,unknown,RGB
data/val/video_2.mp4_frame_00231.jpg,val,1920,932,1920x932,HD-Ready,JPEG,Unknown,unknown,RGB
data/val/video_9.mp4_frame_00631.jpg,val,1920,900,1920x900,HD-Ready,JPEG,Unknown,unknown,RGB
data/val/video_3_Good_frame_00000 (124).jpg,val,1920,935,1920x935,HD-Ready,JPEG,Unknown,unknown,RGB
data/val/vid4_frame_5047.jpg,val,1920,990,1920x990,HD-Ready,JPEG,Unknown,unknown,RGB
data/val/vid10.mp4_frame_00655.jpg,val,1920,990,1920x990,HD-Ready,JPEG,Unknown,unknown,RGB
data/val/vid4_frame_2123.jpg,val,1920,990,1920x990,HD-Ready,JPEG,Unknown,unknown,RGB
data/val/video_3_Good_frame_00000 (73).jpg,val,1920,935,1920x935,HD-Ready,JPEG,Unknown,unknown,RGB
data/val/video_3.mp4_frame_00274.jpg,val,1920,935,1920x935,HD-Ready,JPEG,Unknown,unknown,RGB
data/val/IMG_ (47).jpg,val,1930,1080,1930x1080,HD,JPEG,Unknown,unknown,RGB
data/val/vid3_frame_0927.jpg,val,1920,990,1920x990,HD-Ready,JPEG,Unknown,unknown,RGB
data/val/video_1.mp4_frame_00251.jpg,val,1920,932,1920x932,HD-Ready,JPEG,Unknown,unknown,RGB
data/val/video_1.mp4_frame_00113.jpg,val,1920,932,1920x932,HD-Ready,JPEG,Unknown,unknown,RGB
data/val/video_7.mp4_frame_00547.jpg,val,1920,930,1920x930,HD-Ready,JPEG,Unknown,unknown,RGB
data/val/vid4_frame_5132.jpg,val,1920,990,1920x990,HD-Ready,JPEG,Unknown,unknown,RGB
data/val/img222.jpg,val,1909,970,1909x970,HD-Ready,JPEG,Unknown,unknown,RGB
data/val/video_3.mp4_frame_00094.jpg,val,1920,935,1920x935,HD-Ready,JPEG,Unknown,unknown,RGB
data/val/video_5.mp4_frame_00124.jpg,val,1920,945,1920x945,HD-Ready,JPEG,Unknown,unknown,RGB
data/val/vid4_frame_5121.jpg,val,1920,990,1920x990,HD-Ready,JPEG,Unknown,unknown,RGB
data/val/vid1_frame_0324.jpg,val,3840,1879,3840x1879,HD,JPEG,Unknown,unknown,RGB
data/val/video_8.mp4_frame_00010.jpg,val,1920,1080,1920x1080,HD,JPEG,Unknown,unknown,RGB
data/val/video_3_Good_frame_00000 (17).jpg,val,1920,935,1920x935,HD-Ready,JPEG,Unknown,unknown,RGB
data/val/video_3_Good_frame_00000 (164).jpg,val,1920,935,1920x935,HD-Ready,JPEG,Unknown,unknown,RGB
data/val/vid2_frame_0398.jpg,val,1920,1080,1920x1080,HD,JPEG,Unknown,unknown,RGB
data/val/video_1.mp4_frame_00044.jpg,val,1920,932,1920x932,HD-Ready,JPEG,Unknown,unknown,RGB
data/val/vid4_frame_2742.jpg,val,1920,990,1920x990,HD-Ready,JPEG,Unknown,unknown,RGB
data/val/video_7.mp4_frame_00133.jpg,val,1920,930,1920x930,HD-Ready,JPEG,Unknown,unknown,RGB
data/val/vid4_frame_1254.jpg,val,1920,990,1920x990,HD-Ready,JPEG,Unknown,unknown,RGB
data/val/video_2.mp4_frame_00211.jpg,val,1920,932,1920x932,HD-Ready,JPEG,Unknown,unknown,RGB
data/val/vid10.mp4_frame_01593.jpg,val,1920,990,1920x990,HD-Ready,JPEG,Unknown,unknown,RGB
data/val/video_4.mp4_frame_00217.jpg,val,1920,932,1920x932,HD-Ready,JPEG,Unknown,unknown,RGB
data/val/video_13.mp4_frame_00133.jpg,val,1920,940,1920x940,HD-Ready,JPEG,Unknown,unknown,RGB
data/val/vid10.mp4_frame_02334.jpg,val,1920,990,1920x990,HD-Ready,JPEG,Unknown,unknown,RGB
data/val/video_7.mp4_frame_00131.jpg,val,1920,930,1920x930,HD-Ready,JPEG,Unknown,unknown,RGB
data/val/vid1_frame_0182.jpg,val,3840,1879,3840x1879,HD,JPEG,Unknown,unknown,RGB
data/val/video_7.mp4_frame_00105.jpg,val,1920,930,1920x930,HD-Ready,JPEG,Unknown,unknown,RGB
data/val/img198.jpg,val,1913,900,1913x900,HD-Ready,JPEG,Unknown,unknown,RGB
data/val/vid3_frame_0962.jpg,val,1920,990,1920x990,HD-Ready,JPEG,Unknown,unknown,RGB
data/val/video_4.mp4_frame_00380.jpg,val,1920,932,1920x932,HD-Ready,JPEG,Unknown,unknown,RGB
data/val/img250.jpg,val,1433,927,1433x927,HD-Ready,JPEG,Unknown,unknown,RGB
data/val/img35.jpg,val,1280,647,1280x647,SD,JPEG,Unknown,unknown,RGB
data/val/video_4.mp4_frame_00140.jpg,val,1920,932,1920x932,HD-Ready,JPEG,Unknown,unknown,RGB
data/val/video_7.mp4_frame_00073.jpg,val,1920,930,1920x930,HD-Ready,JPEG,Unknown,unknown,RGB
data/val/video_4.mp4_frame_00131.jpg,val,1920,932,1920x932,HD-Ready,JPEG,Unknown,unknown,RGB
data/val/vid4_frame_1436.jpg,val,1920,990,1920x990,HD-Ready,JPEG,Unknown,unknown,RGB
data/val/vid6.mp4_frame_02591.jpg,val,1920,930,1920x930,HD-Ready,JPEG,Unknown,unknown,RGB
data/val/IMG_ (10).jpg,val,1902,908,1902x908,HD-Ready,JPEG,Unknown,unknown,RGB
data/val/video_7.mp4_frame_00675.jpg,val,1920,930,1920x930,HD-Ready,JPEG,Unknown,unknown,RGB
data/val/video_7.mp4_frame_00667.jpg,val,1920,930,1920x930,HD-Ready,JPEG,Unknown,unknown,RGB
data/val/video_13.mp4_frame_00118.jpg,val,1920,940,1920x940,HD-Ready,JPEG,Unknown,unknown,RGB
data/val/video_7.mp4_frame_00145.jpg,val,1920,930,1920x930,HD-Ready,JPEG,Unknown,unknown,RGB
data/val/vid4_frame_2559.jpg,val,1920,990,1920x990,HD-Ready,JPEG,Unknown,unknown,RGB
data/val/video_1.mp4_frame_00475.jpg,val,1920,932,1920x932,HD-Ready,JPEG,Unknown,unknown,RGB
data/val/video_9.mp4_frame_00646.jpg,val,1920,900,1920x900,HD-Ready,JPEG,Unknown,unknown,RGB
data/val/video_5.mp4_frame_00086.jpg,val,1920,945,1920x945,HD-Ready,JPEG,Unknown,unknown,RGB
data/val/vid4_frame_5580.jpg,val,1920,990,1920x990,HD-Ready,JPEG,Unknown,unknown,RGB
data/val/vid4_frame_5457.jpg,val,1920,990,1920x990,HD-Ready,JPEG,Unknown,unknown,RGB
data/val/video_11.mp4_frame_00248.jpg,val,1920,900,1920x900,HD-Ready,JPEG,Unknown,unknown,RGB
data/val/vid4_frame_1115.jpg,val,1920,990,1920x990,HD-Ready,JPEG,Unknown,unknown,RGB
data/val/vid4_frame_5464.jpg,val,1920,990,1920x990,HD-Ready,JPEG,Unknown,unknown,RGB
data/val/video_4_good_frame_00000 (59).jpg,val,1920,932,1920x932,HD-Ready,JPEG,Unknown,unknown,RGB
data/val/vid4_frame_2872.jpg,val,1920,990,1920x990,HD-Ready,JPEG,Unknown,unknown,RGB
data/val/video_4.mp4_frame_00426.jpg,val,1920,932,1920x932,HD-Ready,JPEG,Unknown,unknown,RGB
data/val/vid3_frame_0628.jpg,val,1920,1080,1920x1080,HD,JPEG,Unknown,unknown,RGB
data/val/video_11_good_frame_00034 (67).jpg,val,1920,900,1920x900,HD-Ready,JPEG,Unknown,unknown,RGB
data/val/vid15.mp4_frame_00703.jpg,val,1920,908,1920x908,HD-Ready,JPEG,Unknown,unknown,RGB
data/val/video_11.mp4_frame_00065.jpg,val,1920,900,1920x900,HD-Ready,JPEG,Unknown,unknown,RGB
data/val/video_4.mp4_frame_00088.jpg,val,1920,932,1920x932,HD-Ready,JPEG,Unknown,unknown,RGB
data/val/IMG_ (76).jpg,val,1950,1080,1950x1080,HD,JPEG,Unknown,unknown,RGB
data/val/img231.jpg,val,1916,947,1916x947,HD-Ready,JPEG,Unknown,unknown,RGB
data/val/video_4.mp4_frame_00187.jpg,val,1920,932,1920x932,HD-Ready,JPEG,Unknown,unknown,RGB
data/val/video_2.mp4_frame_00214.jpg,val,1920,932,1920x932,HD-Ready,JPEG,Unknown,unknown,RGB
data/val/video_3.mp4_frame_00273.jpg,val,1920,935,1920x935,HD-Ready,JPEG,Unknown,unknown,RGB
data/val/video_1.mp4_frame_00238.jpg,val,1920,932,1920x932,HD-Ready,JPEG,Unknown,unknown,RGB
data/val/img230.jpg,val,1911,1080,1911x1080,HD-Ready,JPEG,Unknown,unknown,RGB
data/val/video_8_good_frame_00000 (71).jpg,val,1920,1080,1920x1080,HD,JPEG,Unknown,unknown,RGB
data/val/video_3_Good_frame_00000 (54).jpg,val,1920,935,1920x935,HD-Ready,JPEG,Unknown,unknown,RGB
data/val/video_5.mp4_frame_00182.jpg,val,1920,945,1920x945,HD-Ready,JPEG,Unknown,unknown,RGB
data/val/video_13.mp4_frame_00090.jpg,val,1920,940,1920x940,HD-Ready,JPEG,Unknown,unknown,RGB
data/val/video_7.mp4_frame_00560.jpg,val,1920,930,1920x930,HD-Ready,JPEG,Unknown,unknown,RGB
data/val/video_1.mp4_frame_00331.jpg,val,1920,932,1920x932,HD-Ready,JPEG,Unknown,unknown,RGB
data/val/video_4.mp4_frame_00261.jpg,val,1920,932,1920x932,HD-Ready,JPEG,Unknown,unknown,RGB
data/val/video_4.mp4_frame_00214.jpg,val,1920,932,1920x932,HD-Ready,JPEG,Unknown,unknown,RGB
data/val/vid4_frame_5572.jpg,val,1920,990,1920x990,HD-Ready,JPEG,Unknown,unknown,RGB
data/val/video_1.mp4_frame_00208.jpg,val,1920,932,1920x932,HD-Ready,JPEG,Unknown,unknown,RGB
data/val/img238.jpg,val,1919,952,1919x952,HD-Ready,JPEG,Unknown,unknown,RGB
data/val/video_7.mp4_frame_00247.jpg,val,1920,936,1920x936,HD-Ready,JPEG,Unknown,unknown,RGB
data/val/video_11.mp4_frame_00123.jpg,val,1920,900,1920x900,HD-Ready,JPEG,Unknown,unknown,RGB
data/val/vid4_frame_3674.jpg,val,1920,990,1920x990,HD-Ready,JPEG,Unknown,unknown,RGB
data/val/video_8_good_frame_00000 (131).jpg,val,1920,1080,1920x1080,HD,JPEG,Unknown,unknown,RGB
data/val/video_13.mp4_frame_00235.jpg,val,1920,940,1920x940,HD-Ready,JPEG,Unknown,unknown,RGB
data/val/vid4_frame_1343.jpg,val,1920,990,1920x990,HD-Ready,JPEG,Unknown,unknown,RGB
data/val/video_3_Good_frame_00000 (149).jpg,val,1920,935,1920x935,HD-Ready,JPEG,Unknown,unknown,RGB
data/val/video_2.mp4_frame_00093.jpg,val,1920,932,1920x932,HD-Ready,JPEG,Unknown,unknown,RGB
data/val/video_2.mp4_frame_00053.jpg,val,1920,932,1920x932,HD-Ready,JPEG,Unknown,unknown,RGB
data/val/video_1.mp4_frame_00448.jpg,val,1920,932,1920x932,HD-Ready,JPEG,Unknown,unknown,RGB
data/val/video_1.mp4_frame_00216.jpg,val,1920,932,1920x932,HD-Ready,JPEG,Unknown,unknown,RGB
data/val/vid4_frame_4907.jpg,val,1920,990,1920x990,HD-Ready,JPEG,Unknown,unknown,RGB
data/val/vid6.mp4_frame_02613.jpg,val,1920,930,1920x930,HD-Ready,JPEG,Unknown,unknown,RGB
data/val/img136.jpg,val,1874,924,1874x924,HD-Ready,JPEG,Unknown,unknown,RGB
data/val/video_13.mp4_frame_00151.jpg,val,1920,940,1920x940,HD-Ready,JPEG,Unknown,unknown,RGB
data/val/video_1.mp4_frame_00144.jpg,val,1920,932,1920x932,HD-Ready,JPEG,Unknown,unknown,RGB
data/val/video_3.mp4_frame_00063.jpg,val,1920,935,1920x935,HD-Ready,JPEG,Unknown,unknown,RGB
data/val/img195.jpg,val,2107,993,2107x993,HD,JPEG,Unknown,unknown,RGB
data/val/video_7.mp4_frame_00187.jpg,val,1920,930,1920x930,HD-Ready,JPEG,Unknown,unknown,RGB
data/val/video_1.mp4_frame_00214.jpg,val,1920,932,1920x932,HD-Ready,JPEG,Unknown,unknown,RGB
data/val/video_1.mp4_frame_00458.jpg,val,1920,932,1920x932,HD-Ready,JPEG,Unknown,unknown,RGB
data/val/vid3_frame_1054.jpg,val,1920,1080,1920x1080,HD,JPEG,Unknown,unknown,RGB
data/val/IMG_ (138).jpg,val,4095,2298,4095x2298,HD,JPEG,Unknown,unknown,RGB
data/val/video_1.mp4_frame_00405.jpg,val,1920,932,1920x932,HD-Ready,JPEG,Unknown,unknown,RGB
data/val/video_13.mp4_frame_00078.jpg,val,1920,940,1920x940,HD-Ready,JPEG,Unknown,unknown,RGB
data/val/video_2.mp4_frame_00075.jpg,val,1920,932,1920x932,HD-Ready,JPEG,Unknown,unknown,RGB
data/val/vid4_frame_5525.jpg,val,1920,990,1920x990,HD-Ready,JPEG,Unknown,unknown,RGB
data/val/video_1.mp4_frame_00355.jpg,val,1920,932,1920x932,HD-Ready,JPEG,Unknown,unknown,RGB
data/val/video_1.mp4_frame_00401.jpg,val,1920,932,1920x932,HD-Ready,JPEG,Unknown,unknown,RGB
data/val/IMG_ (145).jpg,val,1928,932,1928x932,HD-Ready,JPEG,Unknown,unknown,RGB
data/val/vid4_frame_1150.jpg,val,1920,990,1920x990,HD-Ready,JPEG,Unknown,unknown,RGB
data/val/vid1_frame_0183.jpg,val,3840,1879,3840x1879,HD,JPEG,Unknown,unknown,RGB
data/val/video_1.mp4_frame_00160.jpg,val,1920,932,1920x932,HD-Ready,JPEG,Unknown,unknown,RGB
data/val/vid4_frame_1774.jpg,val,1920,990,1920x990,HD-Ready,JPEG,Unknown,unknown,RGB
data/val/vid1_frame_0158.jpg,val,3840,1879,3840x1879,HD,JPEG,Unknown,unknown,RGB
data/val/video_8_good_frame_00000 (130).jpg,val,1920,1080,1920x1080,HD,JPEG,Unknown,unknown,RGB
data/val/IMG_ (64).jpg,val,1921,1080,1921x1080,HD,JPEG,Unknown,unknown,RGB
data/val/video_2.mp4_frame_00062.jpg,val,1920,932,1920x932,HD-Ready,JPEG,Unknown,unknown,RGB
data/val/vid4_frame_5305.jpg,val,1920,990,1920x990,HD-Ready,JPEG,Unknown,unknown,RGB
data/val/vid4_frame_5571.jpg,val,1920,990,1920x990,HD-Ready,JPEG,Unknown,unknown,RGB
data/val/vid4_frame_3497.jpg,val,1920,990,1920x990,HD-Ready,JPEG,Unknown,unknown,RGB
data/val/vid4_frame_1880.jpg,val,1920,990,1920x990,HD-Ready,JPEG,Unknown,unknown,RGB
data/val/vid4_frame_4113.jpg,val,1920,990,1920x990,HD-Ready,JPEG,Unknown,unknown,RGB
data/val/IMG_ (52).jpg,val,1926,1080,1926x1080,HD,JPEG,Unknown,unknown,RGB
data/val/video_11.mp4_frame_00142.jpg,val,1920,900,1920x900,HD-Ready,JPEG,Unknown,unknown,RGB
data/val/vid4_frame_3773.jpg,val,1920,990,1920x990,HD-Ready,JPEG,Unknown,unknown,RGB
data/val/vid4_frame_2051.jpg,val,1920,990,1920x990,HD-Ready,JPEG,Unknown,unknown,RGB
data/val/video_3_Good_frame_00000 (71).jpg,val,1920,935,1920x935,HD-Ready,JPEG,Unknown,unknown,RGB
data/val/video_13.mp4_frame_00203.jpg,val,1920,940,1920x940,HD-Ready,JPEG,Unknown,unknown,RGB
data/val/video_13_Good_frame_00000 (85).jpg,val,1920,940,1920x940,HD-Ready,JPEG,Unknown,unknown,RGB
data/val/vid4_frame_3825.jpg,val,1920,990,1920x990,HD-Ready,JPEG,Unknown,unknown,RGB
data/val/video_4.mp4_frame_00067.jpg,val,1920,932,1920x932,HD-Ready,JPEG,Unknown,unknown,RGB
data/val/vid4_frame_2359.jpg,val,1920,990,1920x990,HD-Ready,JPEG,Unknown,unknown,RGB
data/val/vid4_frame_2836.jpg,val,1920,990,1920x990,HD-Ready,JPEG,Unknown,unknown,RGB
data/val/video_11.mp4_frame_00217.jpg,val,1920,900,1920x900,HD-Ready,JPEG,Unknown,unknown,RGB
data/val/video_13.mp4_frame_00138.jpg,val,1920,940,1920x940,HD-Ready,JPEG,Unknown,unknown,RGB
data/val/vid1_frame_0247.jpg,val,3840,1879,3840x1879,HD,JPEG,Unknown,unknown,RGB
data/val/video_11.mp4_frame_00185.jpg,val,1920,900,1920x900,HD-Ready,JPEG,Unknown,unknown,RGB
data/val/video_4_good_frame_00000 (31).jpg,val,1920,932,1920x932,HD-Ready,JPEG,Unknown,unknown,RGB
data/val/video_11.mp4_frame_00056.jpg,val,1920,900,1920x900,HD-Ready,JPEG,Unknown,unknown,RGB
data/val/video_13_Good_frame_00000 (107).jpg,val,1920,940,1920x940,HD-Ready,JPEG,Unknown,unknown,RGB
data/val/video_3_Good_frame_00000 (204).jpg,val,1920,935,1920x935,HD-Ready,JPEG,Unknown,unknown,RGB
data/val/video_11.mp4_frame_00160.jpg,val,1920,900,1920x900,HD-Ready,JPEG,Unknown,unknown,RGB
data/val/vid4_frame_5259.jpg,val,1920,990,1920x990,HD-Ready,JPEG,Unknown,unknown,RGB
data/val/video_3.mp4_frame_00304.jpg,val,1920,935,1920x935,HD-Ready,JPEG,Unknown,unknown,RGB
data/val/video_2.mp4_frame_00178.jpg,val,1920,932,1920x932,HD-Ready,JPEG,Unknown,unknown,RGB
data/val/video_7.mp4_frame_00174.jpg,val,1920,930,1920x930,HD-Ready,JPEG,Unknown,unknown,RGB
data/val/video_4.mp4_frame_00206.jpg,val,1920,932,1920x932,HD-Ready,JPEG,Unknown,unknown,RGB
data/val/video_13.mp4_frame_00033.jpg,val,1920,940,1920x940,HD-Ready,JPEG,Unknown,unknown,RGB
data/val/vid14.mp4_frame_00572.jpg,val,1920,990,1920x990,HD-Ready,JPEG,Unknown,unknown,RGB
data/val/video_11.mp4_frame_00261.jpg,val,1920,900,1920x900,HD-Ready,JPEG,Unknown,unknown,RGB
data/val/vid10.mp4_frame_02266.jpg,val,1920,990,1920x990,HD-Ready,JPEG,Unknown,unknown,RGB
data/val/vid4_frame_2434.jpg,val,1920,990,1920x990,HD-Ready,JPEG,Unknown,unknown,RGB
data/val/video_2.mp4_frame_00172.jpg,val,1920,932,1920x932,HD-Ready,JPEG,Unknown,unknown,RGB
data/val/video_7.mp4_frame_00189.jpg,val,1920,930,1920x930,HD-Ready,JPEG,Unknown,unknown,RGB
data/val/video_13.mp4_frame_00032.jpg,val,1920,940,1920x940,HD-Ready,JPEG,Unknown,unknown,RGB
data/val/video_13_Good_frame_00000 (72).jpg,val,1920,940,1920x940,HD-Ready,JPEG,Unknown,unknown,RGB
data/val/video_4.mp4_frame_00357.jpg,val,1920,932,1920x932,HD-Ready,JPEG,Unknown,unknown,RGB
data/val/vid2_frame_0558.jpg,val,1920,1080,1920x1080,HD,JPEG,Unknown,unknown,RGB
data/val/vid4_frame_1305.jpg,val,1920,990,1920x990,HD-Ready,JPEG,Unknown,unknown,RGB
data/val/video_11.mp4_frame_00050.jpg,val,1920,900,1920x900,HD-Ready,JPEG,Unknown,unknown,RGB
data/val/vid10.mp4_frame_01179.jpg,val,1920,990,1920x990,HD-Ready,JPEG,Unknown,unknown,RGB
data/val/img131.jpg,val,1902,920,1902x920,HD-Ready,JPEG,Unknown,unknown,RGB
data/val/video_4.mp4_frame_00305.jpg,val,1920,932,1920x932,HD-Ready,JPEG,Unknown,unknown,RGB
data/val/video_4.mp4_frame_00158.jpg,val,1920,932,1920x932,HD-Ready,JPEG,Unknown,unknown,RGB
data/val/vid1_frame_0097.jpg,val,3840,1879,3840x1879,HD,JPEG,Unknown,unknown,RGB
data/val/vid4_frame_2193.jpg,val,1920,990,1920x990,HD-Ready,JPEG,Unknown,unknown,RGB
data/val/video_1.mp4_frame_00284.jpg,val,1920,932,1920x932,HD-Ready,JPEG,Unknown,unknown,RGB
data/val/video_13.mp4_frame_00277.jpg,val,1920,940,1920x940,HD-Ready,JPEG,Unknown,unknown,RGB
data/val/video_1.mp4_frame_00166.jpg,val,1920,932,1920x932,HD-Ready,JPEG,Unknown,unknown,RGB
data/val/video_4.mp4_frame_00364.jpg,val,1920,932,1920x932,HD-Ready,JPEG,Unknown,unknown,RGB
data/val/vid3_frame_0865.jpg,val,1920,990,1920x990,HD-Ready,JPEG,Unknown,unknown,RGB
data/val/video_3.mp4_frame_00055.jpg,val,1920,935,1920x935,HD-Ready,JPEG,Unknown,unknown,RGB
data/val/video_3_Good_frame_00000 (90).jpg,val,1920,935,1920x935,HD-Ready,JPEG,Unknown,unknown,RGB
data/val/video_1.mp4_frame_00399.jpg,val,1920,932,1920x932,HD-Ready,JPEG,Unknown,unknown,RGB
data/val/video_11.mp4_frame_00256.jpg,val,1920,900,1920x900,HD-Ready,JPEG,Unknown,unknown,RGB
data/val/IMG_ (35).jpg,val,1917,1080,1917x1080,HD-Ready,JPEG,Unknown,unknown,RGB
data/val/video_3_Good_frame_00000 (196).jpg,val,1920,935,1920x935,HD-Ready,JPEG,Unknown,unknown,RGB
data/val/video_7.mp4_frame_00562.jpg,val,1920,930,1920x930,HD-Ready,JPEG,Unknown,unknown,RGB
data/val/video_8_good_frame_00000 (69).jpg,val,1920,1080,1920x1080,HD,JPEG,Unknown,unknown,RGB
data/val/img71.jpg,val,1280,599,1280x599,SD,JPEG,Unknown,unknown,RGB
data/val/img218.jpg,val,1920,975,1920x975,HD-Ready,JPEG,Unknown,unknown,RGB
data/val/vid1_frame_0088.jpg,val,3840,1879,3840x1879,HD,JPEG,Unknown,unknown,RGB
data/val/vid3_frame_0959.jpg,val,1920,990,1920x990,HD-Ready,JPEG,Unknown,unknown,RGB
data/val/video_7.mp4_frame_00412.jpg,val,1920,930,1920x930,HD-Ready,JPEG,Unknown,unknown,RGB
data/val/vid4_frame_5110.jpg,val,1920,990,1920x990,HD-Ready,JPEG,Unknown,unknown,RGB
data/val/video_4.mp4_frame_00232.jpg,val,1920,932,1920x932,HD-Ready,JPEG,Unknown,unknown,RGB
data/val/vid4_frame_1906.jpg,val,1920,990,1920x990,HD-Ready,JPEG,Unknown,unknown,RGB
data/val/video_7.mp4_frame_00255.jpg,val,1920,936,1920x936,HD-Ready,JPEG,Unknown,unknown,RGB
data/val/vid4_frame_5566.jpg,val,1920,990,1920x990,HD-Ready,JPEG,Unknown,unknown,RGB
data/val/video_9.mp4_frame_00470.jpg,val,1920,900,1920x900,HD-Ready,JPEG,Unknown,unknown,RGB
data/val/video_4.mp4_frame_00030.jpg,val,1920,932,1920x932,HD-Ready,JPEG,Unknown,unknown,RGB
data/val/video_4.mp4_frame_00191.jpg,val,1920,932,1920x932,HD-Ready,JPEG,Unknown,unknown,RGB
data/val/video_13_Good_frame_00000 (54).jpg,val,1920,940,1920x940,HD-Ready,JPEG,Unknown,unknown,RGB
data/val/vid4_frame_4034.jpg,val,1920,990,1920x990,HD-Ready,JPEG,Unknown,unknown,RGB
data/val/IMG_ (8).jpg,val,1919,924,1919x924,HD-Ready,JPEG,Unknown,unknown,RGB
data/val/video_4.mp4_frame_00170.jpg,val,1920,932,1920x932,HD-Ready,JPEG,Unknown,unknown,RGB
data/val/vid2_frame_0412.jpg,val,1920,1080,1920x1080,HD,JPEG,Unknown,unknown,RGB
data/val/video_13.mp4_frame_00132.jpg,val,1920,940,1920x940,HD-Ready,JPEG,Unknown,unknown,RGB
data/val/video_13_Good_frame_00000 (28).jpg,val,1920,940,1920x940,HD-Ready,JPEG,Unknown,unknown,RGB
data/val/video_7.mp4_frame_00244.jpg,val,1920,936,1920x936,HD-Ready,JPEG,Unknown,unknown,RGB
data/val/video_4.mp4_frame_00246.jpg,val,1920,932,1920x932,HD-Ready,JPEG,Unknown,unknown,RGB
data/val/video_11.mp4_frame_00159.jpg,val,1920,900,1920x900,HD-Ready,JPEG,Unknown,unknown,RGB
data/val/video_7.mp4_frame_00116.jpg,val,1920,930,1920x930,HD-Ready,JPEG,Unknown,unknown,RGB
data/val/video_13.mp4_frame_00037.jpg,val,1920,940,1920x940,HD-Ready,JPEG,Unknown,unknown,RGB
data/val/vid4_frame_5355.jpg,val,1920,990,1920x990,HD-Ready,JPEG,Unknown,unknown,RGB
data/val/video_4.mp4_frame_00152.jpg,val,1920,932,1920x932,HD-Ready,JPEG,Unknown,unknown,RGB
data/val/video_7.mp4_frame_00557.jpg,val,1920,930,1920x930,HD-Ready,JPEG,Unknown,unknown,RGB
data/val/video_3.mp4_frame_00114.jpg,val,1920,935,1920x935,HD-Ready,JPEG,Unknown,unknown,RGB
data/val/video_7.mp4_frame_00207.jpg,val,1920,936,1920x936,HD-Ready,JPEG,Unknown,unknown,RGB
data/val/video_5.mp4_frame_00168.jpg,val,1920,945,1920x945,HD-Ready,JPEG,Unknown,unknown,RGB
data/val/vid4_frame_4169.jpg,val,1920,990,1920x990,HD-Ready,JPEG,Unknown,unknown,RGB
data/val/vid4_frame_5056.jpg,val,1920,990,1920x990,HD-Ready,JPEG,Unknown,unknown,RGB
data/val/img10.jpg,val,1600,1200,1600x1200,HD-Ready,JPEG,Unknown,unknown,RGB
data/val/video_2.mp4_frame_00103.jpg,val,1920,932,1920x932,HD-Ready,JPEG,Unknown,unknown,RGB
data/val/video_1.mp4_frame_00347.jpg,val,1920,932,1920x932,HD-Ready,JPEG,Unknown,unknown,RGB
data/val/vid4_frame_5043.jpg,val,1920,990,1920x990,HD-Ready,JPEG,Unknown,unknown,RGB
data/val/video_2.mp4_frame_00273.jpg,val,1920,932,1920x932,HD-Ready,JPEG,Unknown,unknown,RGB
data/val/video_3_Good_frame_00000 (23).jpg,val,1920,935,1920x935,HD-Ready,JPEG,Unknown,unknown,RGB
data/val/vid2_frame_0495.jpg,val,1920,1080,1920x1080,HD,JPEG,Unknown,unknown,RGB
data/val/video_4.mp4_frame_00254.jpg,val,1920,932,1920x932,HD-Ready,JPEG,Unknown,unknown,RGB
data/val/video_7.mp4_frame_00342.jpg,val,1920,936,1920x936,HD-Ready,JPEG,Unknown,unknown,RGB
data/val/video_4.mp4_frame_00195.jpg,val,1920,932,1920x932,HD-Ready,JPEG,Unknown,unknown,RGB
data/val/video_1.mp4_frame_00466.jpg,val,1920,932,1920x932,HD-Ready,JPEG,Unknown,unknown,RGB
data/val/vid3_frame_0767.jpg,val,1920,990,1920x990,HD-Ready,JPEG,Unknown,unknown,RGB
data/val/vid10.mp4_frame_02365.jpg,val,1920,990,1920x990,HD-Ready,JPEG,Unknown,unknown,RGB
data/val/video_2.mp4_frame_00149.jpg,val,1920,932,1920x932,HD-Ready,JPEG,Unknown,unknown,RGB
data/val/vid4_frame_4772.jpg,val,1920,990,1920x990,HD-Ready,JPEG,Unknown,unknown,RGB
data/val/video_4.mp4_frame_00368.jpg,val,1920,932,1920x932,HD-Ready,JPEG,Unknown,unknown,RGB
data/val/video_1.mp4_frame_00321.jpg,val,1920,932,1920x932,HD-Ready,JPEG,Unknown,unknown,RGB
data/val/vid4_frame_5437.jpg,val,1920,990,1920x990,HD-Ready,JPEG,Unknown,unknown,RGB
data/val/video_1.mp4_frame_00360.jpg,val,1920,932,1920x932,HD-Ready,JPEG,Unknown,unknown,RGB
data/val/video_5.mp4_frame_00164.jpg,val,1920,945,1920x945,HD-Ready,JPEG,Unknown,unknown,RGB
data/val/vid4_frame_5105.jpg,val,1920,990,1920x990,HD-Ready,JPEG,Unknown,unknown,RGB
data/val/video_13_Good_frame_00000 (122).jpg,val,1920,940,1920x940,HD-Ready,JPEG,Unknown,unknown,RGB
data/val/vid4_frame_5024.jpg,val,1920,990,1920x990,HD-Ready,JPEG,Unknown,unknown,RGB
data/val/video_4_good_frame_00000 (41).jpg,val,1920,932,1920x932,HD-Ready,JPEG,Unknown,unknown,RGB
data/val/vid10.mp4_frame_02316.jpg,val,1920,990,1920x990,HD-Ready,JPEG,Unknown,unknown,RGB
data/val/video_7.mp4_frame_00055.jpg,val,1920,930,1920x930,HD-Ready,JPEG,Unknown,unknown,RGB
data/val/vid4_frame_5151.jpg,val,1920,990,1920x990,HD-Ready,JPEG,Unknown,unknown,RGB
data/val/video_3_Good_frame_00000 (58).jpg,val,1920,935,1920x935,HD-Ready,JPEG,Unknown,unknown,RGB
data/val/vid4_frame_5505.jpg,val,1920,990,1920x990,HD-Ready,JPEG,Unknown,unknown,RGB
data/val/video_4.mp4_frame_00192.jpg,val,1920,932,1920x932,HD-Ready,JPEG,Unknown,unknown,RGB
data/val/IMG_ (24).jpg,val,1888,940,1888x940,HD-Ready,JPEG,Unknown,unknown,RGB
data/val/video_11.mp4_frame_00083.jpg,val,1920,900,1920x900,HD-Ready,JPEG,Unknown,unknown,RGB
data/val/video_1.mp4_frame_00007.jpg,val,1920,932,1920x932,HD-Ready,JPEG,Unknown,unknown,RGB
data/val/vid3_frame_0901.jpg,val,1920,990,1920x990,HD-Ready,JPEG,Unknown,unknown,RGB
data/val/video_4.mp4_frame_00221.jpg,val,1920,932,1920x932,HD-Ready,JPEG,Unknown,unknown,RGB
data/val/video_4_good_frame_00000 (36).jpg,val,1920,932,1920x932,HD-Ready,JPEG,Unknown,unknown,RGB
data/val/video_4.mp4_frame_00302.jpg,val,1920,932,1920x932,HD-Ready,JPEG,Unknown,unknown,RGB
data/val/video_2.mp4_frame_00054.jpg,val,1920,932,1920x932,HD-Ready,JPEG,Unknown,unknown,RGB
data/val/video_13_Good_frame_00000 (8).jpg,val,1920,940,1920x940,HD-Ready,JPEG,Unknown,unknown,RGB
data/val/img107.jpg,val,1280,613,1280x613,SD,JPEG,Unknown,unknown,RGB
data/val/video_11.mp4_frame_00124.jpg,val,1920,900,1920x900,HD-Ready,JPEG,Unknown,unknown,RGB
data/val/video_4.mp4_frame_00457.jpg,val,1920,932,1920x932,HD-Ready,JPEG,Unknown,unknown,RGB
data/val/img62.jpg,val,1280,596,1280x596,SD,JPEG,Unknown,unknown,RGB
data/val/vid4_frame_2659.jpg,val,1920,990,1920x990,HD-Ready,JPEG,Unknown,unknown,RGB
data/val/vid3_frame_0746.jpg,val,1920,990,1920x990,HD-Ready,JPEG,Unknown,unknown,RGB
data/val/video_3.mp4_frame_00073.jpg,val,1920,935,1920x935,HD-Ready,JPEG,Unknown,unknown,RGB
data/val/video_1.mp4_frame_00176.jpg,val,1920,932,1920x932,HD-Ready,JPEG,Unknown,unknown,RGB
data/val/vid10.mp4_frame_01639.jpg,val,1920,990,1920x990,HD-Ready,JPEG,Unknown,unknown,RGB
data/val/video_13_Good_frame_00000 (30).jpg,val,1920,940,1920x940,HD-Ready,JPEG,Unknown,unknown,RGB
data/val/video_3_Good_frame_00000 (166).jpg,val,1920,935,1920x935,HD-Ready,JPEG,Unknown,unknown,RGB
data/val/video_11.mp4_frame_00125.jpg,val,1920,900,1920x900,HD-Ready,JPEG,Unknown,unknown,RGB
data/val/video_7.mp4_frame_00196.jpg,val,1920,930,1920x930,HD-Ready,JPEG,Unknown,unknown,RGB
data/val/video_5.mp4_frame_00053.jpg,val,1920,945,1920x945,HD-Ready,JPEG,Unknown,unknown,RGB
data/val/vid6.mp4_frame_02473.jpg,val,1920,930,1920x930,HD-Ready,JPEG,Unknown,unknown,RGB
data/val/video_11.mp4_frame_00117.jpg,val,1920,900,1920x900,HD-Ready,JPEG,Unknown,unknown,RGB
data/val/video_3_Good_frame_00000 (104).jpg,val,1920,935,1920x935,HD-Ready,JPEG,Unknown,unknown,RGB
data/val/vid10.mp4_frame_01239.jpg,val,1920,990,1920x990,HD-Ready,JPEG,Unknown,unknown,RGB
data/val/img28.jpg,val,1280,651,1280x651,SD,JPEG,Unknown,unknown,RGB
data/val/video_7.mp4_frame_00130.jpg,val,1920,930,1920x930,HD-Ready,JPEG,Unknown,unknown,RGB
data/val/video_3.mp4_frame_00119.jpg,val,1920,935,1920x935,HD-Ready,JPEG,Unknown,unknown,RGB
data/val/video_7_good_frame_00000 (213).jpg,val,1920,930,1920x930,HD-Ready,JPEG,Unknown,unknown,RGB
data/val/vid4_frame_2954.jpg,val,1920,990,1920x990,HD-Ready,JPEG,Unknown,unknown,RGB
data/val/video_7.mp4_frame_00050.jpg,val,1920,930,1920x930,HD-Ready,JPEG,Unknown,unknown,RGB
data/val/img233.jpg,val,1919,952,1919x952,HD-Ready,JPEG,Unknown,unknown,RGB
data/val/vid4_frame_5526.jpg,val,1920,990,1920x990,HD-Ready,JPEG,Unknown,unknown,RGB
data/val/video_7.mp4_frame_00295.jpg,val,1920,936,1920x936,HD-Ready,JPEG,Unknown,unknown,RGB
data/val/video_4.mp4_frame_00263.jpg,val,1920,932,1920x932,HD-Ready,JPEG,Unknown,unknown,RGB
data/val/video_1.mp4_frame_00287.jpg,val,1920,932,1920x932,HD-Ready,JPEG,Unknown,unknown,RGB
data/val/video_13_Good_frame_00000 (131).jpg,val,1920,940,1920x940,HD-Ready,JPEG,Unknown,unknown,RGB
data/val/video_4.mp4_frame_00083.jpg,val,1920,932,1920x932,HD-Ready,JPEG,Unknown,unknown,RGB
data/val/vid6.mp4_frame_02603.jpg,val,1920,930,1920x930,HD-Ready,JPEG,Unknown,unknown,RGB
data/val/vid4_frame_3847.jpg,val,1920,990,1920x990,HD-Ready,JPEG,Unknown,unknown,RGB
data/val/video_9.mp4_frame_00481.jpg,val,1920,900,1920x900,HD-Ready,JPEG,Unknown,unknown,RGB
data/val/vid4_frame_3840.jpg,val,1920,990,1920x990,HD-Ready,JPEG,Unknown,unknown,RGB
data/val/vid4_frame_5468.jpg,val,1920,990,1920x990,HD-Ready,JPEG,Unknown,unknown,RGB
data/val/video_1.mp4_frame_00268.jpg,val,1920,932,1920x932,HD-Ready,JPEG,Unknown,unknown,RGB
data/val/vid3_frame_0852.jpg,val,1920,990,1920x990,HD-Ready,JPEG,Unknown,unknown,RGB
data/val/video_4.mp4_frame_00175.jpg,val,1920,932,1920x932,HD-Ready,JPEG,Unknown,unknown,RGB
data/val/img214.jpg,val,1907,960,1907x960,HD-Ready,JPEG,Unknown,unknown,RGB
data/val/vid4_frame_1408.jpg,val,1920,990,1920x990,HD-Ready,JPEG,Unknown,unknown,RGB
data/val/vid4_frame_1600.jpg,val,1920,990,1920x990,HD-Ready,JPEG,Unknown,unknown,RGB
data/test/vid4_frame_5073.jpg,test,1920,990,1920x990,HD-Ready,JPEG,Unknown,unknown,RGB
data/test/vid6.mp4_frame_02585.jpg,test,1920,930,1920x930,HD-Ready,JPEG,Unknown,unknown,RGB
data/test/video_11_good_frame_00034 (50).jpg,test,1920,900,1920x900,HD-Ready,JPEG,Unknown,unknown,RGB
data/test/vid3_frame_0963.jpg,test,1920,990,1920x990,HD-Ready,JPEG,Unknown,unknown,RGB
data/test/vid4_frame_1371.jpg,test,1920,990,1920x990,HD-Ready,JPEG,Unknown,unknown,RGB
data/test/video_13.mp4_frame_00119.jpg,test,1920,940,1920x940,HD-Ready,JPEG,Unknown,unknown,RGB
data/test/img281.png,test,1919,883,1919x883,HD-Ready,PNG,Unknown,unknown,RGBA
data/test/video_1.mp4_frame_00156.jpg,test,1920,932,1920x932,HD-Ready,JPEG,Unknown,unknown,RGB
data/test/vid10.mp4_frame_01189.jpg,test,1920,990,1920x990,HD-Ready,JPEG,Unknown,unknown,RGB
data/test/video_9.mp4_frame_00662.jpg,test,1920,900,1920x900,HD-Ready,JPEG,Unknown,unknown,RGB
data/test/vid1_frame_0248.jpg,test,3840,1879,3840x1879,HD,JPEG,Unknown,unknown,RGB
data/test/video_8.mp4_frame_00004.jpg,test,1920,1080,1920x1080,HD,JPEG,Unknown,unknown,RGB
data/test/vid4_frame_2393.jpg,test,1920,990,1920x990,HD-Ready,JPEG,Unknown,unknown,RGB
data/test/video_5.mp4_frame_00088.jpg,test,1920,945,1920x945,HD-Ready,JPEG,Unknown,unknown,RGB
data/test/video_7.mp4_frame_00136.jpg,test,1920,930,1920x930,HD-Ready,JPEG,Unknown,unknown,RGB
data/test/video_1.mp4_frame_00381.jpg,test,1920,932,1920x932,HD-Ready,JPEG,Unknown,unknown,RGB
data/test/vid4_frame_5530.jpg,test,1920,990,1920x990,HD-Ready,JPEG,Unknown,unknown,RGB
data/test/video_9_goodframe_00000 (4).jpg,test,1920,900,1920x900,HD-Ready,JPEG,Unknown,unknown,RGB
data/test/vid2_frame_0598.jpg,test,1920,1080,1920x1080,HD,JPEG,Unknown,unknown,RGB
data/test/img219.jpg,test,1916,1067,1916x1067,HD-Ready,JPEG,Unknown,unknown,RGB
data/test/video_1.mp4_frame_00386.jpg,test,1920,932,1920x932,HD-Ready,JPEG,Unknown,unknown,RGB
data/test/vid2_frame_0570.jpg,test,1920,1080,1920x1080,HD,JPEG,Unknown,unknown,RGB
data/test/vid1_frame_0297.jpg,test,3840,1879,3840x1879,HD,JPEG,Unknown,unknown,RGB
data/test/vid4_frame_1966.jpg,test,1920,990,1920x990,HD-Ready,JPEG,Unknown,unknown,RGB
data/test/vid1_frame_0207.jpg,test,3840,1879,3840x1879,HD,JPEG,Unknown,unknown,RGB
data/test/video_3_Good_frame_00000 (49).jpg,test,1920,935,1920x935,HD-Ready,JPEG,Unknown,unknown,RGB
data/test/video_7.mp4_frame_00248.jpg,test,1920,936,1920x936,HD-Ready,JPEG,Unknown,unknown,RGB
data/test/video_2.mp4_frame_00183.jpg,test,1920,932,1920x932,HD-Ready,JPEG,Unknown,unknown,RGB
data/test/vid6.mp4_frame_02645.jpg,test,1920,930,1920x930,HD-Ready,JPEG,Unknown,unknown,RGB
data/test/vid10.mp4_frame_00662.jpg,test,1920,990,1920x990,HD-Ready,JPEG,Unknown,unknown,RGB
data/test/video_4.mp4_frame_00203.jpg,test,1920,932,1920x932,HD-Ready,JPEG,Unknown,unknown,RGB
data/test/vid4_frame_2444.jpg,test,1920,990,1920x990,HD-Ready,JPEG,Unknown,unknown,RGB
data/test/video_4.mp4_frame_00276.jpg,test,1920,932,1920x932,HD-Ready,JPEG,Unknown,unknown,RGB
data/test/vid3_frame_1101.jpg,test,1920,990,1920x990,HD-Ready,JPEG,Unknown,unknown,RGB
data/test/vid7.mp4_frame_02808.jpg,test,1920,905,1920x905,HD-Ready,JPEG,Unknown,unknown,RGB
data/test/img32.jpg,test,2102,983,2102x983,HD-Ready,JPEG,Unknown,unknown,RGB
data/test/video_1.mp4_frame_00009.jpg,test,1920,932,1920x932,HD-Ready,JPEG,Unknown,unknown,RGB
data/test/vid4_frame_5096.jpg,test,1920,990,1920x990,HD-Ready,JPEG,Unknown,unknown,RGB
data/test/img41.jpg,test,1280,592,1280x592,SD,JPEG,Unknown,unknown,RGB
data/test/vid10.mp4_frame_02369.jpg,test,1920,990,1920x990,HD-Ready,JPEG,Unknown,unknown,RGB
data/test/video_11.mp4_frame_00072.jpg,test,1920,900,1920x900,HD-Ready,JPEG,Unknown,unknown,RGB
data/test/vid1_frame_0105.jpg,test,3840,1879,3840x1879,HD,JPEG,Unknown,unknown,RGB
data/test/video_2.mp4_frame_00127.jpg,test,1920,932,1920x932,HD-Ready,JPEG,Unknown,unknown,RGB
data/test/video_3.mp4_frame_00152.jpg,test,1920,935,1920x935,HD-Ready,JPEG,Unknown,unknown,RGB
data/test/video_1.mp4_frame_00049.jpg,test,1920,932,1920x932,HD-Ready,JPEG,Unknown,unknown,RGB
data/test/img271.jpg,test,1910,1080,1910x1080,HD-Ready,JPEG,Unknown,unknown,RGB
data/test/video_2.mp4_frame_00089.jpg,test,1920,932,1920x932,HD-Ready,JPEG,Unknown,unknown,RGB
data/test/vid1_frame_0133.jpg,test,3840,1879,3840x1879,HD,JPEG,Unknown,unknown,RGB
data/test/video_4.mp4_frame_00322.jpg,test,1920,932,1920x932,HD-Ready,JPEG,Unknown,unknown,RGB
data/test/video_7.mp4_frame_00268.jpg,test,1920,936,1920x936,HD-Ready,JPEG,Unknown,unknown,RGB
data/test/video_7.mp4_frame_00666.jpg,test,1920,930,1920x930,HD-Ready,JPEG,Unknown,unknown,RGB
data/test/img155.jpg,test,1920,917,1920x917,HD-Ready,JPEG,Unknown,unknown,RGB
data/test/video_2.mp4_frame_00194.jpg,test,1920,932,1920x932,HD-Ready,JPEG,Unknown,unknown,RGB
data/test/video_11.mp4_frame_00061.jpg,test,1920,900,1920x900,HD-Ready,JPEG,Unknown,unknown,RGB
data/test/video_4.mp4_frame_00434.jpg,test,1920,932,1920x932,HD-Ready,JPEG,Unknown,unknown,RGB
data/test/video_2.mp4_frame_00120.jpg,test,1920,932,1920x932,HD-Ready,JPEG,Unknown,unknown,RGB
data/test/video_11.mp4_frame_00157.jpg,test,1920,900,1920x900,HD-Ready,JPEG,Unknown,unknown,RGB
data/test/video_5.mp4_frame_00130.jpg,test,1920,945,1920x945,HD-Ready,JPEG,Unknown,unknown,RGB
data/test/video_7.mp4_frame_00676.jpg,test,1920,930,1920x930,HD-Ready,JPEG,Unknown,unknown,RGB
data/test/vid4_frame_2975.jpg,test,1920,990,1920x990,HD-Ready,JPEG,Unknown,unknown,RGB
data/test/video_4.mp4_frame_00065.jpg,test,1920,932,1920x932,HD-Ready,JPEG,Unknown,unknown,RGB
data/test/vid14.mp4_frame_00497.jpg,test,1920,1080,1920x1080,HD,JPEG,Unknown,unknown,RGB
data/test/vid4_frame_5557.jpg,test,1920,990,1920x990,HD-Ready,JPEG,Unknown,unknown,RGB
data/test/img120.jpeg,test,1600,730,1600x730,HD-Ready,JPEG,Unknown,unknown,RGB
data/test/img61.jpg,test,1280,597,1280x597,SD,JPEG,Unknown,unknown,RGB
data/test/vid4_frame_3816.jpg,test,1920,990,1920x990,HD-Ready,JPEG,Unknown,unknown,RGB
data/test/video_7.mp4_frame_00331.jpg,test,1920,936,1920x936,HD-Ready,JPEG,Unknown,unknown,RGB
data/test/video_4.mp4_frame_00039.jpg,test,1920,932,1920x932,HD-Ready,JPEG,Unknown,unknown,RGB
data/test/vid10.mp4_frame_00082.jpg,test,1920,990,1920x990,HD-Ready,JPEG,Unknown,unknown,RGB
data/test/img94.jpg,test,1280,613,1280x613,SD,JPEG,Unknown,unknown,RGB
data/test/vid4_frame_2475.jpg,test,1920,990,1920x990,HD-Ready,JPEG,Unknown,unknown,RGB
data/test/video_7.mp4_frame_00668.jpg,test,1920,930,1920x930,HD-Ready,JPEG,Unknown,unknown,RGB
data/test/video_13_Good_frame_00000 (110).jpg,test,1920,940,1920x940,HD-Ready,JPEG,Unknown,unknown,RGB
data/test/vid4_frame_3066.jpg,test,1920,990,1920x990,HD-Ready,JPEG,Unknown,unknown,RGB
data/test/video_4.mp4_frame_00037.jpg,test,1920,932,1920x932,HD-Ready,JPEG,Unknown,unknown,RGB
data/test/video_4.mp4_frame_00304.jpg,test,1920,932,1920x932,HD-Ready,JPEG,Unknown,unknown,RGB
data/test/vid3_frame_1009.jpg,test,1920,990,1920x990,HD-Ready,JPEG,Unknown,unknown,RGB
data/test/vid4_frame_5609.jpg,test,1920,990,1920x990,HD-Ready,JPEG,Unknown,unknown,RGB
data/test/video_4.mp4_frame_00705.jpg,test,1920,932,1920x932,HD-Ready,JPEG,Unknown,unknown,RGB
data/test/vid3_frame_1103.jpg,test,1920,990,1920x990,HD-Ready,JPEG,Unknown,unknown,RGB
data/test/video_3_Good_frame_00000 (158).jpg,test,1920,935,1920x935,HD-Ready,JPEG,Unknown,unknown,RGB
data/test/vid4_frame_3989.jpg,test,1920,990,1920x990,HD-Ready,JPEG,Unknown,unknown,RGB
data/test/vid4_frame_3608.jpg,test,1920,990,1920x990,HD-Ready,JPEG,Unknown,unknown,RGB
data/test/video_9.mp4_frame_00616.jpg,test,1920,900,1920x900,HD-Ready,JPEG,Unknown,unknown,RGB
data/test/video_8.mp4_frame_00036.jpg,test,1920,1080,1920x1080,HD,JPEG,Unknown,unknown,RGB
data/test/video_5.mp4_frame_00137.jpg,test,1920,945,1920x945,HD-Ready,JPEG,Unknown,unknown,RGB
data/test/vid10.mp4_frame_01181.jpg,test,1920,990,1920x990,HD-Ready,JPEG,Unknown,unknown,RGB
data/test/vid10.mp4_frame_01638.jpg,test,1920,990,1920x990,HD-Ready,JPEG,Unknown,unknown,RGB
data/test/video_9.mp4_frame_00554.jpg,test,1920,900,1920x900,HD-Ready,JPEG,Unknown,unknown,RGB
data/test/vid15.mp4_frame_00683.jpg,test,1920,908,1920x908,HD-Ready,JPEG,Unknown,unknown,RGB
data/test/vid10.mp4_frame_00705.jpg,test,1920,990,1920x990,HD-Ready,JPEG,Unknown,unknown,RGB
data/test/video_4.mp4_frame_00189.jpg,test,1920,932,1920x932,HD-Ready,JPEG,Unknown,unknown,RGB
data/test/vid4_frame_4918.jpg,test,1920,990,1920x990,HD-Ready,JPEG,Unknown,unknown,RGB
data/test/video_2.mp4_frame_00150.jpg,test,1920,932,1920x932,HD-Ready,JPEG,Unknown,unknown,RGB
data/test/video_4.mp4_frame_00210.jpg,test,1920,932,1920x932,HD-Ready,JPEG,Unknown,unknown,RGB
data/test/img146.jpg,test,1907,928,1907x928,HD-Ready,JPEG,Unknown,unknown,RGB
data/test/video_2.mp4_frame_00012 (2).jpg,test,1920,932,1920x932,HD-Ready,JPEG,Unknown,unknown,RGB
data/test/video_4.mp4_frame_00149.jpg,test,1920,932,1920x932,HD-Ready,JPEG,Unknown,unknown,RGB
data/test/video_3_Good_frame_00000 (199).jpg,test,1920,935,1920x935,HD-Ready,JPEG,Unknown,unknown,RGB
data/test/vid4_frame_5051.jpg,test,1920,990,1920x990,HD-Ready,JPEG,Unknown,unknown,RGB
data/test/video_4.mp4_frame_00424.jpg,test,1920,932,1920x932,HD-Ready,JPEG,Unknown,unknown,RGB
data/test/video_2.mp4_frame_00080.jpg,test,1920,932,1920x932,HD-Ready,JPEG,Unknown,unknown,RGB
data/test/video_7.mp4_frame_00425.jpg,test,1920,930,1920x930,HD-Ready,JPEG,Unknown,unknown,RGB
data/test/vid1_frame_0229.jpg,test,3840,1879,3840x1879,HD,JPEG,Unknown,unknown,RGB
data/test/vid4_frame_4091.jpg,test,1920,990,1920x990,HD-Ready,JPEG,Unknown,unknown,RGB
data/test/video_1.mp4_frame_00050.jpg,test,1920,932,1920x932,HD-Ready,JPEG,Unknown,unknown,RGB
data/test/vid4_frame_2201.jpg,test,1920,990,1920x990,HD-Ready,JPEG,Unknown,unknown,RGB
data/test/IMG_ (2).jpg,test,1915,928,1915x928,HD-Ready,JPEG,Unknown,unknown,RGB
data/test/vid6.mp4_frame_02556.jpg,test,1920,930,1920x930,HD-Ready,JPEG,Unknown,unknown,RGB
data/test/vid14.mp4_frame_00548.jpg,test,1920,990,1920x990,HD-Ready,JPEG,Unknown,unknown,RGB
data/test/video_7.mp4_frame_00233.jpg,test,1920,936,1920x936,HD-Ready,JPEG,Unknown,unknown,RGB
data/test/video_13_Good_frame_00000 (112).jpg,test,1920,940,1920x940,HD-Ready,JPEG,Unknown,unknown,RGB
data/test/vid4_frame_1147.jpg,test,1920,990,1920x990,HD-Ready,JPEG,Unknown,unknown,RGB
data/test/video_2.mp4_frame_00051.jpg,test,1920,932,1920x932,HD-Ready,JPEG,Unknown,unknown,RGB
data/test/IMG_ (37).jpg,test,1932,1080,1932x1080,HD,JPEG,Unknown,unknown,RGB
data/test/vid10.mp4_frame_00598.jpg,test,1920,990,1920x990,HD-Ready,JPEG,Unknown,unknown,RGB
data/test/video_2.mp4_frame_00206.jpg,test,1920,932,1920x932,HD-Ready,JPEG,Unknown,unknown,RGB
data/test/video_3_Good_frame_00000 (50).jpg,test,1920,935,1920x935,HD-Ready,JPEG,Unknown,unknown,RGB
data/test/video_11_good_frame_00034 (32).jpg,test,1920,900,1920x900,HD-Ready,JPEG,Unknown,unknown,RGB
data/test/img154.jpg,test,1907,863,1907x863,HD-Ready,JPEG,Unknown,unknown,RGB
data/test/IMG_ (34).jpg,test,1909,1079,1909x1079,HD-Ready,JPEG,Unknown,unknown,RGB
data/test/video_7.mp4_frame_00017.jpg,test,1920,930,1920x930,HD-Ready,JPEG,Unknown,unknown,RGB
data/test/video_7.mp4_frame_00139.jpg,test,1920,930,1920x930,HD-Ready,JPEG,Unknown,unknown,RGB
data/test/video_11_good_frame_00034 (2).jpg,test,1920,900,1920x900,HD-Ready,JPEG,Unknown,unknown,RGB
data/test/vid4_frame_4979.jpg,test,1920,990,1920x990,HD-Ready,JPEG,Unknown,unknown,RGB
data/test/video_4.mp4_frame_00108.jpg,test,1920,932,1920x932,HD-Ready,JPEG,Unknown,unknown,RGB
data/test/video_7.mp4_frame_00535.jpg,test,1920,930,1920x930,HD-Ready,JPEG,Unknown,unknown,RGB
data/test/vid14.mp4_frame_00516.jpg,test,1920,990,1920x990,HD-Ready,JPEG,Unknown,unknown,RGB
data/test/video_1.mp4_frame_00246.jpg,test,1920,932,1920x932,HD-Ready,JPEG,Unknown,unknown,RGB
data/test/vid4_frame_3213.jpg,test,1920,990,1920x990,HD-Ready,JPEG,Unknown,unknown,RGB
data/test/vid4_frame_2049.jpg,test,1920,990,1920x990,HD-Ready,JPEG,Unknown,unknown,RGB
data/test/vid4_frame_5152.jpg,test,1920,990,1920x990,HD-Ready,JPEG,Unknown,unknown,RGB
data/test/video_4.mp4_frame_00518.jpg,test,1920,932,1920x932,HD-Ready,JPEG,Unknown,unknown,RGB
data/test/video_4.mp4_frame_00218.jpg,test,1920,932,1920x932,HD-Ready,JPEG,Unknown,unknown,RGB
data/test/vid3_frame_1019.jpg,test,1920,990,1920x990,HD-Ready,JPEG,Unknown,unknown,RGB
data/test/vid4_frame_2953.jpg,test,1920,990,1920x990,HD-Ready,JPEG,Unknown,unknown,RGB
data/test/vid4_frame_5235.jpg,test,1920,990,1920x990,HD-Ready,JPEG,Unknown,unknown,RGB
data/test/video_13_Good_frame_00000 (91).jpg,test,1920,940,1920x940,HD-Ready,JPEG,Unknown,unknown,RGB
data/test/video_2.mp4_frame_00227.jpg,test,1920,932,1920x932,HD-Ready,JPEG,Unknown,unknown,RGB
data/test/video_8_good_frame_00000 (135).jpg,test,1920,1080,1920x1080,HD,JPEG,Unknown,unknown,RGB
data/test/video_4.mp4_frame_00163.jpg,test,1920,932,1920x932,HD-Ready,JPEG,Unknown,unknown,RGB
data/test/video_1.mp4_frame_00453.jpg,test,1920,932,1920x932,HD-Ready,JPEG,Unknown,unknown,RGB
data/test/IMG_ (69).jpg,test,1930,1080,1930x1080,HD,JPEG,Unknown,unknown,RGB
data/test/video_3_Good_frame_00000 (4).jpg,test,1920,935,1920x935,HD-Ready,JPEG,Unknown,unknown,RGB
data/test/img3.jpg,test,1600,900,1600x900,HD-Ready,JPEG,Unknown,unknown,RGB
data/test/video_3.mp4_frame_00299.jpg,test,1920,935,1920x935,HD-Ready,JPEG,Unknown,unknown,RGB
data/test/video_3.mp4_frame_00099.jpg,test,1920,935,1920x935,HD-Ready,JPEG,Unknown,unknown,RGB
data/test/vid4_frame_2309.jpg,test,1920,990,1920x990,HD-Ready,JPEG,Unknown,unknown,RGB
data/test/video_2.mp4_frame_00275.jpg,test,1920,932,1920x932,HD-Ready,JPEG,Unknown,unknown,RGB
data/test/vid10.mp4_frame_02196.jpg,test,1920,990,1920x990,HD-Ready,JPEG,Unknown,unknown,RGB
data/test/video_1.mp4_frame_00328.jpg,test,1920,932,1920x932,HD-Ready,JPEG,Unknown,unknown,RGB
data/test/vid4_frame_1907.jpg,test,1920,990,1920x990,HD-Ready,JPEG,Unknown,unknown,RGB
data/test/video_4.mp4_frame_00244.jpg,test,1920,932,1920x932,HD-Ready,JPEG,Unknown,unknown,RGB
data/test/IMG_ (17).jpg,test,1914,738,1914x738,HD-Ready,JPEG,Unknown,unknown,RGB
data/test/video_3.mp4_frame_00303.jpg,test,1920,935,1920x935,HD-Ready,JPEG,Unknown,unknown,RGB
data/test/IMG_ (19).jpg,test,1929,708,1929x708,HD-Ready,JPEG,Unknown,unknown,RGB
data/test/vid3_frame_0667.jpg,test,1920,990,1920x990,HD-Ready,JPEG,Unknown,unknown,RGB
data/test/IMG_ (62).jpg,test,1927,1080,1927x1080,HD,JPEG,Unknown,unknown,RGB
data/test/video_13_Good_frame_00000 (125).jpg,test,1920,940,1920x940,HD-Ready,JPEG,Unknown,unknown,RGB
data/test/IMG_ (117).jpg,test,1922,1078,1922x1078,HD-Ready,JPEG,Unknown,unknown,RGB
data/test/vid1_frame_0226.jpg,test,3840,1879,3840x1879,HD,JPEG,Unknown,unknown,RGB
data/test/video_2.mp4_frame_00020.jpg,test,1920,932,1920x932,HD-Ready,JPEG,Unknown,unknown,RGB
data/test/video_13.mp4_frame_00377.jpg,test,1920,940,1920x940,HD-Ready,JPEG,Unknown,unknown,RGB
data/test/video_13.mp4_frame_00150.jpg,test,1920,940,1920x940,HD-Ready,JPEG,Unknown,unknown,RGB
data/test/video_3.mp4_frame_00172.jpg,test,1920,935,1920x935,HD-Ready,JPEG,Unknown,unknown,RGB
data/test/img87.jpg,test,1280,659,1280x659,SD,JPEG,Unknown,unknown,RGB
data/test/IMG_ (119).jpg,test,1913,1080,1913x1080,HD-Ready,JPEG,Unknown,unknown,RGB
data/test/vid4_frame_5150.jpg,test,1920,990,1920x990,HD-Ready,JPEG,Unknown,unknown,RGB
data/test/video_5.mp4_frame_00183.jpg,test,1920,945,1920x945,HD-Ready,JPEG,Unknown,unknown,RGB
data/test/IMG_ (132).jpg,test,1909,1080,1909x1080,HD-Ready,JPEG,Unknown,unknown,RGB
data/test/video_2.mp4_frame_00072.jpg,test,1920,932,1920x932,HD-Ready,JPEG,Unknown,unknown,RGB
data/test/video_5.mp4_frame_00094.jpg,test,1920,945,1920x945,HD-Ready,JPEG,Unknown,unknown,RGB
data/test/video_3.mp4_frame_00102.jpg,test,1920,935,1920x935,HD-Ready,JPEG,Unknown,unknown,RGB
data/test/IMG_ (123).jpg,test,1908,1080,1908x1080,HD-Ready,JPEG,Unknown,unknown,RGB
data/test/vid4_frame_1250.jpg,test,1920,990,1920x990,HD-Ready,JPEG,Unknown,unknown,RGB
data/test/vid4_frame_4795.jpg,test,1920,990,1920x990,HD-Ready,JPEG,Unknown,unknown,RGB
data/test/vid3_frame_0745.jpg,test,1920,990,1920x990,HD-Ready,JPEG,Unknown,unknown,RGB
data/test/vid1_frame_0211.jpg,test,3840,1879,3840x1879,HD,JPEG,Unknown,unknown,RGB
data/test/video_13.mp4_frame_00229.jpg,test,1920,940,1920x940,HD-Ready,JPEG,Unknown,unknown,RGB
data/test/video_4_good_frame_00000 (30).jpg,test,1920,932,1920x932,HD-Ready,JPEG,Unknown,unknown,RGB
data/test/video_4.mp4_frame_00183.jpg,test,1920,932,1920x932,HD-Ready,JPEG,Unknown,unknown,RGB
data/test/video_2.mp4_frame_00157.jpg,test,1920,932,1920x932,HD-Ready,JPEG,Unknown,unknown,RGB
data/test/video_5.mp4_frame_00063.jpg,test,1920,945,1920x945,HD-Ready,JPEG,Unknown,unknown,RGB
data/test/video_4.mp4_frame_00366.jpg,test,1920,932,1920x932,HD-Ready,JPEG,Unknown,unknown,RGB
data/test/video_1.mp4_frame_00486.jpg,test,1920,932,1920x932,HD-Ready,JPEG,Unknown,unknown,RGB
data/test/vid4_frame_4092.jpg,test,1920,990,1920x990,HD-Ready,JPEG,Unknown,unknown,RGB
data/test/video_11.mp4_frame_00249.jpg,test,1920,900,1920x900,HD-Ready,JPEG,Unknown,unknown,RGB
data/test/vid4_frame_3110.jpg,test,1920,990,1920x990,HD-Ready,JPEG,Unknown,unknown,RGB
data/test/video_1.mp4_frame_00220.jpg,test,1920,932,1920x932,HD-Ready,JPEG,Unknown,unknown,RGB
data/test/img109.jpg,test,1280,611,1280x611,SD,JPEG,Unknown,unknown,RGB
data/test/video_1.mp4_frame_00131.jpg,test,1920,932,1920x932,HD-Ready,JPEG,Unknown,unknown,RGB
data/test/vid1_frame_0334.jpg,test,3840,1879,3840x1879,HD,JPEG,Unknown,unknown,RGB
data/test/IMG_ (124).jpg,test,1919,1080,1919x1080,HD-Ready,JPEG,Unknown,unknown,RGB
data/test/video_1.mp4_frame_00297.jpg,test,1920,932,1920x932,HD-Ready,JPEG,Unknown,unknown,RGB
data/test/vid4_frame_1149.jpg,test,1920,990,1920x990,HD-Ready,JPEG,Unknown,unknown,RGB
data/test/video_13.mp4_frame_00180.jpg,test,1920,940,1920x940,HD-Ready,JPEG,Unknown,unknown,RGB
data/test/video_13.mp4_frame_00225.jpg,test,1920,940,1920x940,HD-Ready,JPEG,Unknown,unknown,RGB
data/test/video_1.mp4_frame_00348.jpg,test,1920,932,1920x932,HD-Ready,JPEG,Unknown,unknown,RGB
data/test/vid2_frame_0392.jpg,test,1920,1080,1920x1080,HD,JPEG,Unknown,unknown,RGB
data/test/vid4_frame_1965.jpg,test,1920,990,1920x990,HD-Ready,JPEG,Unknown,unknown,RGB
data/test/video_7.mp4_frame_00024.jpg,test,1920,930,1920x930,HD-Ready,JPEG,Unknown,unknown,RGB
data/test/vid10.mp4_frame_00115.jpg,test,1920,990,1920x990,HD-Ready,JPEG,Unknown,unknown,RGB
data/test/img175.jpg,test,1912,923,1912x923,HD-Ready,JPEG,Unknown,unknown,RGB
data/test/video_2.mp4_frame_00064.jpg,test,1920,932,1920x932,HD-Ready,JPEG,Unknown,unknown,RGB
data/test/video_4.mp4_frame_00142.jpg,test,1920,932,1920x932,HD-Ready,JPEG,Unknown,unknown,RGB
data/test/img9.jpg,test,1600,1242,1600x1242,HD-Ready,JPEG,Unknown,unknown,RGB
data/test/vid10.mp4_frame_00348.jpg,test,1920,990,1920x990,HD-Ready,JPEG,Unknown,unknown,RGB
data/test/video_2.mp4_frame_00116 (2).jpg,test,1920,932,1920x932,HD-Ready,JPEG,Unknown,unknown,RGB
data/test/video_11.mp4_frame_00163.jpg,test,1920,900,1920x900,HD-Ready,JPEG,Unknown,unknown,RGB
data/test/IMG_ (44).jpg,test,1917,1080,1917x1080,HD-Ready,JPEG,Unknown,unknown,RGB
data/test/vid4_frame_2446.jpg,test,1920,990,1920x990,HD-Ready,JPEG,Unknown,unknown,RGB
data/test/video_11_good_frame_00034 (9).jpg,test,1920,900,1920x900,HD-Ready,JPEG,Unknown,unknown,RGB
data/test/video_7.mp4_frame_00362.jpg,test,1920,936,1920x936,HD-Ready,JPEG,Unknown,unknown,RGB
data/test/vid3_frame_0649.jpg,test,1920,990,1920x990,HD-Ready,JPEG,Unknown,unknown,RGB
data/test/video_9.mp4_frame_00731.jpg,test,1920,900,1920x900,HD-Ready,JPEG,Unknown,unknown,RGB
data/test/vid1_frame_0015.jpg,test,3840,1879,3840x1879,HD,JPEG,Unknown,unknown,RGB
data/test/video_11.mp4_frame_00195.jpg,test,1920,900,1920x900,HD-Ready,JPEG,Unknown,unknown,RGB
data/test/video_9.mp4_frame_00508.jpg,test,1920,900,1920x900,HD-Ready,JPEG,Unknown,unknown,RGB
data/test/video_7.mp4_frame_00339.jpg,test,1920,936,1920x936,HD-Ready,JPEG,Unknown,unknown,RGB
data/test/vid3_frame_0766.jpg,test,1920,990,1920x990,HD-Ready,JPEG,Unknown,unknown,RGB
data/test/vid4_frame_2402.jpg,test,1920,990,1920x990,HD-Ready,JPEG,Unknown,unknown,RGB
data/test/vid10.mp4_frame_01259.jpg,test,1920,990,1920x990,HD-Ready,JPEG,Unknown,unknown,RGB
data/test/vid4_frame_5592.jpg,test,1920,990,1920x990,HD-Ready,JPEG,Unknown,unknown,RGB
data/test/video_5.mp4_frame_00047.jpg,test,1920,945,1920x945,HD-Ready,JPEG,Unknown,unknown,RGB
data/test/video_1.mp4_frame_00322.jpg,test,1920,932,1920x932,HD-Ready,JPEG,Unknown,unknown,RGB
data/test/IMG_ (131).jpg,test,1926,1080,1926x1080,HD,JPEG,Unknown,unknown,RGB
data/test/vid10.mp4_frame_00352.jpg,test,1920,990,1920x990,HD-Ready,JPEG,Unknown,unknown,RGB
data/test/video_4.mp4_frame_00111.jpg,test,1920,932,1920x932,HD-Ready,JPEG,Unknown,unknown,RGB
data/test/video_4.mp4_frame_00147.jpg,test,1920,932,1920x932,HD-Ready,JPEG,Unknown,unknown,RGB
data/test/video_4.mp4_frame_00235.jpg,test,1920,932,1920x932,HD-Ready,JPEG,Unknown,unknown,RGB
data/test/IMG_ (107).jpg,test,1927,1072,1927x1072,HD-Ready,JPEG,Unknown,unknown,RGB
data/test/video_8_good_frame_00000 (70).jpg,test,1920,1080,1920x1080,HD,JPEG,Unknown,unknown,RGB
data/test/video_13.mp4_frame_00088.jpg,test,1920,940,1920x940,HD-Ready,JPEG,Unknown,unknown,RGB
data/test/video_1.mp4_frame_00375.jpg,test,1920,932,1920x932,HD-Ready,JPEG,Unknown,unknown,RGB
data/test/video_11.mp4_frame_00025.jpg,test,1920,900,1920x900,HD-Ready,JPEG,Unknown,unknown,RGB
data/test/vid6.mp4_frame_02695.jpg,test,1920,930,1920x930,HD-Ready,JPEG,Unknown,unknown,RGB
data/test/video_11.mp4_frame_00082.jpg,test,1920,900,1920x900,HD-Ready,JPEG,Unknown,unknown,RGB
data/test/video_4.mp4_frame_00171.jpg,test,1920,932,1920x932,HD-Ready,JPEG,Unknown,unknown,RGB
data/test/vid10.mp4_frame_00313.jpg,test,1920,990,1920x990,HD-Ready,JPEG,Unknown,unknown,RGB
data/test/vid10.mp4_frame_00219.jpg,test,1920,1080,1920x1080,HD,JPEG,Unknown,unknown,RGB
data/test/vid3_frame_0753.jpg,test,1920,990,1920x990,HD-Ready,JPEG,Unknown,unknown,RGB
data/test/video_1.mp4_frame_00352.jpg,test,1920,932,1920x932,HD-Ready,JPEG,Unknown,unknown,RGB
data/test/video_13.mp4_frame_00131.jpg,test,1920,940,1920x940,HD-Ready,JPEG,Unknown,unknown,RGB
data/test/video_7.mp4_frame_00238.jpg,test,1920,936,1920x936,HD-Ready,JPEG,Unknown,unknown,RGB
data/test/vid4_frame_2157.jpg,test,1920,990,1920x990,HD-Ready,JPEG,Unknown,unknown,RGB
data/test/video_13.mp4_frame_00130.jpg,test,1920,940,1920x940,HD-Ready,JPEG,Unknown,unknown,RGB
data/test/video_3.mp4_frame_00065.jpg,test,1920,935,1920x935,HD-Ready,JPEG,Unknown,unknown,RGB
data/test/video_2.mp4_frame_00282.jpg,test,1920,932,1920x932,HD-Ready,JPEG,Unknown,unknown,RGB
data/test/video_5.mp4_frame_00015.jpg,test,1920,945,1920x945,HD-Ready,JPEG,Unknown,unknown,RGB
data/test/vid14.mp4_frame_00531.jpg,test,1920,990,1920x990,HD-Ready,JPEG,Unknown,unknown,RGB
data/test/video_7.mp4_frame_00553.jpg,test,1920,930,1920x930,HD-Ready,JPEG,Unknown,unknown,RGB
data/test/vid4_frame_1163.jpg,test,1920,990,1920x990,HD-Ready,JPEG,Unknown,unknown,RGB
data/test/video_13.mp4_frame_00224.jpg,test,1920,940,1920x940,HD-Ready,JPEG,Unknown,unknown,RGB
data/test/video_4.mp4_frame_00215.jpg,test,1920,932,1920x932,HD-Ready,JPEG,Unknown,unknown,RGB
data/test/vid4_frame_3836.jpg,test,1920,990,1920x990,HD-Ready,JPEG,Unknown,unknown,RGB
data/test/vid4_frame_2005.jpg,test,1920,990,1920x990,HD-Ready,JPEG,Unknown,unknown,RGB
data/test/video_13_Good_frame_00000 (49).jpg,test,1920,940,1920x940,HD-Ready,JPEG,Unknown,unknown,RGB
data/test/video_7.mp4_frame_00387.jpg,test,1920,930,1920x930,HD-Ready,JPEG,Unknown,unknown,RGB
data/test/vid4_frame_5510.jpg,test,1920,990,1920x990,HD-Ready,JPEG,Unknown,unknown,RGB
data/test/img251.jpg,test,1427,1080,1427x1080,HD-Ready,JPEG,Unknown,unknown,RGB
data/test/IMG_ (157).jpg,test,1908,1080,1908x1080,HD-Ready,JPEG,Unknown,unknown,RGB
data/test/vid4_frame_1702.jpg,test,1920,990,1920x990,HD-Ready,JPEG,Unknown,unknown,RGB
data/test/IMG_ (125).jpg,test,1926,1080,1926x1080,HD,JPEG,Unknown,unknown,RGB
data/test/video_3_Good_frame_00000 (96).jpg,test,1920,935,1920x935,HD-Ready,JPEG,Unknown,unknown,RGB
data/test/video_4.mp4_frame_00443.jpg,test,1920,932,1920x932,HD-Ready,JPEG,Unknown,unknown,RGB
data/test/IMG_ (28).jpg,test,1919,1057,1919x1057,HD-Ready,JPEG,Unknown,unknown,RGB
data/test/img141.jpg,test,1896,930,1896x930,HD-Ready,JPEG,Unknown,unknown,RGB
data/test/video_9.mp4_frame_00659.jpg,test,1920,900,1920x900,HD-Ready,JPEG,Unknown,unknown,RGB
data/test/video_3.mp4_frame_00242.jpg,test,1920,935,1920x935,HD-Ready,JPEG,Unknown,unknown,RGB
data/test/vid4_frame_1730.jpg,test,1920,990,1920x990,HD-Ready,JPEG,Unknown,unknown,RGB
data/test/video_2.mp4_frame_00144.jpg,test,1920,932,1920x932,HD-Ready,JPEG,Unknown,unknown,RGB
data/test/video_3.mp4_frame_00237.jpg,test,1920,935,1920x935,HD-Ready,JPEG,Unknown,unknown,RGB
data/test/img201.jpg,test,1915,900,1915x900,HD-Ready,JPEG,Unknown,unknown,RGB
data/test/vid4_frame_5582.jpg,test,1920,990,1920x990,HD-Ready,JPEG,Unknown,unknown,RGB
data/test/IMG_ (144).jpg,test,1907,921,1907x921,HD-Ready,JPEG,Unknown,unknown,RGB
data/test/vid4_frame_1453.jpg,test,1920,990,1920x990,HD-Ready,JPEG,Unknown,unknown,RGB
data/test/vid4_frame_2392.jpg,test,1920,990,1920x990,HD-Ready,JPEG,Unknown,unknown,RGB
data/test/vid10.mp4_frame_02243.jpg,test,1920,990,1920x990,HD-Ready,JPEG,Unknown,unknown,RGB
data/test/video_11.mp4_frame_00231.jpg,test,1920,900,1920x900,HD-Ready,JPEG,Unknown,unknown,RGB
data/test/video_13_Good_frame_00000 (70).jpg,test,1920,940,1920x940,HD-Ready,JPEG,Unknown,unknown,RGB
data/test/video_11.mp4_frame_00134.jpg,test,1920,900,1920x900,HD-Ready,JPEG,Unknown,unknown,RGB
data/test/video_1.mp4_frame_00098.jpg,test,1920,932,1920x932,HD-Ready,JPEG,Unknown,unknown,RGB
data/test/video_9.mp4_frame_00666.jpg,test,1920,900,1920x900,HD-Ready,JPEG,Unknown,unknown,RGB
data/test/video_4.mp4_frame_00227.jpg,test,1920,932,1920x932,HD-Ready,JPEG,Unknown,unknown,RGB
data/test/video_1.mp4_frame_00281.jpg,test,1920,932,1920x932,HD-Ready,JPEG,Unknown,unknown,RGB
data/test/vid4_frame_5131.jpg,test,1920,990,1920x990,HD-Ready,JPEG,Unknown,unknown,RGB
data/test/video_4.mp4_frame_00490.jpg,test,1920,932,1920x932,HD-Ready,JPEG,Unknown,unknown,RGB
data/test/vid3_frame_0983.jpg,test,1920,990,1920x990,HD-Ready,JPEG,Unknown,unknown,RGB
data/test/video_4.mp4_frame_00314.jpg,test,1920,932,1920x932,HD-Ready,JPEG,Unknown,unknown,RGB
data/test/video_5.mp4_frame_00060.jpg,test,1920,945,1920x945,HD-Ready,JPEG,Unknown,unknown,RGB
data/test/video_7.mp4_frame_00032.jpg,test,1920,930,1920x930,HD-Ready,JPEG,Unknown,unknown,RGB
data/test/video_2.mp4_frame_00057.jpg,test,1920,932,1920x932,HD-Ready,JPEG,Unknown,unknown,RGB
data/test/vid4_frame_1134.jpg,test,1920,990,1920x990,HD-Ready,JPEG,Unknown,unknown,RGB
data/test/video_1.mp4_frame_00487.jpg,test,1920,932,1920x932,HD-Ready,JPEG,Unknown,unknown,RGB
data/test/video_3_Good_frame_00000 (167).jpg,test,1920,935,1920x935,HD-Ready,JPEG,Unknown,unknown,RGB
data/test/video_2.mp4_frame_00008.jpg,test,1920,932,1920x932,HD-Ready,JPEG,Unknown,unknown,RGB
data/test/vid4_frame_3106.jpg,test,1920,990,1920x990,HD-Ready,JPEG,Unknown,unknown,RGB
data/test/vid1_frame_0345.jpg,test,3840,1879,3840x1879,HD,JPEG,Unknown,unknown,RGB
data/test/video_2.mp4_frame_00114.jpg,test,1920,932,1920x932,HD-Ready,JPEG,Unknown,unknown,RGB
data/test/video_13.mp4_frame_00140.jpg,test,1920,940,1920x940,HD-Ready,JPEG,Unknown,unknown,RGB
data/test/video_4.mp4_frame_00174.jpg,test,1920,932,1920x932,HD-Ready,JPEG,Unknown,unknown,RGB
data/test/vid10.mp4_frame_02372.jpg,test,1920,990,1920x990,HD-Ready,JPEG,Unknown,unknown,RGB
data/test/vid10.mp4_frame_02324.jpg,test,1920,990,1920x990,HD-Ready,JPEG,Unknown,unknown,RGB
data/test/video_7.mp4_frame_00096.jpg,test,1920,930,1920x930,HD-Ready,JPEG,Unknown,unknown,RGB
data/test/video_2.mp4_frame_00025.jpg,test,1920,932,1920x932,HD-Ready,JPEG,Unknown,unknown,RGB
data/test/video_7.mp4_frame_00056.jpg,test,1920,930,1920x930,HD-Ready,JPEG,Unknown,unknown,RGB
data/test/IMG_ (21).jpg,test,1911,937,1911x937,HD-Ready,JPEG,Unknown,unknown,RGB
data/test/video_13.mp4_frame_00226.jpg,test,1920,940,1920x940,HD-Ready,JPEG,Unknown,unknown,RGB
data/test/video_5.mp4_frame_00074.jpg,test,1920,945,1920x945,HD-Ready,JPEG,Unknown,unknown,RGB
data/test/IMG_ (82).jpg,test,1911,1080,1911x1080,HD-Ready,JPEG,Unknown,unknown,RGB
data/test/video_9.mp4_frame_00501.jpg,test,1920,900,1920x900,HD-Ready,JPEG,Unknown,unknown,RGB
data/test/video_8_good_frame_00000 (25).jpg,test,1920,1080,1920x1080,HD,JPEG,Unknown,unknown,RGB
data/test/vid4_frame_2092.jpg,test,1920,990,1920x990,HD-Ready,JPEG,Unknown,unknown,RGB
data/test/IMG_ (121).jpg,test,1928,1080,1928x1080,HD,JPEG,Unknown,unknown,RGB
data/test/vid4_frame_2075.jpg,test,1920,990,1920x990,HD-Ready,JPEG,Unknown,unknown,RGB
data/test/vid4_frame_5092.jpg,test,1920,990,1920x990,HD-Ready,JPEG,Unknown,unknown,RGB
data/test/video_7.mp4_frame_00427.jpg,test,1920,930,1920x930,HD-Ready,JPEG,Unknown,unknown,RGB
data/test/vid8.mp4_frame_03254.jpg,test,1920,1080,1920x1080,HD,JPEG,Unknown,unknown,RGB
data/test/vid10.mp4_frame_01363.jpg,test,1920,990,1920x990,HD-Ready,JPEG,Unknown,unknown,RGB
data/test/img193.jpg,test,2108,985,2108x985,HD,JPEG,Unknown,unknown,RGB
data/test/video_13.mp4_frame_00240.jpg,test,1920,940,1920x940,HD-Ready,JPEG,Unknown,unknown,RGB
data/test/vid4_frame_5396.jpg,test,1920,990,1920x990,HD-Ready,JPEG,Unknown,unknown,RGB
data/test/video_3_Good_frame_00000 (115).jpg,test,1920,935,1920x935,HD-Ready,JPEG,Unknown,unknown,RGB
data/test/img100.jpg,test,1280,576,1280x576,SD,JPEG,Unknown,unknown,RGB
data/test/video_2.mp4_frame_00018.jpg,test,1920,932,1920x932,HD-Ready,JPEG,Unknown,unknown,RGB
data/test/video_7.mp4_frame_00194.jpg,test,1920,930,1920x930,HD-Ready,JPEG,Unknown,unknown,RGB
data/test/video_2.mp4_frame_00059.jpg,test,1920,932,1920x932,HD-Ready,JPEG,Unknown,unknown,RGB
data/test/vid1_frame_0280.jpg,test,3840,1879,3840x1879,HD,JPEG,Unknown,unknown,RGB
data/test/video_7.mp4_frame_00065.jpg,test,1920,930,1920x930,HD-Ready,JPEG,Unknown,unknown,RGB
data/test/video_1.mp4_frame_00101.jpg,test,1920,932,1920x932,HD-Ready,JPEG,Unknown,unknown,RGB
data/test/video_8_good_frame_00000 (1).jpg,test,1920,1080,1920x1080,HD,JPEG,Unknown,unknown,RGB
data/test/video_9.mp4_frame_00697.jpg,test,1920,900,1920x900,HD-Ready,JPEG,Unknown,unknown,RGB
data/test/video_3_Good_frame_00000 (183).jpg,test,1920,935,1920x935,HD-Ready,JPEG,Unknown,unknown,RGB
data/test/video_7_good_frame_00000 (212).jpg,test,1920,930,1920x930,HD-Ready,JPEG,Unknown,unknown,RGB
data/test/video_4.mp4_frame_00073.jpg,test,1920,932,1920x932,HD-Ready,JPEG,Unknown,unknown,RGB
data/test/vid4_frame_4906.jpg,test,1920,990,1920x990,HD-Ready,JPEG,Unknown,unknown,RGB
data/test/video_3_Good_frame_00000 (66).jpg,test,1920,935,1920x935,HD-Ready,JPEG,Unknown,unknown,RGB
data/test/vid10.mp4_frame_01174.jpg,test,1920,990,1920x990,HD-Ready,JPEG,Unknown,unknown,RGB
data/test/video_13_Good_frame_00000 (124).jpg,test,1920,940,1920x940,HD-Ready,JPEG,Unknown,unknown,RGB
data/test/vid2_frame_0592.jpg,test,1920,1080,1920x1080,HD,JPEG,Unknown,unknown,RGB
data/test/video_7.mp4_frame_00062.jpg,test,1920,930,1920x930,HD-Ready,JPEG,Unknown,unknown,RGB
data/test/video_13.mp4_frame_00317.jpg,test,1920,940,1920x940,HD-Ready,JPEG,Unknown,unknown,RGB
data/test/vid4_frame_2995.jpg,test,1920,990,1920x990,HD-Ready,JPEG,Unknown,unknown,RGB
data/test/video_4_good_frame_00000 (40).jpg,test,1920,932,1920x932,HD-Ready,JPEG,Unknown,unknown,RGB
data/test/video_4_good_frame_00000 (82).jpg,test,1920,932,1920x932,HD-Ready,JPEG,Unknown,unknown,RGB
data/test/img12.jpg,test,1600,1200,1600x1200,HD-Ready,JPEG,Unknown,unknown,RGB
data/test/video_11.mp4_frame_00244.jpg,test,1920,900,1920x900,HD-Ready,JPEG,Unknown,unknown,RGB
data/test/vid1_frame_0230.jpg,test,3840,1879,3840x1879,HD,JPEG,Unknown,unknown,RGB
data/test/video_11.mp4_frame_00118.jpg,test,1920,900,1920x900,HD-Ready,JPEG,Unknown,unknown,RGB
data/test/vid4_frame_4690.jpg,test,1920,990,1920x990,HD-Ready,JPEG,Unknown,unknown,RGB
data/test/video_9_goodframe_00000 (8).jpg,test,1920,900,1920x900,HD-Ready,JPEG,Unknown,unknown,RGB
data/test/video_9.mp4_frame_00620.jpg,test,1920,900,1920x900,HD-Ready,JPEG,Unknown,unknown,RGB
data/test/video_4.mp4_frame_00081.jpg,test,1920,932,1920x932,HD-Ready,JPEG,Unknown,unknown,RGB
data/test/video_7.mp4_frame_00120.jpg,test,1920,930,1920x930,HD-Ready,JPEG,Unknown,unknown,RGB
data/test/vid4_frame_3303.jpg,test,1920,990,1920x990,HD-Ready,JPEG,Unknown,unknown,RGB
data/test/video_7.mp4_frame_00009.jpg,test,1920,930,1920x930,HD-Ready,JPEG,Unknown,unknown,RGB
data/test/video_2.mp4_frame_00049 (2).jpg,test,1920,932,1920x932,HD-Ready,JPEG,Unknown,unknown,RGB
data/test/video_4.mp4_frame_00273.jpg,test,1920,932,1920x932,HD-Ready,JPEG,Unknown,unknown,RGB
data/test/vid10.mp4_frame_01595.jpg,test,1920,990,1920x990,HD-Ready,JPEG,Unknown,unknown,RGB
data/test/video_4_good_frame_00000 (72).jpg,test,1920,932,1920x932,HD-Ready,JPEG,Unknown,unknown,RGB
data/test/video_4.mp4_frame_00266.jpg,test,1920,932,1920x932,HD-Ready,JPEG,Unknown,unknown,RGB
data/test/img163.png,test,1918,876,1918x876,HD-Ready,PNG,Unknown,unknown,RGBA
data/test/video_2.mp4_frame_00134.jpg,test,1920,932,1920x932,HD-Ready,JPEG,Unknown,unknown,RGB
data/test/vid4_frame_2492.jpg,test,1920,990,1920x990,HD-Ready,JPEG,Unknown,unknown,RGB
data/test/video_2.mp4_frame_00012.jpg,test,1920,932,1920x932,HD-Ready,JPEG,Unknown,unknown,RGB
data/test/video_13.mp4_frame_00109.jpg,test,1920,940,1920x940,HD-Ready,JPEG,Unknown,unknown,RGB
data/test/video_3_Good_frame_00000 (101).jpg,test,1920,935,1920x935,HD-Ready,JPEG,Unknown,unknown,RGB
data/test/video_1.mp4_frame_00152.jpg,test,1920,932,1920x932,HD-Ready,JPEG,Unknown,unknown,RGB
data/test/video_1.mp4_frame_00173.jpg,test,1920,932,1920x932,HD-Ready,JPEG,Unknown,unknown,RGB
data/test/IMG_ (142).jpg,test,4095,1968,4095x1968,HD,JPEG,Unknown,unknown,RGB
data/test/video_3_Good_frame_00000 (103).jpg,test,1920,935,1920x935,HD-Ready,JPEG,Unknown,unknown,RGB
data/test/video_1.mp4_frame_00479.jpg,test,1920,932,1920x932,HD-Ready,JPEG,Unknown,unknown,RGB
data/test/video_4.mp4_frame_00267.jpg,test,1920,932,1920x932,HD-Ready,JPEG,Unknown,unknown,RGB
data/test/video_7.mp4_frame_00304.jpg,test,1920,936,1920x936,HD-Ready,JPEG,Unknown,unknown,RGB
data/test/vid1_frame_0255.jpg,test,3840,1879,3840x1879,HD,JPEG,Unknown,unknown,RGB
data/test/video_3_Good_frame_00000 (74).jpg,test,1920,935,1920x935,HD-Ready,JPEG,Unknown,unknown,RGB
data/test/vid1_frame_0188.jpg,test,3840,1879,3840x1879,HD,JPEG,Unknown,unknown,RGB
data/test/vid10.mp4_frame_01276.jpg,test,1920,990,1920x990,HD-Ready,JPEG,Unknown,unknown,RGB
data/test/img74.jpg,test,1280,603,1280x603,SD,JPEG,Unknown,unknown,RGB
data/test/video_7.mp4_frame_00034.jpg,test,1920,930,1920x930,HD-Ready,JPEG,Unknown,unknown,RGB
data/test/vid10.mp4_frame_00042.jpg,test,1920,990,1920x990,HD-Ready,JPEG,Unknown,unknown,RGB
data/test/video_13.mp4_frame_00274.jpg,test,1920,940,1920x940,HD-Ready,JPEG,Unknown,unknown,RGB
data/test/video_13_Good_frame_00000 (132).jpg,test,1920,940,1920x940,HD-Ready,JPEG,Unknown,unknown,RGB
data/test/vid15.mp4_frame_00851.jpg,test,1920,908,1920x908,HD-Ready,JPEG,Unknown,unknown,RGB
data/test/vid4_frame_1320.jpg,test,1920,990,1920x990,HD-Ready,JPEG,Unknown,unknown,RGB
data/test/vid7.mp4_frame_02945.jpg,test,1920,905,1920x905,HD-Ready,JPEG,Unknown,unknown,RGB
data/test/video_1.mp4_frame_00282.jpg,test,1920,932,1920x932,HD-Ready,JPEG,Unknown,unknown,RGB
data/test/video_3.mp4_frame_00164.jpg,test,1920,935,1920x935,HD-Ready,JPEG,Unknown,unknown,RGB
data/test/video_11.mp4_frame_00064.jpg,test,1920,900,1920x900,HD-Ready,JPEG,Unknown,unknown,RGB
data/test/video_3.mp4_frame_00183.jpg,test,1920,935,1920x935,HD-Ready,JPEG,Unknown,unknown,RGB
data/test/video_5.mp4_frame_00172.jpg,test,1920,945,1920x945,HD-Ready,JPEG,Unknown,unknown,RGB
data/test/vid4_frame_2979.jpg,test,1920,990,1920x990,HD-Ready,JPEG,Unknown,unknown,RGB
data/test/video_2.mp4_frame_00056.jpg,test,1920,932,1920x932,HD-Ready,JPEG,Unknown,unknown,RGB
data/test/video_2.mp4_frame_00200.jpg,test,1920,932,1920x932,HD-Ready,JPEG,Unknown,unknown,RGB
data/test/video_5.mp4_frame_00153.jpg,test,1920,945,1920x945,HD-Ready,JPEG,Unknown,unknown,RGB
data/test/vid4_frame_2319.jpg,test,1920,990,1920x990,HD-Ready,JPEG,Unknown,unknown,RGB
data/test/video_9_goodframe_00000 (428).jpg,test,1920,900,1920x900,HD-Ready,JPEG,Unknown,unknown,RGB
data/test/vid4_frame_3072.jpg,test,1920,990,1920x990,HD-Ready,JPEG,Unknown,unknown,RGB
data/test/vid1_frame_0042.jpg,test,3840,1879,3840x1879,HD,JPEG,Unknown,unknown,RGB
data/test/video_11_good_frame_00034 (34).jpg,test,1920,900,1920x900,HD-Ready,JPEG,Unknown,unknown,RGB
data/test/video_4.mp4_frame_00089.jpg,test,1920,932,1920x932,HD-Ready,JPEG,Unknown,unknown,RGB
data/test/video_1.mp4_frame_00245.jpg,test,1920,932,1920x932,HD-Ready,JPEG,Unknown,unknown,RGB
data/test/video_13.mp4_frame_00309.jpg,test,1920,940,1920x940,HD-Ready,JPEG,Unknown,unknown,RGB
data/test/video_4.mp4_frame_00155.jpg,test,1920,932,1920x932,HD-Ready,JPEG,Unknown,unknown,RGB
data/test/vid4_frame_1137.jpg,test,1920,990,1920x990,HD-Ready,JPEG,Unknown,unknown,RGB
data/test/vid4_frame_5162.jpg,test,1920,990,1920x990,HD-Ready,JPEG,Unknown,unknown,RGB
data/test/video_4.mp4_frame_00710.jpg,test,1920,932,1920x932,HD-Ready,JPEG,Unknown,unknown,RGB
data/test/video_2.mp4_frame_00253 (2).jpg,test,1920,932,1920x932,HD-Ready,JPEG,Unknown,unknown,RGB
data/test/vid4_frame_1113.jpg,test,1920,990,1920x990,HD-Ready,JPEG,Unknown,unknown,RGB
data/test/IMG_ (152).jpg,test,1918,1079,1918x1079,HD-Ready,JPEG,Unknown,unknown,RGB
data/test/vid4_frame_3310.jpg,test,1920,990,1920x990,HD-Ready,JPEG,Unknown,unknown,RGB
data/test/video_1.mp4_frame_00298.jpg,test,1920,932,1920x932,HD-Ready,JPEG,Unknown,unknown,RGB
data/test/vid4_frame_5224.jpg,test,1920,990,1920x990,HD-Ready,JPEG,Unknown,unknown,RGB
data/test/video_7.mp4_frame_00410.jpg,test,1920,930,1920x930,HD-Ready,JPEG,Unknown,unknown,RGB
data/test/img254.jpg,test,1442,917,1442x917,HD-Ready,JPEG,Unknown,unknown,RGB
data/test/video_7_good_frame_00000 (218).jpg,test,1920,930,1920x930,HD-Ready,JPEG,Unknown,unknown,RGB
data/test/vid4_frame_1703.jpg,test,1920,990,1920x990,HD-Ready,JPEG,Unknown,unknown,RGB
data/test/IMG_ (114).jpg,test,1932,1080,1932x1080,HD,JPEG,Unknown,unknown,RGB
data/test/video_7.mp4_frame_00159.jpg,test,1920,930,1920x930,HD-Ready,JPEG,Unknown,unknown,RGB
data/test/video_7.mp4_frame_00119.jpg,test,1920,930,1920x930,HD-Ready,JPEG,Unknown,unknown,RGB
data/test/vid4_frame_5406.jpg,test,1920,990,1920x990,HD-Ready,JPEG,Unknown,unknown,RGB
data/test/video_4.mp4_frame_00291.jpg,test,1920,932,1920x932,HD-Ready,JPEG,Unknown,unknown,RGB
data/test/vid4_frame_1325.jpg,test,1920,990,1920x990,HD-Ready,JPEG,Unknown,unknown,RGB
data/test/video_2.mp4_frame_00170.jpg,test,1920,932,1920x932,HD-Ready,JPEG,Unknown,unknown,RGB
data/test/video_4.mp4_frame_00307.jpg,test,1920,932,1920x932,HD-Ready,JPEG,Unknown,unknown,RGB
data/test/video_4.mp4_frame_00077.jpg,test,1920,932,1920x932,HD-Ready,JPEG,Unknown,unknown,RGB
data/test/vid4_frame_3437.jpg,test,1920,990,1920x990,HD-Ready,JPEG,Unknown,unknown,RGB
data/test/video_1.mp4_frame_00138.jpg,test,1920,932,1920x932,HD-Ready,JPEG,Unknown,unknown,RGB
data/test/video_11_good_frame_00034 (8).jpg,test,1920,900,1920x900,HD-Ready,JPEG,Unknown,unknown,RGB
data/test/vid1_frame_0317.jpg,test,3840,1879,3840x1879,HD,JPEG,Unknown,unknown,RGB
data/test/vid4_frame_2241.jpg,test,1920,990,1920x990,HD-Ready,JPEG,Unknown,unknown,RGB
data/test/video_5.mp4_frame_00055.jpg,test,1920,945,1920x945,HD-Ready,JPEG,Unknown,unknown,RGB
data/test/video_2.mp4_frame_00034.jpg,test,1920,932,1920x932,HD-Ready,JPEG,Unknown,unknown,RGB
data/test/vid2_frame_0422.jpg,test,1920,1080,1920x1080,HD,JPEG,Unknown,unknown,RGB
data/test/video_4.mp4_frame_00047.jpg,test,1920,932,1920x932,HD-Ready,JPEG,Unknown,unknown,RGB
data/test/video_3_Good_frame_00000 (184).jpg,test,1920,935,1920x935,HD-Ready,JPEG,Unknown,unknown,RGB
data/test/IMG_ (3).jpg,test,1854,907,1854x907,HD-Ready,JPEG,Unknown,unknown,RGB
data/test/video_4.mp4_frame_00119.jpg,test,1920,932,1920x932,HD-Ready,JPEG,Unknown,unknown,RGB
data/test/video_4.mp4_frame_00286.jpg,test,1920,932,1920x932,HD-Ready,JPEG,Unknown,unknown,RGB
data/test/video_4.mp4_frame_00415.jpg,test,1920,932,1920x932,HD-Ready,JPEG,Unknown,unknown,RGB
data/test/vid4_frame_3304.jpg,test,1920,990,1920x990,HD-Ready,JPEG,Unknown,unknown,RGB
data/test/video_4.mp4_frame_00220.jpg,test,1920,932,1920x932,HD-Ready,JPEG,Unknown,unknown,RGB
data/test/vid3_frame_1099.jpg,test,1920,990,1920x990,HD-Ready,JPEG,Unknown,unknown,RGB
data/test/vid7(2).jpg,test,1920,1080,1920x1080,HD,JPEG,Unknown,unknown,RGB
data/test/video_1.mp4_frame_00064.jpg,test,1920,932,1920x932,HD-Ready,JPEG,Unknown,unknown,RGB
data/test/vid1_frame_0302.jpg,test,3840,1879,3840x1879,HD,JPEG,Unknown,unknown,RGB
data/test/video_1.mp4_frame_00010.jpg,test,1920,932,1920x932,HD-Ready,JPEG,Unknown,unknown,RGB
data/test/video_8_good_frame_00000 (157).jpg,test,1920,1080,1920x1080,HD,JPEG,Unknown,unknown,RGB
data/test/video_4.mp4_frame_00052.jpg,test,1920,932,1920x932,HD-Ready,JPEG,Unknown,unknown,RGB
data/test/video_11.mp4_frame_00243.jpg,test,1920,900,1920x900,HD-Ready,JPEG,Unknown,unknown,RGB
data/test/video_9.mp4_frame_00619.jpg,test,1920,900,1920x900,HD-Ready,JPEG,Unknown,unknown,RGB
data/test/video_9.mp4_frame_00573.jpg,test,1920,900,1920x900,HD-Ready,JPEG,Unknown,unknown,RGB
data/test/vid10.mp4_frame_00633.jpg,test,1920,990,1920x990,HD-Ready,JPEG,Unknown,unknown,RGB
data/test/vid4_frame_1847.jpg,test,1920,990,1920x990,HD-Ready,JPEG,Unknown,unknown,RGB
data/test/IMG_ (60).jpg,test,1914,1080,1914x1080,HD-Ready,JPEG,Unknown,unknown,RGB
data/test/vid4_frame_4340.jpg,test,1920,990,1920x990,HD-Ready,JPEG,Unknown,unknown,RGB
data/test/video_7.mp4_frame_00146.jpg,test,1920,930,1920x930,HD-Ready,JPEG,Unknown,unknown,RGB
data/test/vid4_frame_1615.jpg,test,1920,990,1920x990,HD-Ready,JPEG,Unknown,unknown,RGB
data/test/video_4.mp4_frame_00180.jpg,test,1920,932,1920x932,HD-Ready,JPEG,Unknown,unknown,RGB
data/test/img7.jpg,test,1600,1074,1600x1074,HD-Ready,JPEG,Unknown,unknown,RGB
data/test/IMG_ (22).jpg,test,4096,2027,4096x2027,HD,JPEG,Unknown,unknown,RGB
data/test/video_4.mp4_frame_00429.jpg,test,1920,932,1920x932,HD-Ready,JPEG,Unknown,unknown,RGB
data/test/vid3_frame_0803.jpg,test,1920,990,1920x990,HD-Ready,JPEG,Unknown,unknown,RGB
data/test/video_3.mp4_frame_00076.jpg,test,1920,935,1920x935,HD-Ready,JPEG,Unknown,unknown,RGB
data/test/vid7.mp4_frame_02939.jpg,test,1920,905,1920x905,HD-Ready,JPEG,Unknown,unknown,RGB
data/test/video_3_Good_frame_00000 (25).jpg,test,1920,935,1920x935,HD-Ready,JPEG,Unknown,unknown,RGB
data/test/video_3_Good_frame_00000 (80).jpg,test,1920,935,1920x935,HD-Ready,JPEG,Unknown,unknown,RGB
data/test/video_8.mp4_frame_00059.jpg,test,1920,1080,1920x1080,HD,JPEG,Unknown,unknown,RGB
data/test/vid4_frame_4532.jpg,test,1920,990,1920x990,HD-Ready,JPEG,Unknown,unknown,RGB
data/test/video_2.mp4_frame_00123.jpg,test,1920,932,1920x932,HD-Ready,JPEG,Unknown,unknown,RGB
data/test/IMG_ (57).jpg,test,1923,1080,1923x1080,HD,JPEG,Unknown,unknown,RGB
data/test/video_1.mp4_frame_00129.jpg,test,1920,932,1920x932,HD-Ready,JPEG,Unknown,unknown,RGB
data/test/vid10.mp4_frame_02317.jpg,test,1920,990,1920x990,HD-Ready,JPEG,Unknown,unknown,RGB
data/test/video_2.mp4_frame_00046.jpg,test,1920,932,1920x932,HD-Ready,JPEG,Unknown,unknown,RGB
data/test/video_11_good_frame_00034 (41).jpg,test,1920,900,1920x900,HD-Ready,JPEG,Unknown,unknown,RGB
data/test/video_5.mp4_frame_00058.jpg,test,1920,945,1920x945,HD-Ready,JPEG,Unknown,unknown,RGB
data/test/img52.jpg,test,1280,599,1280x599,SD,JPEG,Unknown,unknown,RGB
data/test/video_7.mp4_frame_00523.jpg,test,1920,930,1920x930,HD-Ready,JPEG,Unknown,unknown,RGB
data/test/vid4_frame_3068.jpg,test,1920,990,1920x990,HD-Ready,JPEG,Unknown,unknown,RGB
data/test/video_3_Good_frame_00000 (151).jpg,test,1920,935,1920x935,HD-Ready,JPEG,Unknown,unknown,RGB
data/test/vid4_frame_5613.jpg,test,1920,990,1920x990,HD-Ready,JPEG,Unknown,unknown,RGB
data/test/video_9.mp4_frame_00459.jpg,test,1920,900,1920x900,HD-Ready,JPEG,Unknown,unknown,RGB
data/test/vid7.mp4_frame_02855.jpg,test,1920,905,1920x905,HD-Ready,JPEG,Unknown,unknown,RGB
data/test/vid10.mp4_frame_00312.jpg,test,1920,990,1920x990,HD-Ready,JPEG,Unknown,unknown,RGB
data/test/video_1.mp4_frame_00142.jpg,test,1920,932,1920x932,HD-Ready,JPEG,Unknown,unknown,RGB
data/test/vid10.mp4_frame_00109.jpg,test,1920,990,1920x990,HD-Ready,JPEG,Unknown,unknown,RGB
data/test/vid10.mp4_frame_00656.jpg,test,1920,990,1920x990,HD-Ready,JPEG,Unknown,unknown,RGB
data/test/vid4_frame_5576.jpg,test,1920,990,1920x990,HD-Ready,JPEG,Unknown,unknown,RGB
data/test/video_7.mp4_frame_00069.jpg,test,1920,930,1920x930,HD-Ready,JPEG,Unknown,unknown,RGB
data/test/vid4_frame_1195.jpg,test,1920,990,1920x990,HD-Ready,JPEG,Unknown,unknown,RGB
data/test/vid1_frame_0216.jpg,test,3840,1879,3840x1879,HD,JPEG,Unknown,unknown,RGB
data/test/vid4_frame_3834.jpg,test,1920,990,1920x990,HD-Ready,JPEG,Unknown,unknown,RGB
data/test/vid4_frame_5598.jpg,test,1920,990,1920x990,HD-Ready,JPEG,Unknown,unknown,RGB
data/test/video_1.mp4_frame_00483.jpg,test,1920,932,1920x932,HD-Ready,JPEG,Unknown,unknown,RGB
data/test/video_4.mp4_frame_00378.jpg,test,1920,932,1920x932,HD-Ready,JPEG,Unknown,unknown,RGB
data/test/vid1_frame_0249.jpg,test,3840,1879,3840x1879,HD,JPEG,Unknown,unknown,RGB
data/test/video_7.mp4_frame_00418.jpg,test,1920,930,1920x930,HD-Ready,JPEG,Unknown,unknown,RGB
data/test/video_7.mp4_frame_00048.jpg,test,1920,930,1920x930,HD-Ready,JPEG,Unknown,unknown,RGB
data/test/img138.jpg,test,1903,934,1903x934,HD-Ready,JPEG,Unknown,unknown,RGB
data/test/video_7.mp4_frame_00554.jpg,test,1920,930,1920x930,HD-Ready,JPEG,Unknown,unknown,RGB
data/test/vid4_frame_3835.jpg,test,1920,990,1920x990,HD-Ready,JPEG,Unknown,unknown,RGB
data/test/video_3.mp4_frame_00251.jpg,test,1920,935,1920x935,HD-Ready,JPEG,Unknown,unknown,RGB
data/test/video_11.mp4_frame_00203.jpg,test,1920,900,1920x900,HD-Ready,JPEG,Unknown,unknown,RGB
data/test/vid4_frame_1342.jpg,test,1920,990,1920x990,HD-Ready,JPEG,Unknown,unknown,RGB
data/test/video_1.mp4_frame_00454.jpg,test,1920,932,1920x932,HD-Ready,JPEG,Unknown,unknown,RGB
data/test/video_2.mp4_frame_00087.jpg,test,1920,932,1920x932,HD-Ready,JPEG,Unknown,unknown,RGB
data/test/video_4.mp4_frame_00413.jpg,test,1920,932,1920x932,HD-Ready,JPEG,Unknown,unknown,RGB
data/test/video_4.mp4_frame_00130.jpg,test,1920,932,1920x932,HD-Ready,JPEG,Unknown,unknown,RGB
data/test/video_4.mp4_frame_00517.jpg,test,1920,932,1920x932,HD-Ready,JPEG,Unknown,unknown,RGB
data/test/vid3_frame_0958.jpg,test,1920,990,1920x990,HD-Ready,JPEG,Unknown,unknown,RGB
data/test/video_2.mp4_frame_00199.jpg,test,1920,932,1920x932,HD-Ready,JPEG,Unknown,unknown,RGB
data/test/img225.jpg,test,1920,1080,1920x1080,HD,JPEG,Unknown,unknown,RGB
data/test/video_3_Good_frame_00000 (14).jpg,test,1920,935,1920x935,HD-Ready,JPEG,Unknown,unknown,RGB
data/test/video_13_Good_frame_00000 (109).jpg,test,1920,940,1920x940,HD-Ready,JPEG,Unknown,unknown,RGB
data/test/vid4_frame_1841.jpg,test,1920,990,1920x990,HD-Ready,JPEG,Unknown,unknown,RGB
data/test/vid4_frame_1277.jpg,test,1920,990,1920x990,HD-Ready,JPEG,Unknown,unknown,RGB
data/test/vid10.mp4_frame_00117.jpg,test,1920,990,1920x990,HD-Ready,JPEG,Unknown,unknown,RGB
data/test/img246.jpg,test,1440,1080,1440x1080,HD-Ready,JPEG,Unknown,unknown,RGB
data/test/img253.jpg,test,1440,932,1440x932,HD-Ready,JPEG,Unknown,unknown,RGB
data/test/video_1.mp4_frame_00478.jpg,test,1920,932,1920x932,HD-Ready,JPEG,Unknown,unknown,RGB
data/test/video_3.mp4_frame_00266.jpg,test,1920,935,1920x935,HD-Ready,JPEG,Unknown,unknown,RGB
data/test/IMG_ (88).jpg,test,1910,1080,1910x1080,HD-Ready,JPEG,Unknown,unknown,RGB
data/test/video_2.mp4_frame_00088.jpg,test,1920,932,1920x932,HD-Ready,JPEG,Unknown,unknown,RGB
data/test/video_5.mp4_frame_00126.jpg,test,1920,945,1920x945,HD-Ready,JPEG,Unknown,unknown,RGB
data/test/video_4.mp4_frame_00251.jpg,test,1920,932,1920x932,HD-Ready,JPEG,Unknown,unknown,RGB
data/test/vid10.mp4_frame_00658.jpg,test,1920,990,1920x990,HD-Ready,JPEG,Unknown,unknown,RGB
data/test/video_5.mp4_frame_00107.jpg,test,1920,945,1920x945,HD-Ready,JPEG,Unknown,unknown,RGB
data/test/vid1_frame_0007.jpg,test,3840,961,3840x961,HD,JPEG,Unknown,unknown,RGB
data/test/vid4_frame_1409.jpg,test,1920,990,1920x990,HD-Ready,JPEG,Unknown,unknown,RGB
data/test/vid4_frame_2245.jpg,test,1920,990,1920x990,HD-Ready,JPEG,Unknown,unknown,RGB
data/test/vid4_frame_3800.jpg,test,1920,990,1920x990,HD-Ready,JPEG,Unknown,unknown,RGB
data/test/video_5.mp4_frame_00132.jpg,test,1920,945,1920x945,HD-Ready,JPEG,Unknown,unknown,RGB
data/test/img22.jpg,test,4032,3024,4032x3024,HD,JPEG,Unknown,unknown,RGB
data/test/vid10.mp4_frame_01361.jpg,test,1920,990,1920x990,HD-Ready,JPEG,Unknown,unknown,RGB
data/test/video_4.mp4_frame_00075.jpg,test,1920,932,1920x932,HD-Ready,JPEG,Unknown,unknown,RGB
